"Mach","Pressure","vtkValidPointMask","arc_length","Points:0","Points:1","Points:2"
0.94252,7.4679e+05,1,0,0,0,0
0.94484,7.4513e+05,1,0.0061618,0.0061618,0,0
0.94716,7.4346e+05,1,0.012324,0.012324,0,0
0.94948,7.4179e+05,1,0.018485,0.018485,0,0
0.9518,7.4013e+05,1,0.024647,0.024647,0,0
0.95412,7.3846e+05,1,0.030809,0.030809,0,0
0.95642,7.3679e+05,1,0.036971,0.036971,0,0
0.95871,7.3513e+05,1,0.043133,0.043133,0,0
0.961,7.3347e+05,1,0.049294,0.049294,0,0
0.96329,7.3181e+05,1,0.055456,0.055456,0,0
0.96558,7.3015e+05,1,0.061618,0.061618,0,0
0.96787,7.2849e+05,1,0.06778,0.06778,0,0
0.97015,7.2683e+05,1,0.073942,0.073942,0,0
0.97244,7.2517e+05,1,0.080103,0.080103,0,0
0.97472,7.2351e+05,1,0.086265,0.086265,0,0
0.97698,7.2187e+05,1,0.092427,0.092427,0,0
0.97923,7.2023e+05,1,0.098589,0.098589,0,0
0.98149,7.1858e+05,1,0.10475,0.10475,0,0
0.98375,7.1694e+05,1,0.11091,0.11091,0,0
0.986,7.153e+05,1,0.11707,0.11707,0,0
0.98826,7.1366e+05,1,0.12324,0.12324,0,0
0.99051,7.1201e+05,1,0.1294,0.1294,0,0
0.99276,7.1037e+05,1,0.13556,0.13556,0,0
0.99499,7.0875e+05,1,0.14172,0.14172,0,0
0.99721,7.0713e+05,1,0.14788,0.14788,0,0
0.99943,7.055e+05,1,0.15405,0.15405,0,0
1.0017,7.0388e+05,1,0.16021,0.16021,0,0
1.0039,7.0225e+05,1,0.16637,0.16637,0,0
1.0061,7.0063e+05,1,0.17253,0.17253,0,0
1.0083,6.99e+05,1,0.17869,0.17869,0,0
1.0105,6.9738e+05,1,0.18485,0.18485,0,0
1.0127,6.9578e+05,1,0.19102,0.19102,0,0
1.0149,6.9418e+05,1,0.19718,0.19718,0,0
1.0171,6.9257e+05,1,0.20334,0.20334,0,0
1.0193,6.9097e+05,1,0.2095,0.2095,0,0
1.0215,6.8937e+05,1,0.21566,0.21566,0,0
1.0236,6.8776e+05,1,0.22182,0.22182,0,0
1.0258,6.8616e+05,1,0.22799,0.22799,0,0
1.028,6.8456e+05,1,0.23415,0.23415,0,0
1.0302,6.8298e+05,1,0.24031,0.24031,0,0
1.0323,6.8141e+05,1,0.24647,0.24647,0,0
1.0345,6.7983e+05,1,0.25263,0.25263,0,0
1.0366,6.7826e+05,1,0.2588,0.2588,0,0
1.0388,6.7668e+05,1,0.26496,0.26496,0,0
1.0409,6.7511e+05,1,0.27112,0.27112,0,0
1.0431,6.7353e+05,1,0.27728,0.27728,0,0
1.0452,6.7196e+05,1,0.28344,0.28344,0,0
1.0474,6.7038e+05,1,0.2896,0.2896,0,0
1.0495,6.6881e+05,1,0.29577,0.29577,0,0
1.0516,6.6723e+05,1,0.30193,0.30193,0,0
1.0538,6.6566e+05,1,0.30809,0.30809,0,0
1.0559,6.6409e+05,1,0.31425,0.31425,0,0
1.058,6.6251e+05,1,0.32041,0.32041,0,0
1.0602,6.6094e+05,1,0.32658,0.32658,0,0
1.0623,6.5936e+05,1,0.33274,0.33274,0,0
1.0644,6.5782e+05,1,0.3389,0.3389,0,0
1.0666,6.5627e+05,1,0.34506,0.34506,0,0
1.0687,6.5473e+05,1,0.35122,0.35122,0,0
1.0708,6.5319e+05,1,0.35738,0.35738,0,0
1.0729,6.5164e+05,1,0.36355,0.36355,0,0
1.075,6.501e+05,1,0.36971,0.36971,0,0
1.0772,6.4856e+05,1,0.37587,0.37587,0,0
1.0793,6.4701e+05,1,0.38203,0.38203,0,0
1.0814,6.4545e+05,1,0.38819,0.38819,0,0
1.0835,6.4388e+05,1,0.39436,0.39436,0,0
1.0857,6.423e+05,1,0.40052,0.40052,0,0
1.0878,6.4073e+05,1,0.40668,0.40668,0,0
1.0899,6.3916e+05,1,0.41284,0.41284,0,0
1.092,6.3759e+05,1,0.419,0.419,0,0
1.0941,6.3602e+05,1,0.42516,0.42516,0,0
1.0963,6.3444e+05,1,0.43133,0.43133,0,0
1.0984,6.3288e+05,1,0.43749,0.43749,0,0
1.1005,6.3132e+05,1,0.44365,0.44365,0,0
1.1027,6.2976e+05,1,0.44981,0.44981,0,0
1.1048,6.282e+05,1,0.45597,0.45597,0,0
1.1069,6.2664e+05,1,0.46213,0.46213,0,0
1.109,6.2508e+05,1,0.4683,0.4683,0,0
1.1112,6.2352e+05,1,0.47446,0.47446,0,0
1.1133,6.2196e+05,1,0.48062,0.48062,0,0
1.1154,6.2042e+05,1,0.48678,0.48678,0,0
1.1176,6.1888e+05,1,0.49294,0.49294,0,0
1.1197,6.1734e+05,1,0.49911,0.49911,0,0
1.1219,6.1581e+05,1,0.50527,0.50527,0,0
1.124,6.1427e+05,1,0.51143,0.51143,0,0
1.1261,6.1273e+05,1,0.51759,0.51759,0,0
1.1283,6.112e+05,1,0.52375,0.52375,0,0
1.1304,6.0966e+05,1,0.52991,0.52991,0,0
1.1326,6.0809e+05,1,0.53608,0.53608,0,0
1.1347,6.065e+05,1,0.54224,0.54224,0,0
1.1369,6.049e+05,1,0.5484,0.5484,0,0
1.139,6.033e+05,1,0.55456,0.55456,0,0
1.1412,6.0171e+05,1,0.56072,0.56072,0,0
1.1433,6.0011e+05,1,0.56689,0.56689,0,0
1.1455,5.9852e+05,1,0.57305,0.57305,0,0
1.1476,5.9692e+05,1,0.57921,0.57921,0,0
1.1498,5.9534e+05,1,0.58537,0.58537,0,0
1.152,5.9379e+05,1,0.59153,0.59153,0,0
1.1542,5.9223e+05,1,0.59769,0.59769,0,0
1.1564,5.9067e+05,1,0.60386,0.60386,0,0
1.1586,5.8912e+05,1,0.61002,0.61002,0,0
1.1608,5.8756e+05,1,0.61618,0.61618,0,0
1.163,5.86e+05,1,0.62234,0.62234,0,0
1.1651,5.8445e+05,1,0.6285,0.6285,0,0
1.1673,5.8286e+05,1,0.63467,0.63467,0,0
1.1696,5.8123e+05,1,0.64083,0.64083,0,0
1.1718,5.796e+05,1,0.64699,0.64699,0,0
1.174,5.7796e+05,1,0.65315,0.65315,0,0
1.1762,5.7633e+05,1,0.65931,0.65931,0,0
1.1784,5.747e+05,1,0.66547,0.66547,0,0
1.1806,5.7307e+05,1,0.67164,0.67164,0,0
1.1828,5.7143e+05,1,0.6778,0.6778,0,0
1.1851,5.6981e+05,1,0.68396,0.68396,0,0
1.1873,5.6824e+05,1,0.69012,0.69012,0,0
1.1896,5.6666e+05,1,0.69628,0.69628,0,0
1.1918,5.6509e+05,1,0.70245,0.70245,0,0
1.1941,5.6351e+05,1,0.70861,0.70861,0,0
1.1963,5.6194e+05,1,0.71477,0.71477,0,0
1.1986,5.6036e+05,1,0.72093,0.72093,0,0
1.2008,5.5878e+05,1,0.72709,0.72709,0,0
1.2031,5.572e+05,1,0.73325,0.73325,0,0
1.2053,5.5555e+05,1,0.73942,0.73942,0,0
1.2076,5.539e+05,1,0.74558,0.74558,0,0
1.2098,5.5225e+05,1,0.75174,0.75174,0,0
1.2121,5.5061e+05,1,0.7579,0.7579,0,0
1.2144,5.4896e+05,1,0.76406,0.76406,0,0
1.2166,5.4731e+05,1,0.77022,0.77022,0,0
1.2189,5.4566e+05,1,0.77639,0.77639,0,0
1.2211,5.4402e+05,1,0.78255,0.78255,0,0
1.2234,5.4246e+05,1,0.78871,0.78871,0,0
1.2257,5.409e+05,1,0.79487,0.79487,0,0
1.2279,5.3935e+05,1,0.80103,0.80103,0,0
1.2302,5.3779e+05,1,0.8072,0.8072,0,0
1.2325,5.3623e+05,1,0.81336,0.81336,0,0
1.2347,5.3467e+05,1,0.81952,0.81952,0,0
1.237,5.3311e+05,1,0.82568,0.82568,0,0
1.2393,5.3155e+05,1,0.83184,0.83184,0,0
1.2415,5.2993e+05,1,0.838,0.838,0,0
1.2437,5.2832e+05,1,0.84417,0.84417,0,0
1.246,5.267e+05,1,0.85033,0.85033,0,0
1.2482,5.2508e+05,1,0.85649,0.85649,0,0
1.2505,5.2346e+05,1,0.86265,0.86265,0,0
1.2527,5.2185e+05,1,0.86881,0.86881,0,0
1.255,5.2023e+05,1,0.87498,0.87498,0,0
1.2572,5.1861e+05,1,0.88114,0.88114,0,0
1.2595,5.1706e+05,1,0.8873,0.8873,0,0
1.2617,5.1552e+05,1,0.89346,0.89346,0,0
1.2639,5.1398e+05,1,0.89962,0.89962,0,0
1.2662,5.1244e+05,1,0.90578,0.90578,0,0
1.2684,5.109e+05,1,0.91195,0.91195,0,0
1.2706,5.0936e+05,1,0.91811,0.91811,0,0
1.2729,5.0782e+05,1,0.92427,0.92427,0,0
1.2751,5.0627e+05,1,0.93043,0.93043,0,0
1.2773,5.0479e+05,1,0.93659,0.93659,0,0
1.2795,5.0331e+05,1,0.94276,0.94276,0,0
1.2817,5.0184e+05,1,0.94892,0.94892,0,0
1.2839,5.0036e+05,1,0.95508,0.95508,0,0
1.2861,4.9889e+05,1,0.96124,0.96124,0,0
1.2883,4.9741e+05,1,0.9674,0.9674,0,0
1.2905,4.9594e+05,1,0.97356,0.97356,0,0
1.2927,4.9446e+05,1,0.97973,0.97973,0,0
1.2949,4.9297e+05,1,0.98589,0.98589,0,0
1.297,4.9146e+05,1,0.99205,0.99205,0,0
1.2991,4.8996e+05,1,0.99821,0.99821,0,0
1.3013,4.8845e+05,1,1.0044,1.0044,0,0
1.3034,4.8695e+05,1,1.0105,1.0105,0,0
1.3056,4.8544e+05,1,1.0167,1.0167,0,0
1.3077,4.8394e+05,1,1.0229,1.0229,0,0
1.3099,4.8244e+05,1,1.029,1.029,0,0
1.312,4.8102e+05,1,1.0352,1.0352,0,0
1.3141,4.7965e+05,1,1.0413,1.0413,0,0
1.3162,4.7828e+05,1,1.0475,1.0475,0,0
1.3183,4.769e+05,1,1.0537,1.0537,0,0
1.3204,4.7553e+05,1,1.0598,1.0598,0,0
1.3225,4.7416e+05,1,1.066,1.066,0,0
1.3246,4.7279e+05,1,1.0722,1.0722,0,0
1.3267,4.7141e+05,1,1.0783,1.0783,0,0
1.3288,4.7001e+05,1,1.0845,1.0845,0,0
1.3309,4.6859e+05,1,1.0906,1.0906,0,0
1.333,4.6716e+05,1,1.0968,1.0968,0,0
1.335,4.6574e+05,1,1.103,1.103,0,0
1.3371,4.6432e+05,1,1.1091,1.1091,0,0
1.3392,4.6289e+05,1,1.1153,1.1153,0,0
1.3413,4.6147e+05,1,1.1214,1.1214,0,0
1.3433,4.6004e+05,1,1.1276,1.1276,0,0
1.3454,4.5866e+05,1,1.1338,1.1338,0,0
1.3474,4.573e+05,1,1.1399,1.1399,0,0
1.3495,4.5595e+05,1,1.1461,1.1461,0,0
1.3515,4.546e+05,1,1.1523,1.1523,0,0
1.3535,4.5325e+05,1,1.1584,1.1584,0,0
1.3556,4.5189e+05,1,1.1646,1.1646,0,0
1.3576,4.5054e+05,1,1.1707,1.1707,0,0
1.3597,4.4919e+05,1,1.1769,1.1769,0,0
1.3617,4.4787e+05,1,1.1831,1.1831,0,0
1.3637,4.4662e+05,1,1.1892,1.1892,0,0
1.3657,4.4536e+05,1,1.1954,1.1954,0,0
1.3677,4.441e+05,1,1.2016,1.2016,0,0
1.3696,4.4284e+05,1,1.2077,1.2077,0,0
1.3716,4.4158e+05,1,1.2139,1.2139,0,0
1.3736,4.4032e+05,1,1.22,1.22,0,0
1.3756,4.3906e+05,1,1.2262,1.2262,0,0
1.3776,4.3779e+05,1,1.2324,1.2324,0,0
1.3796,4.3648e+05,1,1.2385,1.2385,0,0
1.3815,4.3518e+05,1,1.2447,1.2447,0,0
1.3835,4.3387e+05,1,1.2508,1.2508,0,0
1.3854,4.3257e+05,1,1.257,1.257,0,0
1.3874,4.3126e+05,1,1.2632,1.2632,0,0
1.3893,4.2996e+05,1,1.2693,1.2693,0,0
1.3913,4.2865e+05,1,1.2755,1.2755,0,0
1.3932,4.2738e+05,1,1.2817,1.2817,0,0
1.3952,4.262e+05,1,1.2878,1.2878,0,0
1.3971,4.2501e+05,1,1.294,1.294,0,0
1.3991,4.2383e+05,1,1.3001,1.3001,0,0
1.401,4.2264e+05,1,1.3063,1.3063,0,0
1.4029,4.2146e+05,1,1.3125,1.3125,0,0
1.4049,4.2028e+05,1,1.3186,1.3186,0,0
1.4068,4.1909e+05,1,1.3248,1.3248,0,0
1.4087,4.179e+05,1,1.3309,1.3309,0,0
1.4106,4.1665e+05,1,1.3371,1.3371,0,0
1.4125,4.154e+05,1,1.3433,1.3433,0,0
1.4144,4.1416e+05,1,1.3494,1.3494,0,0
1.4163,4.1291e+05,1,1.3556,1.3556,0,0
1.4183,4.1166e+05,1,1.3618,1.3618,0,0
1.4202,4.1041e+05,1,1.3679,1.3679,0,0
1.4221,4.0917e+05,1,1.3741,1.3741,0,0
1.424,4.0793e+05,1,1.3802,1.3802,0,0
1.4259,4.068e+05,1,1.3864,1.3864,0,0
1.4278,4.0567e+05,1,1.3926,1.3926,0,0
1.4297,4.0454e+05,1,1.3987,1.3987,0,0
1.4315,4.0341e+05,1,1.4049,1.4049,0,0
1.4334,4.0228e+05,1,1.4111,1.4111,0,0
1.4353,4.0115e+05,1,1.4172,1.4172,0,0
1.4372,4.0003e+05,1,1.4234,1.4234,0,0
1.4391,3.989e+05,1,1.4295,1.4295,0,0
1.441,3.977e+05,1,1.4357,1.4357,0,0
1.4429,3.965e+05,1,1.4419,1.4419,0,0
1.4447,3.953e+05,1,1.448,1.448,0,0
1.4466,3.941e+05,1,1.4542,1.4542,0,0
1.4485,3.929e+05,1,1.4603,1.4603,0,0
1.4504,3.9171e+05,1,1.4665,1.4665,0,0
1.4522,3.9051e+05,1,1.4727,1.4727,0,0
1.4541,3.8931e+05,1,1.4788,1.4788,0,0
1.456,3.8822e+05,1,1.485,1.485,0,0
1.4578,3.8713e+05,1,1.4912,1.4912,0,0
1.4597,3.8605e+05,1,1.4973,1.4973,0,0
1.4616,3.8497e+05,1,1.5035,1.5035,0,0
1.4635,3.8389e+05,1,1.5096,1.5096,0,0
1.4653,3.828e+05,1,1.5158,1.5158,0,0
1.4672,3.8172e+05,1,1.522,1.522,0,0
1.4691,3.8064e+05,1,1.5281,1.5281,0,0
1.4709,3.795e+05,1,1.5343,1.5343,0,0
1.4728,3.7834e+05,1,1.5404,1.5404,0,0
1.4746,3.7719e+05,1,1.5466,1.5466,0,0
1.4765,3.7603e+05,1,1.5528,1.5528,0,0
1.4783,3.7488e+05,1,1.5589,1.5589,0,0
1.4802,3.7372e+05,1,1.5651,1.5651,0,0
1.482,3.7256e+05,1,1.5713,1.5713,0,0
1.4839,3.7141e+05,1,1.5774,1.5774,0,0
1.4857,3.7034e+05,1,1.5836,1.5836,0,0
1.4876,3.693e+05,1,1.5897,1.5897,0,0
1.4894,3.6826e+05,1,1.5959,1.5959,0,0
1.4913,3.6722e+05,1,1.6021,1.6021,0,0
1.4931,3.6618e+05,1,1.6082,1.6082,0,0
1.495,3.6514e+05,1,1.6144,1.6144,0,0
1.4968,3.641e+05,1,1.6206,1.6206,0,0
1.4987,3.6306e+05,1,1.6267,1.6267,0,0
1.5005,3.6197e+05,1,1.6329,1.6329,0,0
1.5023,3.6085e+05,1,1.639,1.639,0,0
1.5042,3.5974e+05,1,1.6452,1.6452,0,0
1.506,3.5862e+05,1,1.6514,1.6514,0,0
1.5079,3.5751e+05,1,1.6575,1.6575,0,0
1.5097,3.5639e+05,1,1.6637,1.6637,0,0
1.5115,3.5528e+05,1,1.6698,1.6698,0,0
1.5134,3.5416e+05,1,1.676,1.676,0,0
1.5152,3.5311e+05,1,1.6822,1.6822,0,0
1.517,3.5212e+05,1,1.6883,1.6883,0,0
1.5189,3.5112e+05,1,1.6945,1.6945,0,0
1.5207,3.5012e+05,1,1.7007,1.7007,0,0
1.5225,3.4912e+05,1,1.7068,1.7068,0,0
1.5244,3.4812e+05,1,1.713,1.713,0,0
1.5262,3.4712e+05,1,1.7191,1.7191,0,0
1.528,3.4612e+05,1,1.7253,1.7253,0,0
1.5299,3.4508e+05,1,1.7315,1.7315,0,0
1.5317,3.4401e+05,1,1.7376,1.7376,0,0
1.5335,3.4294e+05,1,1.7438,1.7438,0,0
1.5353,3.4186e+05,1,1.75,1.75,0,0
1.5372,3.4079e+05,1,1.7561,1.7561,0,0
1.539,3.3972e+05,1,1.7623,1.7623,0,0
1.5408,3.3864e+05,1,1.7684,1.7684,0,0
1.5426,3.3757e+05,1,1.7746,1.7746,0,0
1.5444,3.3654e+05,1,1.7808,1.7808,0,0
1.5463,3.3559e+05,1,1.7869,1.7869,0,0
1.5481,3.3463e+05,1,1.7931,1.7931,0,0
1.5499,3.3367e+05,1,1.7992,1.7992,0,0
1.5517,3.3272e+05,1,1.8054,1.8054,0,0
1.5535,3.3176e+05,1,1.8116,1.8116,0,0
1.5553,3.308e+05,1,1.8177,1.8177,0,0
1.5572,3.2984e+05,1,1.8239,1.8239,0,0
1.559,3.2887e+05,1,1.8301,1.8301,0,0
1.5608,3.2784e+05,1,1.8362,1.8362,0,0
1.5626,3.2681e+05,1,1.8424,1.8424,0,0
1.5644,3.2578e+05,1,1.8485,1.8485,0,0
1.5662,3.2475e+05,1,1.8547,1.8547,0,0
1.568,3.2372e+05,1,1.8609,1.8609,0,0
1.5698,3.227e+05,1,1.867,1.867,0,0
1.5716,3.2167e+05,1,1.8732,1.8732,0,0
1.5734,3.2067e+05,1,1.8793,1.8793,0,0
1.5752,3.1976e+05,1,1.8855,1.8855,0,0
1.577,3.1885e+05,1,1.8917,1.8917,0,0
1.5787,3.1794e+05,1,1.8978,1.8978,0,0
1.5805,3.1703e+05,1,1.904,1.904,0,0
1.5823,3.1612e+05,1,1.9102,1.9102,0,0
1.5841,3.1521e+05,1,1.9163,1.9163,0,0
1.5859,3.143e+05,1,1.9225,1.9225,0,0
1.5877,3.1338e+05,1,1.9286,1.9286,0,0
1.5895,3.124e+05,1,1.9348,1.9348,0,0
1.5912,3.1143e+05,1,1.941,1.941,0,0
1.593,3.1045e+05,1,1.9471,1.9471,0,0
1.5948,3.0948e+05,1,1.9533,1.9533,0,0
1.5965,3.085e+05,1,1.9595,1.9595,0,0
1.5983,3.0753e+05,1,1.9656,1.9656,0,0
1.6001,3.0656e+05,1,1.9718,1.9718,0,0
1.6018,3.0559e+05,1,1.9779,1.9779,0,0
1.6036,3.0474e+05,1,1.9841,1.9841,0,0
1.6053,3.0388e+05,1,1.9903,1.9903,0,0
1.607,3.0303e+05,1,1.9964,1.9964,0,0
1.6088,3.0218e+05,1,2.0026,2.0026,0,0
1.6105,3.0132e+05,1,2.0087,2.0087,0,0
1.6123,3.0047e+05,1,2.0149,2.0149,0,0
1.614,2.9962e+05,1,2.0211,2.0211,0,0
1.6157,2.9876e+05,1,2.0272,2.0272,0,0
1.6174,2.9786e+05,1,2.0334,2.0334,0,0
1.6191,2.9695e+05,1,2.0396,2.0396,0,0
1.6208,2.9605e+05,1,2.0457,2.0457,0,0
1.6225,2.9514e+05,1,2.0519,2.0519,0,0
1.6242,2.9423e+05,1,2.058,2.058,0,0
1.6259,2.9333e+05,1,2.0642,2.0642,0,0
1.6276,2.9242e+05,1,2.0704,2.0704,0,0
1.6293,2.9151e+05,1,2.0765,2.0765,0,0
1.631,2.9072e+05,1,2.0827,2.0827,0,0
1.6327,2.8993e+05,1,2.0889,2.0889,0,0
1.6343,2.8915e+05,1,2.095,2.095,0,0
1.636,2.8837e+05,1,2.1012,2.1012,0,0
1.6376,2.8759e+05,1,2.1073,2.1073,0,0
1.6393,2.868e+05,1,2.1135,2.1135,0,0
1.6409,2.8602e+05,1,2.1197,2.1197,0,0
1.6426,2.8524e+05,1,2.1258,2.1258,0,0
1.6442,2.8442e+05,1,2.132,2.132,0,0
1.6458,2.836e+05,1,2.1381,2.1381,0,0
1.6474,2.8277e+05,1,2.1443,2.1443,0,0
1.649,2.8195e+05,1,2.1505,2.1505,0,0
1.6506,2.8113e+05,1,2.1566,2.1566,0,0
1.6522,2.803e+05,1,2.1628,2.1628,0,0
1.6538,2.7948e+05,1,2.169,2.169,0,0
1.6554,2.7865e+05,1,2.1751,2.1751,0,0
1.6569,2.7792e+05,1,2.1813,2.1813,0,0
1.6585,2.7722e+05,1,2.1874,2.1874,0,0
1.66,2.7652e+05,1,2.1936,2.1936,0,0
1.6615,2.7581e+05,1,2.1998,2.1998,0,0
1.6631,2.7511e+05,1,2.2059,2.2059,0,0
1.6646,2.7441e+05,1,2.2121,2.2121,0,0
1.6662,2.7371e+05,1,2.2182,2.2182,0,0
1.6677,2.7301e+05,1,2.2244,2.2244,0,0
1.6692,2.7229e+05,1,2.2306,2.2306,0,0
1.6706,2.7156e+05,1,2.2367,2.2367,0,0
1.6721,2.7083e+05,1,2.2429,2.2429,0,0
1.6736,2.701e+05,1,2.2491,2.2491,0,0
1.675,2.6937e+05,1,2.2552,2.2552,0,0
1.6765,2.6864e+05,1,2.2614,2.2614,0,0
1.678,2.6791e+05,1,2.2675,2.2675,0,0
1.6794,2.6718e+05,1,2.2737,2.2737,0,0
1.6808,2.6652e+05,1,2.2799,2.2799,0,0
1.6822,2.659e+05,1,2.286,2.286,0,0
1.6836,2.6529e+05,1,2.2922,2.2922,0,0
1.685,2.6468e+05,1,2.2984,2.2984,0,0
1.6864,2.6407e+05,1,2.3045,2.3045,0,0
1.6878,2.6346e+05,1,2.3107,2.3107,0,0
1.6891,2.6285e+05,1,2.3168,2.3168,0,0
1.6905,2.6223e+05,1,2.323,2.323,0,0
1.6919,2.6162e+05,1,2.3292,2.3292,0,0
1.6932,2.6099e+05,1,2.3353,2.3353,0,0
1.6944,2.6036e+05,1,2.3415,2.3415,0,0
1.6957,2.5974e+05,1,2.3476,2.3476,0,0
1.697,2.5911e+05,1,2.3538,2.3538,0,0
1.6983,2.5849e+05,1,2.36,2.36,0,0
1.6996,2.5786e+05,1,2.3661,2.3661,0,0
1.7009,2.5723e+05,1,2.3723,2.3723,0,0
1.7022,2.5665e+05,1,2.3785,2.3785,0,0
1.7034,2.5614e+05,1,2.3846,2.3846,0,0
1.7046,2.5562e+05,1,2.3908,2.3908,0,0
1.7058,2.5511e+05,1,2.3969,2.3969,0,0
1.707,2.5459e+05,1,2.4031,2.4031,0,0
1.7082,2.5408e+05,1,2.4093,2.4093,0,0
1.7093,2.5357e+05,1,2.4154,2.4154,0,0
1.7105,2.5305e+05,1,2.4216,2.4216,0,0
1.7117,2.5254e+05,1,2.4277,2.4277,0,0
1.7128,2.5202e+05,1,2.4339,2.4339,0,0
1.7139,2.515e+05,1,2.4401,2.4401,0,0
1.715,2.5099e+05,1,2.4462,2.4462,0,0
1.7161,2.5047e+05,1,2.4524,2.4524,0,0
1.7172,2.4996e+05,1,2.4586,2.4586,0,0
1.7183,2.4944e+05,1,2.4647,2.4647,0,0
1.7194,2.4892e+05,1,2.4709,2.4709,0,0
1.7204,2.4843e+05,1,2.477,2.477,0,0
1.7214,2.4802e+05,1,2.4832,2.4832,0,0
1.7224,2.476e+05,1,2.4894,2.4894,0,0
1.7234,2.4719e+05,1,2.4955,2.4955,0,0
1.7244,2.4678e+05,1,2.5017,2.5017,0,0
1.7254,2.4636e+05,1,2.5079,2.5079,0,0
1.7264,2.4595e+05,1,2.514,2.514,0,0
1.7274,2.4554e+05,1,2.5202,2.5202,0,0
1.7284,2.4512e+05,1,2.5263,2.5263,0,0
1.7292,2.4471e+05,1,2.5325,2.5325,0,0
1.7301,2.443e+05,1,2.5387,2.5387,0,0
1.731,2.4389e+05,1,2.5448,2.5448,0,0
1.7319,2.4348e+05,1,2.551,2.551,0,0
1.7328,2.4307e+05,1,2.5571,2.5571,0,0
1.7336,2.4266e+05,1,2.5633,2.5633,0,0
1.7345,2.4225e+05,1,2.5695,2.5695,0,0
1.7354,2.4185e+05,1,2.5756,2.5756,0,0
1.7361,2.4151e+05,1,2.5818,2.5818,0,0
1.7369,2.4118e+05,1,2.588,2.588,0,0
1.7377,2.4085e+05,1,2.5941,2.5941,0,0
1.7384,2.4052e+05,1,2.6003,2.6003,0,0
1.7392,2.4019e+05,1,2.6064,2.6064,0,0
1.7399,2.3986e+05,1,2.6126,2.6126,0,0
1.7407,2.3953e+05,1,2.6188,2.6188,0,0
1.7415,2.392e+05,1,2.6249,2.6249,0,0
1.7421,2.3893e+05,1,2.6311,2.6311,0,0
1.7427,2.3867e+05,1,2.6373,2.6373,0,0
1.7434,2.384e+05,1,2.6434,2.6434,0,0
1.744,2.3813e+05,1,2.6496,2.6496,0,0
1.7447,2.3787e+05,1,2.6557,2.6557,0,0
1.7453,2.376e+05,1,2.6619,2.6619,0,0
1.7459,2.3733e+05,1,2.6681,2.6681,0,0
1.7466,2.3707e+05,1,2.6742,2.6742,0,0
1.7471,2.3684e+05,1,2.6804,2.6804,0,0
1.7476,2.3661e+05,1,2.6865,2.6865,0,0
1.7482,2.3638e+05,1,2.6927,2.6927,0,0
1.7487,2.3616e+05,1,2.6989,2.6989,0,0
1.7492,2.3593e+05,1,2.705,2.705,0,0
1.7498,2.3571e+05,1,2.7112,2.7112,0,0
1.7503,2.3548e+05,1,2.7174,2.7174,0,0
1.7508,2.3526e+05,1,2.7235,2.7235,0,0
1.7513,2.3506e+05,1,2.7297,2.7297,0,0
1.7517,2.3486e+05,1,2.7358,2.7358,0,0
1.7521,2.3466e+05,1,2.742,2.742,0,0
1.7526,2.3446e+05,1,2.7482,2.7482,0,0
1.753,2.3426e+05,1,2.7543,2.7543,0,0
1.7534,2.3407e+05,1,2.7605,2.7605,0,0
1.7539,2.3387e+05,1,2.7666,2.7666,0,0
1.7543,2.3367e+05,1,2.7728,2.7728,0,0
1.7547,2.3351e+05,1,2.779,2.779,0,0
1.755,2.3337e+05,1,2.7851,2.7851,0,0
1.7554,2.3323e+05,1,2.7913,2.7913,0,0
1.7557,2.3308e+05,1,2.7975,2.7975,0,0
1.7561,2.3294e+05,1,2.8036,2.8036,0,0
1.7564,2.328e+05,1,2.8098,2.8098,0,0
1.7567,2.3266e+05,1,2.8159,2.8159,0,0
1.7571,2.3251e+05,1,2.8221,2.8221,0,0
1.7574,2.3239e+05,1,2.8283,2.8283,0,0
1.7576,2.3227e+05,1,2.8344,2.8344,0,0
1.7579,2.3215e+05,1,2.8406,2.8406,0,0
1.7582,2.3203e+05,1,2.8468,2.8468,0,0
1.7585,2.3191e+05,1,2.8529,2.8529,0,0
1.7587,2.318e+05,1,2.8591,2.8591,0,0
1.759,2.3168e+05,1,2.8652,2.8652,0,0
1.7593,2.3156e+05,1,2.8714,2.8714,0,0
1.7595,2.3145e+05,1,2.8776,2.8776,0,0
1.7597,2.3135e+05,1,2.8837,2.8837,0,0
1.7599,2.3125e+05,1,2.8899,2.8899,0,0
1.7601,2.3115e+05,1,2.896,2.896,0,0
1.7603,2.3105e+05,1,2.9022,2.9022,0,0
1.7606,2.3095e+05,1,2.9084,2.9084,0,0
1.7608,2.3085e+05,1,2.9145,2.9145,0,0
1.761,2.3075e+05,1,2.9207,2.9207,0,0
1.7612,2.3066e+05,1,2.9269,2.9269,0,0
1.7613,2.3058e+05,1,2.933,2.933,0,0
1.7615,2.3051e+05,1,2.9392,2.9392,0,0
1.7617,2.3044e+05,1,2.9453,2.9453,0,0
1.7619,2.3036e+05,1,2.9515,2.9515,0,0
1.762,2.3029e+05,1,2.9577,2.9577,0,0
1.7622,2.3022e+05,1,2.9638,2.9638,0,0
1.7624,2.3014e+05,1,2.97,2.97,0,0
1.7625,2.3007e+05,1,2.9761,2.9761,0,0
1.7627,2.3e+05,1,2.9823,2.9823,0,0
1.7628,2.2993e+05,1,2.9885,2.9885,0,0
1.763,2.2985e+05,1,2.9946,2.9946,0,0
1.7631,2.2978e+05,1,3.0008,3.0008,0,0
1.7633,2.2971e+05,1,3.007,3.007,0,0
1.7634,2.2964e+05,1,3.0131,3.0131,0,0
1.7636,2.2956e+05,1,3.0193,3.0193,0,0
1.7637,2.295e+05,1,3.0254,3.0254,0,0
1.7639,2.2943e+05,1,3.0316,3.0316,0,0
1.764,2.2937e+05,1,3.0378,3.0378,0,0
1.7642,2.2931e+05,1,3.0439,3.0439,0,0
1.7643,2.2925e+05,1,3.0501,3.0501,0,0
1.7644,2.2919e+05,1,3.0563,3.0563,0,0
1.7646,2.2913e+05,1,3.0624,3.0624,0,0
1.7647,2.2907e+05,1,3.0686,3.0686,0,0
1.7649,2.29e+05,1,3.0747,3.0747,0,0
1.765,2.2893e+05,1,3.0809,3.0809,0,0
1.7652,2.2886e+05,1,3.0871,3.0871,0,0
1.7653,2.2879e+05,1,3.0932,3.0932,0,0
1.7654,2.2872e+05,1,3.0994,3.0994,0,0
1.7656,2.2865e+05,1,3.1055,3.1055,0,0
1.7657,2.2858e+05,1,3.1117,3.1117,0,0
1.7659,2.285e+05,1,3.1179,3.1179,0,0
1.766,2.2843e+05,1,3.124,3.124,0,0
1.7662,2.2836e+05,1,3.1302,3.1302,0,0
1.7664,2.283e+05,1,3.1364,3.1364,0,0
1.7665,2.2823e+05,1,3.1425,3.1425,0,0
1.7667,2.2816e+05,1,3.1487,3.1487,0,0
1.7668,2.2809e+05,1,3.1548,3.1548,0,0
1.767,2.2802e+05,1,3.161,3.161,0,0
1.7672,2.2796e+05,1,3.1672,3.1672,0,0
1.7673,2.2789e+05,1,3.1733,3.1733,0,0
1.7675,2.278e+05,1,3.1795,3.1795,0,0
1.7677,2.2771e+05,1,3.1857,3.1857,0,0
1.7679,2.2762e+05,1,3.1918,3.1918,0,0
1.7681,2.2754e+05,1,3.198,3.198,0,0
1.7682,2.2745e+05,1,3.2041,3.2041,0,0
1.7684,2.2736e+05,1,3.2103,3.2103,0,0
1.7686,2.2727e+05,1,3.2165,3.2165,0,0
1.7688,2.2719e+05,1,3.2226,3.2226,0,0
1.769,2.271e+05,1,3.2288,3.2288,0,0
1.7692,2.2702e+05,1,3.2349,3.2349,0,0
1.7694,2.2693e+05,1,3.2411,3.2411,0,0
1.7696,2.2684e+05,1,3.2473,3.2473,0,0
1.7698,2.2676e+05,1,3.2534,3.2534,0,0
1.7701,2.2667e+05,1,3.2596,3.2596,0,0
1.7703,2.2659e+05,1,3.2658,3.2658,0,0
1.7705,2.265e+05,1,3.2719,3.2719,0,0
1.7707,2.2639e+05,1,3.2781,3.2781,0,0
1.771,2.2628e+05,1,3.2842,3.2842,0,0
1.7712,2.2617e+05,1,3.2904,3.2904,0,0
1.7714,2.2607e+05,1,3.2966,3.2966,0,0
1.7717,2.2596e+05,1,3.3027,3.3027,0,0
1.7719,2.2585e+05,1,3.3089,3.3089,0,0
1.7721,2.2574e+05,1,3.315,3.315,0,0
1.7724,2.2563e+05,1,3.3212,3.3212,0,0
1.7726,2.2551e+05,1,3.3274,3.3274,0,0
1.7729,2.254e+05,1,3.3335,3.3335,0,0
1.7732,2.2528e+05,1,3.3397,3.3397,0,0
1.7734,2.2516e+05,1,3.3459,3.3459,0,0
1.7737,2.2505e+05,1,3.352,3.352,0,0
1.7739,2.2493e+05,1,3.3582,3.3582,0,0
1.7742,2.2481e+05,1,3.3643,3.3643,0,0
1.7745,2.247e+05,1,3.3705,3.3705,0,0
1.7747,2.2458e+05,1,3.3767,3.3767,0,0
1.775,2.2447e+05,1,3.3828,3.3828,0,0
1.7753,2.2436e+05,1,3.389,3.389,0,0
1.7756,2.2424e+05,1,3.3952,3.3952,0,0
1.7759,2.2413e+05,1,3.4013,3.4013,0,0
1.7762,2.2402e+05,1,3.4075,3.4075,0,0
1.7765,2.239e+05,1,3.4136,3.4136,0,0
1.7768,2.2379e+05,1,3.4198,3.4198,0,0
1.7771,2.2366e+05,1,3.426,3.426,0,0
1.7774,2.2352e+05,1,3.4321,3.4321,0,0
1.7777,2.2338e+05,1,3.4383,3.4383,0,0
1.778,2.2325e+05,1,3.4444,3.4444,0,0
1.7783,2.2311e+05,1,3.4506,3.4506,0,0
1.7786,2.2297e+05,1,3.4568,3.4568,0,0
1.7789,2.2283e+05,1,3.4629,3.4629,0,0
1.7792,2.227e+05,1,3.4691,3.4691,0,0
1.7795,2.2256e+05,1,3.4753,3.4753,0,0
1.7798,2.2244e+05,1,3.4814,3.4814,0,0
1.7802,2.2231e+05,1,3.4876,3.4876,0,0
1.7805,2.2218e+05,1,3.4937,3.4937,0,0
1.7808,2.2206e+05,1,3.4999,3.4999,0,0
1.7811,2.2193e+05,1,3.5061,3.5061,0,0
1.7815,2.218e+05,1,3.5122,3.5122,0,0
1.7818,2.2167e+05,1,3.5184,3.5184,0,0
1.7821,2.2154e+05,1,3.5245,3.5245,0,0
1.7825,2.2139e+05,1,3.5307,3.5307,0,0
1.7828,2.2124e+05,1,3.5369,3.5369,0,0
1.7831,2.2109e+05,1,3.543,3.543,0,0
1.7835,2.2095e+05,1,3.5492,3.5492,0,0
1.7838,2.208e+05,1,3.5554,3.5554,0,0
1.7841,2.2065e+05,1,3.5615,3.5615,0,0
1.7845,2.205e+05,1,3.5677,3.5677,0,0
1.7848,2.2036e+05,1,3.5738,3.5738,0,0
1.7852,2.2023e+05,1,3.58,3.58,0,0
1.7855,2.2009e+05,1,3.5862,3.5862,0,0
1.7859,2.1996e+05,1,3.5923,3.5923,0,0
1.7862,2.1983e+05,1,3.5985,3.5985,0,0
1.7865,2.197e+05,1,3.6047,3.6047,0,0
1.7869,2.1956e+05,1,3.6108,3.6108,0,0
1.7872,2.1943e+05,1,3.617,3.617,0,0
1.7876,2.1929e+05,1,3.6231,3.6231,0,0
1.7879,2.1915e+05,1,3.6293,3.6293,0,0
1.7883,2.19e+05,1,3.6355,3.6355,0,0
1.7886,2.1885e+05,1,3.6416,3.6416,0,0
1.789,2.187e+05,1,3.6478,3.6478,0,0
1.7893,2.1855e+05,1,3.6539,3.6539,0,0
1.7897,2.184e+05,1,3.6601,3.6601,0,0
1.79,2.1825e+05,1,3.6663,3.6663,0,0
1.7904,2.181e+05,1,3.6724,3.6724,0,0
1.7907,2.1797e+05,1,3.6786,3.6786,0,0
1.791,2.1783e+05,1,3.6848,3.6848,0,0
1.7914,2.1769e+05,1,3.6909,3.6909,0,0
1.7917,2.1755e+05,1,3.6971,3.6971,0,0
1.7921,2.1741e+05,1,3.7032,3.7032,0,0
1.7924,2.1727e+05,1,3.7094,3.7094,0,0
1.7928,2.1713e+05,1,3.7156,3.7156,0,0
1.7931,2.1699e+05,1,3.7217,3.7217,0,0
1.7934,2.1687e+05,1,3.7279,3.7279,0,0
1.7937,2.1674e+05,1,3.7341,3.7341,0,0
1.7941,2.1662e+05,1,3.7402,3.7402,0,0
1.7944,2.165e+05,1,3.7464,3.7464,0,0
1.7947,2.1637e+05,1,3.7525,3.7525,0,0
1.795,2.1625e+05,1,3.7587,3.7587,0,0
1.7954,2.1612e+05,1,3.7649,3.7649,0,0
1.7957,2.16e+05,1,3.771,3.771,0,0
1.796,2.1587e+05,1,3.7772,3.7772,0,0
1.7963,2.1574e+05,1,3.7833,3.7833,0,0
1.7966,2.156e+05,1,3.7895,3.7895,0,0
1.7969,2.1547e+05,1,3.7957,3.7957,0,0
1.7972,2.1534e+05,1,3.8018,3.8018,0,0
1.7976,2.1521e+05,1,3.808,3.808,0,0
1.7979,2.1508e+05,1,3.8142,3.8142,0,0
1.7982,2.1495e+05,1,3.8203,3.8203,0,0
1.7985,2.1483e+05,1,3.8265,3.8265,0,0
1.7988,2.1472e+05,1,3.8326,3.8326,0,0
1.7991,2.1461e+05,1,3.8388,3.8388,0,0
1.7994,2.145e+05,1,3.845,3.845,0,0
1.7997,2.1439e+05,1,3.8511,3.8511,0,0
1.7999,2.1428e+05,1,3.8573,3.8573,0,0
1.8002,2.1416e+05,1,3.8634,3.8634,0,0
1.8005,2.1405e+05,1,3.8696,3.8696,0,0
1.8008,2.1395e+05,1,3.8758,3.8758,0,0
1.8011,2.1384e+05,1,3.8819,3.8819,0,0
1.8014,2.1373e+05,1,3.8881,3.8881,0,0
1.8016,2.1362e+05,1,3.8943,3.8943,0,0
1.8019,2.1352e+05,1,3.9004,3.9004,0,0
1.8022,2.1341e+05,1,3.9066,3.9066,0,0
1.8025,2.133e+05,1,3.9127,3.9127,0,0
1.8027,2.132e+05,1,3.9189,3.9189,0,0
1.803,2.1309e+05,1,3.9251,3.9251,0,0
1.8032,2.1298e+05,1,3.9312,3.9312,0,0
1.8035,2.1288e+05,1,3.9374,3.9374,0,0
1.8037,2.1277e+05,1,3.9436,3.9436,0,0
1.804,2.1267e+05,1,3.9497,3.9497,0,0
1.8043,2.1256e+05,1,3.9559,3.9559,0,0
1.8045,2.1245e+05,1,3.962,3.962,0,0
1.8048,2.1235e+05,1,3.9682,3.9682,0,0
1.805,2.1226e+05,1,3.9744,3.9744,0,0
1.8052,2.1217e+05,1,3.9805,3.9805,0,0
1.8054,2.1209e+05,1,3.9867,3.9867,0,0
1.8057,2.12e+05,1,3.9928,3.9928,0,0
1.8059,2.1192e+05,1,3.999,3.999,0,0
1.8061,2.1183e+05,1,4.0052,4.0052,0,0
1.8064,2.1175e+05,1,4.0113,4.0113,0,0
1.8066,2.1166e+05,1,4.0175,4.0175,0,0
1.8068,2.1157e+05,1,4.0237,4.0237,0,0
1.807,2.1149e+05,1,4.0298,4.0298,0,0
1.8072,2.114e+05,1,4.036,4.036,0,0
1.8074,2.1132e+05,1,4.0421,4.0421,0,0
1.8076,2.1123e+05,1,4.0483,4.0483,0,0
1.8078,2.1114e+05,1,4.0545,4.0545,0,0
1.808,2.1106e+05,1,4.0606,4.0606,0,0
1.8082,2.1097e+05,1,4.0668,4.0668,0,0
1.8084,2.1089e+05,1,4.0729,4.0729,0,0
1.8086,2.1083e+05,1,4.0791,4.0791,0,0
1.8088,2.1076e+05,1,4.0853,4.0853,0,0
1.809,2.1069e+05,1,4.0914,4.0914,0,0
1.8092,2.1062e+05,1,4.0976,4.0976,0,0
1.8093,2.1055e+05,1,4.1038,4.1038,0,0
1.8095,2.1048e+05,1,4.1099,4.1099,0,0
1.8097,2.1042e+05,1,4.1161,4.1161,0,0
1.8099,2.1035e+05,1,4.1222,4.1222,0,0
1.81,2.1028e+05,1,4.1284,4.1284,0,0
1.8102,2.1021e+05,1,4.1346,4.1346,0,0
1.8104,2.1014e+05,1,4.1407,4.1407,0,0
1.8105,2.1008e+05,1,4.1469,4.1469,0,0
1.8107,2.1001e+05,1,4.1531,4.1531,0,0
1.8109,2.0994e+05,1,4.1592,4.1592,0,0
1.811,2.0987e+05,1,4.1654,4.1654,0,0
1.8112,2.0981e+05,1,4.1715,4.1715,0,0
1.8113,2.0976e+05,1,4.1777,4.1777,0,0
1.8115,2.097e+05,1,4.1839,4.1839,0,0
1.8116,2.0965e+05,1,4.19,4.19,0,0
1.8117,2.096e+05,1,4.1962,4.1962,0,0
1.8119,2.0955e+05,1,4.2023,4.2023,0,0
1.812,2.0949e+05,1,4.2085,4.2085,0,0
1.8122,2.0944e+05,1,4.2147,4.2147,0,0
1.8123,2.0939e+05,1,4.2208,4.2208,0,0
1.8124,2.0933e+05,1,4.227,4.227,0,0
1.8125,2.0928e+05,1,4.2332,4.2332,0,0
1.8127,2.0923e+05,1,4.2393,4.2393,0,0
1.8128,2.0918e+05,1,4.2455,4.2455,0,0
1.8129,2.0912e+05,1,4.2516,4.2516,0,0
1.813,2.0907e+05,1,4.2578,4.2578,0,0
1.8132,2.0902e+05,1,4.264,4.264,0,0
1.8133,2.0897e+05,1,4.2701,4.2701,0,0
1.8134,2.0893e+05,1,4.2763,4.2763,0,0
1.8135,2.0889e+05,1,4.2825,4.2825,0,0
1.8136,2.0884e+05,1,4.2886,4.2886,0,0
1.8137,2.088e+05,1,4.2948,4.2948,0,0
1.8138,2.0876e+05,1,4.3009,4.3009,0,0
1.8139,2.0872e+05,1,4.3071,4.3071,0,0
1.8141,2.0868e+05,1,4.3133,4.3133,0,0
1.8142,2.0864e+05,1,4.3194,4.3194,0,0
1.8143,2.086e+05,1,4.3256,4.3256,0,0
1.8144,2.0855e+05,1,4.3317,4.3317,0,0
1.8145,2.0851e+05,1,4.3379,4.3379,0,0
1.8146,2.0847e+05,1,4.3441,4.3441,0,0
1.8146,2.0843e+05,1,4.3502,4.3502,0,0
1.8147,2.0839e+05,1,4.3564,4.3564,0,0
1.8148,2.0835e+05,1,4.3626,4.3626,0,0
1.8149,2.083e+05,1,4.3687,4.3687,0,0
1.815,2.0827e+05,1,4.3749,4.3749,0,0
1.8151,2.0824e+05,1,4.381,4.381,0,0
1.8152,2.082e+05,1,4.3872,4.3872,0,0
1.8153,2.0817e+05,1,4.3934,4.3934,0,0
1.8154,2.0813e+05,1,4.3995,4.3995,0,0
1.8155,2.081e+05,1,4.4057,4.4057,0,0
1.8156,2.0807e+05,1,4.4118,4.4118,0,0
1.8157,2.0803e+05,1,4.418,4.418,0,0
1.8157,2.08e+05,1,4.4242,4.4242,0,0
1.8158,2.0796e+05,1,4.4303,4.4303,0,0
1.8159,2.0792e+05,1,4.4365,4.4365,0,0
1.816,2.0789e+05,1,4.4427,4.4427,0,0
1.8161,2.0785e+05,1,4.4488,4.4488,0,0
1.8162,2.0781e+05,1,4.455,4.455,0,0
1.8162,2.0778e+05,1,4.4611,4.4611,0,0
1.8163,2.0774e+05,1,4.4673,4.4673,0,0
1.8164,2.0771e+05,1,4.4735,4.4735,0,0
1.8165,2.0768e+05,1,4.4796,4.4796,0,0
1.8166,2.0765e+05,1,4.4858,4.4858,0,0
1.8167,2.0761e+05,1,4.492,4.492,0,0
1.8167,2.0758e+05,1,4.4981,4.4981,0,0
1.8168,2.0755e+05,1,4.5043,4.5043,0,0
1.8169,2.0752e+05,1,4.5104,4.5104,0,0
1.817,2.0749e+05,1,4.5166,4.5166,0,0
1.8171,2.0745e+05,1,4.5228,4.5228,0,0
1.8171,2.0742e+05,1,4.5289,4.5289,0,0
1.8172,2.0738e+05,1,4.5351,4.5351,0,0
1.8173,2.0735e+05,1,4.5412,4.5412,0,0
1.8174,2.0731e+05,1,4.5474,4.5474,0,0
1.8175,2.0727e+05,1,4.5536,4.5536,0,0
1.8176,2.0724e+05,1,4.5597,4.5597,0,0
1.8176,2.072e+05,1,4.5659,4.5659,0,0
1.8177,2.0717e+05,1,4.5721,4.5721,0,0
1.8178,2.0714e+05,1,4.5782,4.5782,0,0
1.8179,2.071e+05,1,4.5844,4.5844,0,0
1.818,2.0707e+05,1,4.5905,4.5905,0,0
1.8181,2.0704e+05,1,4.5967,4.5967,0,0
1.8182,2.0701e+05,1,4.6029,4.6029,0,0
1.8183,2.0698e+05,1,4.609,4.609,0,0
1.8183,2.0694e+05,1,4.6152,4.6152,0,0
1.8184,2.0691e+05,1,4.6213,4.6213,0,0
1.8185,2.0687e+05,1,4.6275,4.6275,0,0
1.8186,2.0683e+05,1,4.6337,4.6337,0,0
1.8187,2.0679e+05,1,4.6398,4.6398,0,0
1.8188,2.0675e+05,1,4.646,4.646,0,0
1.8189,2.0671e+05,1,4.6522,4.6522,0,0
1.819,2.0667e+05,1,4.6583,4.6583,0,0
1.8191,2.0664e+05,1,4.6645,4.6645,0,0
1.8191,2.066e+05,1,4.6706,4.6706,0,0
1.8192,2.0656e+05,1,4.6768,4.6768,0,0
1.8193,2.0652e+05,1,4.683,4.683,0,0
1.8194,2.0648e+05,1,4.6891,4.6891,0,0
1.8195,2.0644e+05,1,4.6953,4.6953,0,0
1.8196,2.064e+05,1,4.7015,4.7015,0,0
1.8197,2.0636e+05,1,4.7076,4.7076,0,0
1.8198,2.0632e+05,1,4.7138,4.7138,0,0
1.8199,2.0629e+05,1,4.7199,4.7199,0,0
1.82,2.0625e+05,1,4.7261,4.7261,0,0
1.8201,2.0621e+05,1,4.7323,4.7323,0,0
1.8202,2.0617e+05,1,4.7384,4.7384,0,0
1.8203,2.0614e+05,1,4.7446,4.7446,0,0
1.8204,2.061e+05,1,4.7507,4.7507,0,0
1.8205,2.0606e+05,1,4.7569,4.7569,0,0
1.8206,2.0602e+05,1,4.7631,4.7631,0,0
1.8207,2.0598e+05,1,4.7692,4.7692,0,0
1.8208,2.0594e+05,1,4.7754,4.7754,0,0
1.8209,2.059e+05,1,4.7816,4.7816,0,0
1.821,2.0586e+05,1,4.7877,4.7877,0,0
1.8211,2.0582e+05,1,4.7939,4.7939,0,0
1.8212,2.0578e+05,1,4.8,4.8,0,0
1.8213,2.0575e+05,1,4.8062,4.8062,0,0
1.8214,2.0571e+05,1,4.8124,4.8124,0,0
1.8215,2.0566e+05,1,4.8185,4.8185,0,0
1.8216,2.0562e+05,1,4.8247,4.8247,0,0
1.8217,2.0557e+05,1,4.8309,4.8309,0,0
1.8218,2.0553e+05,1,4.837,4.837,0,0
1.8219,2.0548e+05,1,4.8432,4.8432,0,0
1.822,2.0544e+05,1,4.8493,4.8493,0,0
1.8222,2.0539e+05,1,4.8555,4.8555,0,0
1.8223,2.0535e+05,1,4.8617,4.8617,0,0
1.8224,2.053e+05,1,4.8678,4.8678,0,0
1.8225,2.0526e+05,1,4.874,4.874,0,0
1.8226,2.0522e+05,1,4.8801,4.8801,0,0
1.8227,2.0518e+05,1,4.8863,4.8863,0,0
1.8228,2.0514e+05,1,4.8925,4.8925,0,0
1.8229,2.051e+05,1,4.8986,4.8986,0,0
1.823,2.0506e+05,1,4.9048,4.9048,0,0
1.8231,2.0502e+05,1,4.911,4.911,0,0
1.8232,2.0498e+05,1,4.9171,4.9171,0,0
1.8234,2.0493e+05,1,4.9233,4.9233,0,0
1.8235,2.0489e+05,1,4.9294,4.9294,0,0
1.8236,2.0484e+05,1,4.9356,4.9356,0,0
1.8237,2.048e+05,1,4.9418,4.9418,0,0
1.8238,2.0475e+05,1,4.9479,4.9479,0,0
1.8239,2.047e+05,1,4.9541,4.9541,0,0
1.824,2.0466e+05,1,4.9602,4.9602,0,0
1.8241,2.0461e+05,1,4.9664,4.9664,0,0
1.8242,2.0457e+05,1,4.9726,4.9726,0,0
1.8244,2.0452e+05,1,4.9787,4.9787,0,0
1.8245,2.0448e+05,1,4.9849,4.9849,0,0
1.8246,2.0443e+05,1,4.9911,4.9911,0,0
1.8247,2.0439e+05,1,4.9972,4.9972,0,0
1.8248,2.0434e+05,1,5.0034,5.0034,0,0
1.8249,2.043e+05,1,5.0095,5.0095,0,0
1.825,2.0425e+05,1,5.0157,5.0157,0,0
1.8251,2.0421e+05,1,5.0219,5.0219,0,0
1.8252,2.0417e+05,1,5.028,5.028,0,0
1.8253,2.0413e+05,1,5.0342,5.0342,0,0
1.8255,2.0409e+05,1,5.0404,5.0404,0,0
1.8256,2.0405e+05,1,5.0465,5.0465,0,0
1.8257,2.0401e+05,1,5.0527,5.0527,0,0
1.8258,2.0397e+05,1,5.0588,5.0588,0,0
1.8259,2.0393e+05,1,5.065,5.065,0,0
1.826,2.0389e+05,1,5.0712,5.0712,0,0
1.8261,2.0384e+05,1,5.0773,5.0773,0,0
1.8262,2.038e+05,1,5.0835,5.0835,0,0
1.8263,2.0375e+05,1,5.0896,5.0896,0,0
1.8264,2.0371e+05,1,5.0958,5.0958,0,0
1.8266,2.0366e+05,1,5.102,5.102,0,0
1.8267,2.0362e+05,1,5.1081,5.1081,0,0
1.8268,2.0357e+05,1,5.1143,5.1143,0,0
1.8269,2.0353e+05,1,5.1205,5.1205,0,0
1.827,2.0349e+05,1,5.1266,5.1266,0,0
1.8271,2.0345e+05,1,5.1328,5.1328,0,0
1.8272,2.0341e+05,1,5.1389,5.1389,0,0
1.8273,2.0338e+05,1,5.1451,5.1451,0,0
1.8274,2.0334e+05,1,5.1513,5.1513,0,0
1.8275,2.033e+05,1,5.1574,5.1574,0,0
1.8276,2.0326e+05,1,5.1636,5.1636,0,0
1.8277,2.0322e+05,1,5.1698,5.1698,0,0
1.8278,2.0317e+05,1,5.1759,5.1759,0,0
1.8279,2.0313e+05,1,5.1821,5.1821,0,0
1.828,2.0309e+05,1,5.1882,5.1882,0,0
1.8281,2.0305e+05,1,5.1944,5.1944,0,0
1.8282,2.03e+05,1,5.2006,5.2006,0,0
1.8283,2.0296e+05,1,5.2067,5.2067,0,0
1.8284,2.0292e+05,1,5.2129,5.2129,0,0
1.8286,2.0288e+05,1,5.219,5.219,0,0
1.8287,2.0284e+05,1,5.2252,5.2252,0,0
1.8288,2.028e+05,1,5.2314,5.2314,0,0
1.8289,2.0277e+05,1,5.2375,5.2375,0,0
1.829,2.0273e+05,1,5.2437,5.2437,0,0
1.8291,2.0269e+05,1,5.2499,5.2499,0,0
1.8292,2.0266e+05,1,5.256,5.256,0,0
1.8293,2.0262e+05,1,5.2622,5.2622,0,0
1.8294,2.0258e+05,1,5.2683,5.2683,0,0
1.8295,2.0254e+05,1,5.2745,5.2745,0,0
1.8296,2.025e+05,1,5.2807,5.2807,0,0
1.8297,2.0246e+05,1,5.2868,5.2868,0,0
1.8298,2.0242e+05,1,5.293,5.293,0,0
1.8299,2.0237e+05,1,5.2991,5.2991,0,0
1.83,2.0233e+05,1,5.3053,5.3053,0,0
1.8301,2.0229e+05,1,5.3115,5.3115,0,0
1.8301,2.0225e+05,1,5.3176,5.3176,0,0
1.8302,2.0221e+05,1,5.3238,5.3238,0,0
1.8303,2.0218e+05,1,5.33,5.33,0,0
1.8304,2.0214e+05,1,5.3361,5.3361,0,0
1.8305,2.021e+05,1,5.3423,5.3423,0,0
1.8306,2.0206e+05,1,5.3484,5.3484,0,0
1.8307,2.0202e+05,1,5.3546,5.3546,0,0
1.8308,2.0199e+05,1,5.3608,5.3608,0,0
1.8309,2.0195e+05,1,5.3669,5.3669,0,0
1.831,2.0192e+05,1,5.3731,5.3731,0,0
1.8311,2.0188e+05,1,5.3793,5.3793,0,0
1.8312,2.0185e+05,1,5.3854,5.3854,0,0
1.8313,2.0181e+05,1,5.3916,5.3916,0,0
1.8314,2.0178e+05,1,5.3977,5.3977,0,0
1.8315,2.0175e+05,1,5.4039,5.4039,0,0
1.8316,2.0171e+05,1,5.4101,5.4101,0,0
1.8317,2.0168e+05,1,5.4162,5.4162,0,0
1.8318,2.0164e+05,1,5.4224,5.4224,0,0
1.8318,2.016e+05,1,5.4285,5.4285,0,0
1.8319,2.0156e+05,1,5.4347,5.4347,0,0
1.832,2.0152e+05,1,5.4409,5.4409,0,0
1.8321,2.0149e+05,1,5.447,5.447,0,0
1.8322,2.0145e+05,1,5.4532,5.4532,0,0
1.8323,2.0141e+05,1,5.4594,5.4594,0,0
1.8324,2.0137e+05,1,5.4655,5.4655,0,0
1.8325,2.0134e+05,1,5.4717,5.4717,0,0
1.8326,2.013e+05,1,5.4778,5.4778,0,0
1.8327,2.0127e+05,1,5.484,5.484,0,0
1.8328,2.0123e+05,1,5.4902,5.4902,0,0
1.8329,2.012e+05,1,5.4963,5.4963,0,0
1.833,2.0116e+05,1,5.5025,5.5025,0,0
1.833,2.0113e+05,1,5.5086,5.5086,0,0
1.8331,2.0109e+05,1,5.5148,5.5148,0,0
1.8332,2.0106e+05,1,5.521,5.521,0,0
1.8333,2.0102e+05,1,5.5271,5.5271,0,0
1.8334,2.0099e+05,1,5.5333,5.5333,0,0
1.8335,2.0095e+05,1,5.5395,5.5395,0,0
1.8336,2.0092e+05,1,5.5456,5.5456,0,0
1.8337,2.0089e+05,1,5.5518,5.5518,0,0
1.8338,2.0085e+05,1,5.5579,5.5579,0,0
1.8339,2.0082e+05,1,5.5641,5.5641,0,0
1.834,2.0078e+05,1,5.5703,5.5703,0,0
1.834,2.0074e+05,1,5.5764,5.5764,0,0
1.8341,2.0071e+05,1,5.5826,5.5826,0,0
1.8342,2.0067e+05,1,5.5888,5.5888,0,0
1.8343,2.0063e+05,1,5.5949,5.5949,0,0
1.8344,2.0059e+05,1,5.6011,5.6011,0,0
1.8345,2.0055e+05,1,5.6072,5.6072,0,0
1.8346,2.0052e+05,1,5.6134,5.6134,0,0
1.8347,2.0048e+05,1,5.6196,5.6196,0,0
1.8348,2.0045e+05,1,5.6257,5.6257,0,0
1.8349,2.0042e+05,1,5.6319,5.6319,0,0
1.8349,2.0038e+05,1,5.638,5.638,0,0
1.835,2.0035e+05,1,5.6442,5.6442,0,0
1.8351,2.0032e+05,1,5.6504,5.6504,0,0
1.8352,2.0029e+05,1,5.6565,5.6565,0,0
1.8353,2.0025e+05,1,5.6627,5.6627,0,0
1.8354,2.0022e+05,1,5.6689,5.6689,0,0
1.8355,2.0018e+05,1,5.675,5.675,0,0
1.8356,2.0014e+05,1,5.6812,5.6812,0,0
1.8357,2.001e+05,1,5.6873,5.6873,0,0
1.8358,2.0007e+05,1,5.6935,5.6935,0,0
1.8359,2.0003e+05,1,5.6997,5.6997,0,0
1.8359,1.9999e+05,1,5.7058,5.7058,0,0
1.836,1.9995e+05,1,5.712,5.712,0,0
1.8361,1.9992e+05,1,5.7182,5.7182,0,0
1.8362,1.9988e+05,1,5.7243,5.7243,0,0
1.8363,1.9985e+05,1,5.7305,5.7305,0,0
1.8364,1.9981e+05,1,5.7366,5.7366,0,0
1.8365,1.9977e+05,1,5.7428,5.7428,0,0
1.8366,1.9974e+05,1,5.749,5.749,0,0
1.8367,1.997e+05,1,5.7551,5.7551,0,0
1.8368,1.9967e+05,1,5.7613,5.7613,0,0
1.8369,1.9963e+05,1,5.7674,5.7674,0,0
1.837,1.996e+05,1,5.7736,5.7736,0,0
1.837,1.9956e+05,1,5.7798,5.7798,0,0
1.8371,1.9953e+05,1,5.7859,5.7859,0,0
1.8372,1.995e+05,1,5.7921,5.7921,0,0
1.8373,1.9946e+05,1,5.7983,5.7983,0,0
1.8374,1.9943e+05,1,5.8044,5.8044,0,0
1.8375,1.9939e+05,1,5.8106,5.8106,0,0
1.8376,1.9936e+05,1,5.8167,5.8167,0,0
1.8377,1.9932e+05,1,5.8229,5.8229,0,0
1.8378,1.9928e+05,1,5.8291,5.8291,0,0
1.8379,1.9924e+05,1,5.8352,5.8352,0,0
1.838,1.9921e+05,1,5.8414,5.8414,0,0
1.8381,1.9917e+05,1,5.8475,5.8475,0,0
1.8381,1.9913e+05,1,5.8537,5.8537,0,0
1.8382,1.9909e+05,1,5.8599,5.8599,0,0
1.8383,1.9906e+05,1,5.866,5.866,0,0
1.8384,1.9902e+05,1,5.8722,5.8722,0,0
1.8385,1.9899e+05,1,5.8784,5.8784,0,0
1.8386,1.9896e+05,1,5.8845,5.8845,0,0
1.8387,1.9892e+05,1,5.8907,5.8907,0,0
1.8388,1.9889e+05,1,5.8968,5.8968,0,0
1.8389,1.9886e+05,1,5.903,5.903,0,0
1.839,1.9882e+05,1,5.9092,5.9092,0,0
1.8391,1.9879e+05,1,5.9153,5.9153,0,0
1.8392,1.9875e+05,1,5.9215,5.9215,0,0
1.8393,1.9871e+05,1,5.9277,5.9277,0,0
1.8393,1.9867e+05,1,5.9338,5.9338,0,0
1.8394,1.9863e+05,1,5.94,5.94,0,0
1.8395,1.9859e+05,1,5.9461,5.9461,0,0
1.8396,1.9856e+05,1,5.9523,5.9523,0,0
1.8397,1.9852e+05,1,5.9585,5.9585,0,0
1.8398,1.9848e+05,1,5.9646,5.9646,0,0
1.8399,1.9845e+05,1,5.9708,5.9708,0,0
1.84,1.9841e+05,1,5.9769,5.9769,0,0
1.8401,1.9838e+05,1,5.9831,5.9831,0,0
1.8402,1.9834e+05,1,5.9893,5.9893,0,0
1.8403,1.9831e+05,1,5.9954,5.9954,0,0
1.8404,1.9828e+05,1,6.0016,6.0016,0,0
1.8405,1.9824e+05,1,6.0078,6.0078,0,0
1.8406,1.9821e+05,1,6.0139,6.0139,0,0
1.8407,1.9817e+05,1,6.0201,6.0201,0,0
1.8407,1.9813e+05,1,6.0262,6.0262,0,0
1.8408,1.9809e+05,1,6.0324,6.0324,0,0
1.8409,1.9805e+05,1,6.0386,6.0386,0,0
1.841,1.9801e+05,1,6.0447,6.0447,0,0
1.8411,1.9797e+05,1,6.0509,6.0509,0,0
1.8412,1.9793e+05,1,6.057,6.057,0,0
1.8413,1.9789e+05,1,6.0632,6.0632,0,0
1.8414,1.9786e+05,1,6.0694,6.0694,0,0
1.8415,1.9782e+05,1,6.0755,6.0755,0,0
1.8416,1.9779e+05,1,6.0817,6.0817,0,0
1.8417,1.9775e+05,1,6.0879,6.0879,0,0
1.8418,1.9771e+05,1,6.094,6.094,0,0
1.8419,1.9768e+05,1,6.1002,6.1002,0,0
1.842,1.9764e+05,1,6.1063,6.1063,0,0
1.8421,1.9761e+05,1,6.1125,6.1125,0,0
1.8422,1.9757e+05,1,6.1187,6.1187,0,0
1.8423,1.9753e+05,1,6.1248,6.1248,0,0
1.8424,1.9749e+05,1,6.131,6.131,0,0
1.8425,1.9745e+05,1,6.1372,6.1372,0,0
1.8426,1.9741e+05,1,6.1433,6.1433,0,0
1.8427,1.9737e+05,1,6.1495,6.1495,0,0
1.8428,1.9733e+05,1,6.1556,6.1556,0,0
1.8429,1.9729e+05,1,6.1618,6.1618,0,0
