"Density","Mach","Pressure","Temperature","vtkValidPointMask","arc_length","Points:0","Points:1","Points:2"
202.89,1.7,1.4999e+06,569.84,1,0,0,0.4,0
202.89,1.7,1.4999e+06,569.84,1,0.001,0.001,0.4,0
202.89,1.7,1.4999e+06,569.84,1,0.002,0.002,0.4,0
202.89,1.7,1.4999e+06,569.84,1,0.003,0.003,0.4,0
202.89,1.7,1.4999e+06,569.84,1,0.004,0.004,0.4,0
202.89,1.7,1.4999e+06,569.84,1,0.005,0.005,0.4,0
202.89,1.7,1.4999e+06,569.84,1,0.006,0.006,0.4,0
202.89,1.7,1.4999e+06,569.84,1,0.007,0.007,0.4,0
202.89,1.7,1.4999e+06,569.84,1,0.008,0.008,0.4,0
202.89,1.7,1.4999e+06,569.84,1,0.009,0.009,0.4,0
202.89,1.7,1.4999e+06,569.84,1,0.01,0.01,0.4,0
202.89,1.7,1.4999e+06,569.84,1,0.011,0.011,0.4,0
202.89,1.7,1.4999e+06,569.84,1,0.012,0.012,0.4,0
202.89,1.7,1.4999e+06,569.84,1,0.013,0.013,0.4,0
202.89,1.7,1.4999e+06,569.84,1,0.014,0.014,0.4,0
202.89,1.7,1.4999e+06,569.84,1,0.015,0.015,0.4,0
202.89,1.7,1.4999e+06,569.84,1,0.016,0.016,0.4,0
202.89,1.7,1.4999e+06,569.84,1,0.017,0.017,0.4,0
202.89,1.7,1.4999e+06,569.84,1,0.018,0.018,0.4,0
202.89,1.7,1.4999e+06,569.84,1,0.019,0.019,0.4,0
202.89,1.7,1.4999e+06,569.84,1,0.02,0.02,0.4,0
202.89,1.7,1.4999e+06,569.84,1,0.021,0.021,0.4,0
202.89,1.7,1.4999e+06,569.84,1,0.022,0.022,0.4,0
202.89,1.7,1.4999e+06,569.84,1,0.023,0.023,0.4,0
202.89,1.7,1.4999e+06,569.84,1,0.024,0.024,0.4,0
202.89,1.7,1.4999e+06,569.84,1,0.025,0.025,0.4,0
202.89,1.7,1.4999e+06,569.84,1,0.026,0.026,0.4,0
202.89,1.7,1.4999e+06,569.84,1,0.027,0.027,0.4,0
202.89,1.7,1.4999e+06,569.84,1,0.028,0.028,0.4,0
202.89,1.7,1.4999e+06,569.84,1,0.029,0.029,0.4,0
202.89,1.7,1.4999e+06,569.84,1,0.03,0.03,0.4,0
202.89,1.7,1.4999e+06,569.84,1,0.031,0.031,0.4,0
202.89,1.7,1.4999e+06,569.84,1,0.032,0.032,0.4,0
202.89,1.7,1.4999e+06,569.84,1,0.033,0.033,0.4,0
202.89,1.7,1.4999e+06,569.84,1,0.034,0.034,0.4,0
202.89,1.7,1.4999e+06,569.84,1,0.035,0.035,0.4,0
202.89,1.7,1.4999e+06,569.84,1,0.036,0.036,0.4,0
202.89,1.7,1.4999e+06,569.84,1,0.037,0.037,0.4,0
202.89,1.7,1.4999e+06,569.84,1,0.038,0.038,0.4,0
202.89,1.7,1.4999e+06,569.84,1,0.039,0.039,0.4,0
202.89,1.7,1.4999e+06,569.84,1,0.04,0.04,0.4,0
202.89,1.7,1.4999e+06,569.84,1,0.041,0.041,0.4,0
202.89,1.7,1.4999e+06,569.84,1,0.042,0.042,0.4,0
202.89,1.7,1.4999e+06,569.84,1,0.043,0.043,0.4,0
202.89,1.7,1.4999e+06,569.84,1,0.044,0.044,0.4,0
202.89,1.7,1.4999e+06,569.84,1,0.045,0.045,0.4,0
202.89,1.7,1.4999e+06,569.84,1,0.046,0.046,0.4,0
202.89,1.7,1.4999e+06,569.84,1,0.047,0.047,0.4,0
202.89,1.7,1.4999e+06,569.84,1,0.048,0.048,0.4,0
202.89,1.7,1.4999e+06,569.84,1,0.049,0.049,0.4,0
202.89,1.7,1.4999e+06,569.84,1,0.05,0.05,0.4,0
202.89,1.7,1.4999e+06,569.84,1,0.051,0.051,0.4,0
202.89,1.7,1.4999e+06,569.84,1,0.052,0.052,0.4,0
202.89,1.7,1.4999e+06,569.84,1,0.053,0.053,0.4,0
202.89,1.7,1.4999e+06,569.84,1,0.054,0.054,0.4,0
202.89,1.7,1.4999e+06,569.84,1,0.055,0.055,0.4,0
202.89,1.7,1.4999e+06,569.84,1,0.056,0.056,0.4,0
202.89,1.7,1.4999e+06,569.84,1,0.057,0.057,0.4,0
202.89,1.7,1.4999e+06,569.84,1,0.058,0.058,0.4,0
202.89,1.7,1.4999e+06,569.84,1,0.059,0.059,0.4,0
202.89,1.7,1.4999e+06,569.84,1,0.06,0.06,0.4,0
202.89,1.7,1.4999e+06,569.84,1,0.061,0.061,0.4,0
202.89,1.7,1.4999e+06,569.84,1,0.062,0.062,0.4,0
202.89,1.7,1.4999e+06,569.84,1,0.063,0.063,0.4,0
202.89,1.7,1.4999e+06,569.84,1,0.064,0.064,0.4,0
202.89,1.7,1.4999e+06,569.84,1,0.065,0.065,0.4,0
202.89,1.7,1.4999e+06,569.84,1,0.066,0.066,0.4,0
202.89,1.7,1.4999e+06,569.84,1,0.067,0.067,0.4,0
202.89,1.7,1.4999e+06,569.84,1,0.068,0.068,0.4,0
202.89,1.7,1.4999e+06,569.84,1,0.069,0.069,0.4,0
202.89,1.7,1.4999e+06,569.84,1,0.07,0.07,0.4,0
202.89,1.7,1.4999e+06,569.84,1,0.071,0.071,0.4,0
202.89,1.7,1.4999e+06,569.84,1,0.072,0.072,0.4,0
202.89,1.7,1.4999e+06,569.84,1,0.073,0.073,0.4,0
202.89,1.7,1.4999e+06,569.84,1,0.074,0.074,0.4,0
202.89,1.7,1.4999e+06,569.84,1,0.075,0.075,0.4,0
202.89,1.7,1.4999e+06,569.84,1,0.076,0.076,0.4,0
202.89,1.7,1.4999e+06,569.84,1,0.077,0.077,0.4,0
202.89,1.7,1.4999e+06,569.84,1,0.078,0.078,0.4,0
202.89,1.7,1.4999e+06,569.84,1,0.079,0.079,0.4,0
202.89,1.7,1.4999e+06,569.84,1,0.08,0.08,0.4,0
202.89,1.7,1.4999e+06,569.84,1,0.081,0.081,0.4,0
202.89,1.7,1.4999e+06,569.84,1,0.082,0.082,0.4,0
202.89,1.7,1.4999e+06,569.84,1,0.083,0.083,0.4,0
202.89,1.7,1.4999e+06,569.84,1,0.084,0.084,0.4,0
202.89,1.7,1.4999e+06,569.84,1,0.085,0.085,0.4,0
202.89,1.7,1.4999e+06,569.84,1,0.086,0.086,0.4,0
202.89,1.7,1.4999e+06,569.84,1,0.087,0.087,0.4,0
202.89,1.7,1.4999e+06,569.84,1,0.088,0.088,0.4,0
202.89,1.7,1.4999e+06,569.84,1,0.089,0.089,0.4,0
202.89,1.7,1.4999e+06,569.84,1,0.09,0.09,0.4,0
202.89,1.7,1.4999e+06,569.84,1,0.091,0.091,0.4,0
202.89,1.7,1.4999e+06,569.84,1,0.092,0.092,0.4,0
202.89,1.7,1.4999e+06,569.84,1,0.093,0.093,0.4,0
202.89,1.7,1.4999e+06,569.84,1,0.094,0.094,0.4,0
202.89,1.7,1.4999e+06,569.84,1,0.095,0.095,0.4,0
202.89,1.7,1.4999e+06,569.84,1,0.096,0.096,0.4,0
202.89,1.7,1.4999e+06,569.84,1,0.097,0.097,0.4,0
202.89,1.7,1.4999e+06,569.84,1,0.098,0.098,0.4,0
202.89,1.7,1.4999e+06,569.84,1,0.099,0.099,0.4,0
202.89,1.7,1.4999e+06,569.84,1,0.1,0.1,0.4,0
202.89,1.7,1.4999e+06,569.84,1,0.101,0.101,0.4,0
202.89,1.7,1.4999e+06,569.84,1,0.102,0.102,0.4,0
202.89,1.7,1.4999e+06,569.84,1,0.103,0.103,0.4,0
202.89,1.7,1.4999e+06,569.84,1,0.104,0.104,0.4,0
202.89,1.7,1.4999e+06,569.84,1,0.105,0.105,0.4,0
202.89,1.7,1.4999e+06,569.84,1,0.106,0.106,0.4,0
202.89,1.7,1.4999e+06,569.84,1,0.107,0.107,0.4,0
202.89,1.7,1.4999e+06,569.84,1,0.108,0.108,0.4,0
202.89,1.7,1.4999e+06,569.84,1,0.109,0.109,0.4,0
202.89,1.7,1.4999e+06,569.84,1,0.11,0.11,0.4,0
202.89,1.7,1.4999e+06,569.84,1,0.111,0.111,0.4,0
202.89,1.7,1.4999e+06,569.84,1,0.112,0.112,0.4,0
202.89,1.7,1.4999e+06,569.84,1,0.113,0.113,0.4,0
202.89,1.7,1.4999e+06,569.84,1,0.114,0.114,0.4,0
202.89,1.7,1.4999e+06,569.84,1,0.115,0.115,0.4,0
202.89,1.7,1.4999e+06,569.84,1,0.116,0.116,0.4,0
202.89,1.7,1.4999e+06,569.84,1,0.117,0.117,0.4,0
202.89,1.7,1.4999e+06,569.84,1,0.118,0.118,0.4,0
202.89,1.7,1.4999e+06,569.84,1,0.119,0.119,0.4,0
202.89,1.7,1.4999e+06,569.84,1,0.12,0.12,0.4,0
202.89,1.7,1.4999e+06,569.84,1,0.121,0.121,0.4,0
202.89,1.7,1.4999e+06,569.84,1,0.122,0.122,0.4,0
202.89,1.7,1.4999e+06,569.84,1,0.123,0.123,0.4,0
202.89,1.7,1.4999e+06,569.84,1,0.124,0.124,0.4,0
202.89,1.7,1.4999e+06,569.84,1,0.125,0.125,0.4,0
202.89,1.7,1.4999e+06,569.84,1,0.126,0.126,0.4,0
202.89,1.7,1.4999e+06,569.84,1,0.127,0.127,0.4,0
202.89,1.7,1.4999e+06,569.84,1,0.128,0.128,0.4,0
202.89,1.7,1.4999e+06,569.84,1,0.129,0.129,0.4,0
202.89,1.7,1.4999e+06,569.84,1,0.13,0.13,0.4,0
202.89,1.7,1.4999e+06,569.84,1,0.131,0.131,0.4,0
202.89,1.7,1.4999e+06,569.84,1,0.132,0.132,0.4,0
202.89,1.7,1.4999e+06,569.84,1,0.133,0.133,0.4,0
202.89,1.7,1.4999e+06,569.84,1,0.134,0.134,0.4,0
202.89,1.7,1.4999e+06,569.84,1,0.135,0.135,0.4,0
202.89,1.7,1.4999e+06,569.84,1,0.136,0.136,0.4,0
202.89,1.7,1.4999e+06,569.84,1,0.137,0.137,0.4,0
202.89,1.7,1.4999e+06,569.84,1,0.138,0.138,0.4,0
202.89,1.7,1.4999e+06,569.84,1,0.139,0.139,0.4,0
202.89,1.7,1.4999e+06,569.84,1,0.14,0.14,0.4,0
202.89,1.7,1.4999e+06,569.84,1,0.141,0.141,0.4,0
202.89,1.7,1.4999e+06,569.84,1,0.142,0.142,0.4,0
202.89,1.7,1.4999e+06,569.84,1,0.143,0.143,0.4,0
202.89,1.7,1.4999e+06,569.84,1,0.144,0.144,0.4,0
202.89,1.7,1.4999e+06,569.84,1,0.145,0.145,0.4,0
202.89,1.7,1.4999e+06,569.84,1,0.146,0.146,0.4,0
202.89,1.7,1.4999e+06,569.84,1,0.147,0.147,0.4,0
202.89,1.7,1.4999e+06,569.84,1,0.148,0.148,0.4,0
202.89,1.7,1.4999e+06,569.84,1,0.149,0.149,0.4,0
202.89,1.7,1.4999e+06,569.84,1,0.15,0.15,0.4,0
202.89,1.7,1.4999e+06,569.84,1,0.151,0.151,0.4,0
202.89,1.7,1.4999e+06,569.84,1,0.152,0.152,0.4,0
202.89,1.7,1.4999e+06,569.84,1,0.153,0.153,0.4,0
202.89,1.7,1.4999e+06,569.84,1,0.154,0.154,0.4,0
202.89,1.7,1.4999e+06,569.84,1,0.155,0.155,0.4,0
202.89,1.7,1.4999e+06,569.84,1,0.156,0.156,0.4,0
202.89,1.7,1.4999e+06,569.84,1,0.157,0.157,0.4,0
202.89,1.7,1.4999e+06,569.84,1,0.158,0.158,0.4,0
202.89,1.7,1.4999e+06,569.84,1,0.159,0.159,0.4,0
202.89,1.7,1.4999e+06,569.84,1,0.16,0.16,0.4,0
202.89,1.7,1.4999e+06,569.84,1,0.161,0.161,0.4,0
202.89,1.7,1.4999e+06,569.84,1,0.162,0.162,0.4,0
202.89,1.7,1.4999e+06,569.84,1,0.163,0.163,0.4,0
202.89,1.7,1.4999e+06,569.84,1,0.164,0.164,0.4,0
202.89,1.7,1.4999e+06,569.84,1,0.165,0.165,0.4,0
202.89,1.7,1.4999e+06,569.84,1,0.166,0.166,0.4,0
202.89,1.7,1.4999e+06,569.84,1,0.167,0.167,0.4,0
202.89,1.7,1.4999e+06,569.84,1,0.168,0.168,0.4,0
202.89,1.7,1.4999e+06,569.84,1,0.169,0.169,0.4,0
202.89,1.7,1.4999e+06,569.84,1,0.17,0.17,0.4,0
202.89,1.7,1.4999e+06,569.84,1,0.171,0.171,0.4,0
202.89,1.7,1.4999e+06,569.84,1,0.172,0.172,0.4,0
202.89,1.7,1.4999e+06,569.84,1,0.173,0.173,0.4,0
202.89,1.7,1.4999e+06,569.84,1,0.174,0.174,0.4,0
202.89,1.7,1.4999e+06,569.84,1,0.175,0.175,0.4,0
202.89,1.7,1.4999e+06,569.84,1,0.176,0.176,0.4,0
202.89,1.7,1.4999e+06,569.84,1,0.177,0.177,0.4,0
202.89,1.7,1.4999e+06,569.84,1,0.178,0.178,0.4,0
202.89,1.7,1.4999e+06,569.84,1,0.179,0.179,0.4,0
202.89,1.7,1.4999e+06,569.84,1,0.18,0.18,0.4,0
202.89,1.7,1.4999e+06,569.84,1,0.181,0.181,0.4,0
202.89,1.7,1.4999e+06,569.84,1,0.182,0.182,0.4,0
202.89,1.7,1.4999e+06,569.84,1,0.183,0.183,0.4,0
202.89,1.7,1.4999e+06,569.84,1,0.184,0.184,0.4,0
202.89,1.7,1.4999e+06,569.84,1,0.185,0.185,0.4,0
202.89,1.7,1.4999e+06,569.84,1,0.186,0.186,0.4,0
202.89,1.7,1.4999e+06,569.84,1,0.187,0.187,0.4,0
202.89,1.7,1.4999e+06,569.84,1,0.188,0.188,0.4,0
202.89,1.7,1.4999e+06,569.84,1,0.189,0.189,0.4,0
202.89,1.7,1.4999e+06,569.84,1,0.19,0.19,0.4,0
202.89,1.7,1.4999e+06,569.84,1,0.191,0.191,0.4,0
202.89,1.7,1.4999e+06,569.84,1,0.192,0.192,0.4,0
202.89,1.7,1.4999e+06,569.84,1,0.193,0.193,0.4,0
202.89,1.7,1.4999e+06,569.84,1,0.194,0.194,0.4,0
202.89,1.7,1.4999e+06,569.84,1,0.195,0.195,0.4,0
202.89,1.7,1.4999e+06,569.84,1,0.196,0.196,0.4,0
202.89,1.7,1.4999e+06,569.84,1,0.197,0.197,0.4,0
202.89,1.7,1.4999e+06,569.84,1,0.198,0.198,0.4,0
202.89,1.7,1.4999e+06,569.84,1,0.199,0.199,0.4,0
202.89,1.7,1.4999e+06,569.84,1,0.2,0.2,0.4,0
202.89,1.7,1.4999e+06,569.84,1,0.201,0.201,0.4,0
202.89,1.7,1.4999e+06,569.84,1,0.202,0.202,0.4,0
202.89,1.7,1.4999e+06,569.84,1,0.203,0.203,0.4,0
202.89,1.7,1.4999e+06,569.84,1,0.204,0.204,0.4,0
202.89,1.7,1.4999e+06,569.84,1,0.205,0.205,0.4,0
202.89,1.7,1.4999e+06,569.84,1,0.206,0.206,0.4,0
202.89,1.7,1.4999e+06,569.84,1,0.207,0.207,0.4,0
202.89,1.7,1.4999e+06,569.84,1,0.208,0.208,0.4,0
202.89,1.7,1.4999e+06,569.84,1,0.209,0.209,0.4,0
202.89,1.7,1.4999e+06,569.84,1,0.21,0.21,0.4,0
202.89,1.7,1.4999e+06,569.84,1,0.211,0.211,0.4,0
202.89,1.7,1.4999e+06,569.84,1,0.212,0.212,0.4,0
202.89,1.7,1.4999e+06,569.84,1,0.213,0.213,0.4,0
202.89,1.7,1.4999e+06,569.84,1,0.214,0.214,0.4,0
202.89,1.7,1.4999e+06,569.84,1,0.215,0.215,0.4,0
202.89,1.7,1.4999e+06,569.84,1,0.216,0.216,0.4,0
202.89,1.7,1.4999e+06,569.84,1,0.217,0.217,0.4,0
202.89,1.7,1.4999e+06,569.84,1,0.218,0.218,0.4,0
202.89,1.7,1.4999e+06,569.84,1,0.219,0.219,0.4,0
202.89,1.7,1.4999e+06,569.84,1,0.22,0.22,0.4,0
202.89,1.7,1.4999e+06,569.84,1,0.221,0.221,0.4,0
202.89,1.7,1.4999e+06,569.84,1,0.222,0.222,0.4,0
202.89,1.7,1.4999e+06,569.84,1,0.223,0.223,0.4,0
202.89,1.7,1.4999e+06,569.84,1,0.224,0.224,0.4,0
202.89,1.7,1.4999e+06,569.84,1,0.225,0.225,0.4,0
202.89,1.7,1.4999e+06,569.84,1,0.226,0.226,0.4,0
202.89,1.7,1.4999e+06,569.84,1,0.227,0.227,0.4,0
202.89,1.7,1.4999e+06,569.84,1,0.228,0.228,0.4,0
202.89,1.7,1.4999e+06,569.84,1,0.229,0.229,0.4,0
202.89,1.7,1.4999e+06,569.84,1,0.23,0.23,0.4,0
202.89,1.7,1.4999e+06,569.84,1,0.231,0.231,0.4,0
202.89,1.7,1.4999e+06,569.84,1,0.232,0.232,0.4,0
202.89,1.7,1.4999e+06,569.84,1,0.233,0.233,0.4,0
202.89,1.7,1.4999e+06,569.84,1,0.234,0.234,0.4,0
202.89,1.7,1.4999e+06,569.84,1,0.235,0.235,0.4,0
202.89,1.7,1.4999e+06,569.84,1,0.236,0.236,0.4,0
202.89,1.7,1.4999e+06,569.84,1,0.237,0.237,0.4,0
202.89,1.7,1.4999e+06,569.84,1,0.238,0.238,0.4,0
202.89,1.7,1.4999e+06,569.84,1,0.239,0.239,0.4,0
202.89,1.7,1.4999e+06,569.84,1,0.24,0.24,0.4,0
202.89,1.7,1.4999e+06,569.84,1,0.241,0.241,0.4,0
202.89,1.7,1.4999e+06,569.84,1,0.242,0.242,0.4,0
202.89,1.7,1.4999e+06,569.84,1,0.243,0.243,0.4,0
202.89,1.7,1.4999e+06,569.84,1,0.244,0.244,0.4,0
202.89,1.7,1.4999e+06,569.84,1,0.245,0.245,0.4,0
202.89,1.7,1.4999e+06,569.84,1,0.246,0.246,0.4,0
202.89,1.7,1.4999e+06,569.84,1,0.247,0.247,0.4,0
202.89,1.7,1.4999e+06,569.84,1,0.248,0.248,0.4,0
202.89,1.7,1.4999e+06,569.84,1,0.249,0.249,0.4,0
202.89,1.7,1.4999e+06,569.84,1,0.25,0.25,0.4,0
202.89,1.7,1.4999e+06,569.84,1,0.251,0.251,0.4,0
202.89,1.7,1.4999e+06,569.84,1,0.252,0.252,0.4,0
202.89,1.7,1.4999e+06,569.84,1,0.253,0.253,0.4,0
202.89,1.7,1.4999e+06,569.84,1,0.254,0.254,0.4,0
202.89,1.7,1.4999e+06,569.84,1,0.255,0.255,0.4,0
202.89,1.7,1.4999e+06,569.84,1,0.256,0.256,0.4,0
202.89,1.7,1.4999e+06,569.84,1,0.257,0.257,0.4,0
202.89,1.7,1.4999e+06,569.84,1,0.258,0.258,0.4,0
202.89,1.7,1.4999e+06,569.84,1,0.259,0.259,0.4,0
202.89,1.7,1.4999e+06,569.84,1,0.26,0.26,0.4,0
202.89,1.7,1.4999e+06,569.84,1,0.261,0.261,0.4,0
202.89,1.7,1.4999e+06,569.84,1,0.262,0.262,0.4,0
202.89,1.7,1.4999e+06,569.84,1,0.263,0.263,0.4,0
202.89,1.7,1.4999e+06,569.84,1,0.264,0.264,0.4,0
202.89,1.7,1.4999e+06,569.84,1,0.265,0.265,0.4,0
202.89,1.7,1.4999e+06,569.84,1,0.266,0.266,0.4,0
202.89,1.7,1.4999e+06,569.84,1,0.267,0.267,0.4,0
202.89,1.7,1.4999e+06,569.84,1,0.268,0.268,0.4,0
202.89,1.7,1.4999e+06,569.84,1,0.269,0.269,0.4,0
202.89,1.7,1.4999e+06,569.84,1,0.27,0.27,0.4,0
202.89,1.7,1.4999e+06,569.84,1,0.271,0.271,0.4,0
202.89,1.7,1.4999e+06,569.84,1,0.272,0.272,0.4,0
202.89,1.7,1.4999e+06,569.84,1,0.273,0.273,0.4,0
202.89,1.7,1.4999e+06,569.84,1,0.274,0.274,0.4,0
202.89,1.7,1.4999e+06,569.84,1,0.275,0.275,0.4,0
202.89,1.7,1.4999e+06,569.84,1,0.276,0.276,0.4,0
202.89,1.7,1.4999e+06,569.84,1,0.277,0.277,0.4,0
202.89,1.7,1.4999e+06,569.84,1,0.278,0.278,0.4,0
202.89,1.7,1.4999e+06,569.84,1,0.279,0.279,0.4,0
202.89,1.7,1.4999e+06,569.84,1,0.28,0.28,0.4,0
202.89,1.7,1.4999e+06,569.84,1,0.281,0.281,0.4,0
202.89,1.7,1.4999e+06,569.84,1,0.282,0.282,0.4,0
202.89,1.7,1.4999e+06,569.84,1,0.283,0.283,0.4,0
202.89,1.7,1.4999e+06,569.84,1,0.284,0.284,0.4,0
202.89,1.7,1.4999e+06,569.84,1,0.285,0.285,0.4,0
202.89,1.7,1.4999e+06,569.84,1,0.286,0.286,0.4,0
202.89,1.7,1.4999e+06,569.84,1,0.287,0.287,0.4,0
202.89,1.7,1.4999e+06,569.84,1,0.288,0.288,0.4,0
202.89,1.7,1.4999e+06,569.84,1,0.289,0.289,0.4,0
202.89,1.7,1.4999e+06,569.84,1,0.29,0.29,0.4,0
202.89,1.7,1.4999e+06,569.84,1,0.291,0.291,0.4,0
202.89,1.7,1.4999e+06,569.84,1,0.292,0.292,0.4,0
202.89,1.7,1.4999e+06,569.84,1,0.293,0.293,0.4,0
202.89,1.7,1.4999e+06,569.84,1,0.294,0.294,0.4,0
202.89,1.7,1.4999e+06,569.84,1,0.295,0.295,0.4,0
202.89,1.7,1.4999e+06,569.84,1,0.296,0.296,0.4,0
202.89,1.7,1.4999e+06,569.84,1,0.297,0.297,0.4,0
202.89,1.7,1.4999e+06,569.84,1,0.298,0.298,0.4,0
202.89,1.7,1.4999e+06,569.84,1,0.299,0.299,0.4,0
202.89,1.7,1.4999e+06,569.84,1,0.3,0.3,0.4,0
202.89,1.7,1.4999e+06,569.84,1,0.301,0.301,0.4,0
202.89,1.7,1.4999e+06,569.84,1,0.302,0.302,0.4,0
202.89,1.7,1.4999e+06,569.84,1,0.303,0.303,0.4,0
202.89,1.7,1.4999e+06,569.84,1,0.304,0.304,0.4,0
202.89,1.7,1.4999e+06,569.84,1,0.305,0.305,0.4,0
202.89,1.7,1.4999e+06,569.84,1,0.306,0.306,0.4,0
202.89,1.7,1.4999e+06,569.84,1,0.307,0.307,0.4,0
202.89,1.7,1.4999e+06,569.84,1,0.308,0.308,0.4,0
202.89,1.7,1.4999e+06,569.84,1,0.309,0.309,0.4,0
202.89,1.7,1.4999e+06,569.84,1,0.31,0.31,0.4,0
202.89,1.7,1.4999e+06,569.84,1,0.311,0.311,0.4,0
202.89,1.7,1.4999e+06,569.84,1,0.312,0.312,0.4,0
202.89,1.7,1.4999e+06,569.84,1,0.313,0.313,0.4,0
202.89,1.7,1.4999e+06,569.84,1,0.314,0.314,0.4,0
202.89,1.7,1.4999e+06,569.84,1,0.315,0.315,0.4,0
202.89,1.7,1.4999e+06,569.84,1,0.316,0.316,0.4,0
202.89,1.7,1.4999e+06,569.84,1,0.317,0.317,0.4,0
202.89,1.7,1.4999e+06,569.84,1,0.318,0.318,0.4,0
202.89,1.7,1.4999e+06,569.84,1,0.319,0.319,0.4,0
202.89,1.7,1.4999e+06,569.84,1,0.32,0.32,0.4,0
202.89,1.7,1.4999e+06,569.84,1,0.321,0.321,0.4,0
202.89,1.7,1.4999e+06,569.84,1,0.322,0.322,0.4,0
202.89,1.7,1.4999e+06,569.84,1,0.323,0.323,0.4,0
202.89,1.7,1.4999e+06,569.84,1,0.324,0.324,0.4,0
202.89,1.7,1.4999e+06,569.84,1,0.325,0.325,0.4,0
202.89,1.7,1.4999e+06,569.84,1,0.326,0.326,0.4,0
202.89,1.7,1.4999e+06,569.84,1,0.327,0.327,0.4,0
202.89,1.7,1.4999e+06,569.84,1,0.328,0.328,0.4,0
202.89,1.7,1.4999e+06,569.84,1,0.329,0.329,0.4,0
202.89,1.7,1.4999e+06,569.84,1,0.33,0.33,0.4,0
202.89,1.7,1.4999e+06,569.84,1,0.331,0.331,0.4,0
202.89,1.7,1.4999e+06,569.84,1,0.332,0.332,0.4,0
202.89,1.7,1.4999e+06,569.84,1,0.333,0.333,0.4,0
202.89,1.7,1.4999e+06,569.84,1,0.334,0.334,0.4,0
202.89,1.7,1.4999e+06,569.84,1,0.335,0.335,0.4,0
202.89,1.7,1.4999e+06,569.84,1,0.336,0.336,0.4,0
202.89,1.7,1.4999e+06,569.84,1,0.337,0.337,0.4,0
202.89,1.7,1.4999e+06,569.84,1,0.338,0.338,0.4,0
202.89,1.7,1.4999e+06,569.84,1,0.339,0.339,0.4,0
202.89,1.7,1.4999e+06,569.84,1,0.34,0.34,0.4,0
202.89,1.7,1.4999e+06,569.84,1,0.341,0.341,0.4,0
202.89,1.7,1.4999e+06,569.84,1,0.342,0.342,0.4,0
202.89,1.7,1.4999e+06,569.84,1,0.343,0.343,0.4,0
202.89,1.7,1.4999e+06,569.84,1,0.344,0.344,0.4,0
202.89,1.7,1.4999e+06,569.84,1,0.345,0.345,0.4,0
202.89,1.7,1.4999e+06,569.84,1,0.346,0.346,0.4,0
202.89,1.7,1.4999e+06,569.84,1,0.347,0.347,0.4,0
202.89,1.7,1.4999e+06,569.84,1,0.348,0.348,0.4,0
202.89,1.7,1.4999e+06,569.84,1,0.349,0.349,0.4,0
202.89,1.7,1.4999e+06,569.84,1,0.35,0.35,0.4,0
202.89,1.7,1.4999e+06,569.84,1,0.351,0.351,0.4,0
202.89,1.7,1.4999e+06,569.84,1,0.352,0.352,0.4,0
202.89,1.7,1.4999e+06,569.84,1,0.353,0.353,0.4,0
202.89,1.7,1.4999e+06,569.84,1,0.354,0.354,0.4,0
202.89,1.7,1.4999e+06,569.84,1,0.355,0.355,0.4,0
202.89,1.7,1.4999e+06,569.84,1,0.356,0.356,0.4,0
202.89,1.7,1.4999e+06,569.84,1,0.357,0.357,0.4,0
202.89,1.7,1.4999e+06,569.84,1,0.358,0.358,0.4,0
202.89,1.7,1.4999e+06,569.84,1,0.359,0.359,0.4,0
202.89,1.7,1.4999e+06,569.84,1,0.36,0.36,0.4,0
202.89,1.7,1.4999e+06,569.84,1,0.361,0.361,0.4,0
202.89,1.7,1.4999e+06,569.84,1,0.362,0.362,0.4,0
202.89,1.7,1.4999e+06,569.84,1,0.363,0.363,0.4,0
202.89,1.7,1.4999e+06,569.84,1,0.364,0.364,0.4,0
202.89,1.7,1.4999e+06,569.84,1,0.365,0.365,0.4,0
202.89,1.7,1.4999e+06,569.84,1,0.366,0.366,0.4,0
202.89,1.7,1.4999e+06,569.84,1,0.367,0.367,0.4,0
202.89,1.7,1.4999e+06,569.84,1,0.368,0.368,0.4,0
202.89,1.7,1.4999e+06,569.84,1,0.369,0.369,0.4,0
202.89,1.7,1.4999e+06,569.84,1,0.37,0.37,0.4,0
202.89,1.7,1.4999e+06,569.84,1,0.371,0.371,0.4,0
202.89,1.7,1.4999e+06,569.84,1,0.372,0.372,0.4,0
202.89,1.7,1.4999e+06,569.84,1,0.373,0.373,0.4,0
202.89,1.7,1.4999e+06,569.84,1,0.374,0.374,0.4,0
202.89,1.7,1.4999e+06,569.84,1,0.375,0.375,0.4,0
202.89,1.7,1.4999e+06,569.84,1,0.376,0.376,0.4,0
202.89,1.7,1.4999e+06,569.84,1,0.377,0.377,0.4,0
202.89,1.7,1.4999e+06,569.84,1,0.378,0.378,0.4,0
202.89,1.7,1.4999e+06,569.84,1,0.379,0.379,0.4,0
202.89,1.7,1.4999e+06,569.84,1,0.38,0.38,0.4,0
202.89,1.7,1.4999e+06,569.84,1,0.381,0.381,0.4,0
202.89,1.7,1.4999e+06,569.84,1,0.382,0.382,0.4,0
202.89,1.7,1.4999e+06,569.84,1,0.383,0.383,0.4,0
202.89,1.7,1.4999e+06,569.84,1,0.384,0.384,0.4,0
202.89,1.7,1.4999e+06,569.84,1,0.385,0.385,0.4,0
202.89,1.7,1.4999e+06,569.84,1,0.386,0.386,0.4,0
202.89,1.7,1.4999e+06,569.84,1,0.387,0.387,0.4,0
202.89,1.7,1.4999e+06,569.84,1,0.388,0.388,0.4,0
202.89,1.7,1.4999e+06,569.84,1,0.389,0.389,0.4,0
202.89,1.7,1.4999e+06,569.84,1,0.39,0.39,0.4,0
202.89,1.7,1.4999e+06,569.84,1,0.391,0.391,0.4,0
202.89,1.7,1.4999e+06,569.84,1,0.392,0.392,0.4,0
202.89,1.7,1.4999e+06,569.84,1,0.393,0.393,0.4,0
202.89,1.7,1.4999e+06,569.84,1,0.394,0.394,0.4,0
202.89,1.7,1.4999e+06,569.84,1,0.395,0.395,0.4,0
202.89,1.7,1.4999e+06,569.84,1,0.396,0.396,0.4,0
202.89,1.7,1.4999e+06,569.84,1,0.397,0.397,0.4,0
202.89,1.7,1.4999e+06,569.84,1,0.398,0.398,0.4,0
202.89,1.7,1.4999e+06,569.84,1,0.399,0.399,0.4,0
202.89,1.7,1.4999e+06,569.84,1,0.4,0.4,0.4,0
202.89,1.7,1.4999e+06,569.84,1,0.401,0.401,0.4,0
202.89,1.7,1.4999e+06,569.84,1,0.402,0.402,0.4,0
202.89,1.7,1.4999e+06,569.84,1,0.403,0.403,0.4,0
202.89,1.7,1.4999e+06,569.84,1,0.404,0.404,0.4,0
202.89,1.7,1.4999e+06,569.84,1,0.405,0.405,0.4,0
202.89,1.7,1.4999e+06,569.84,1,0.406,0.406,0.4,0
202.89,1.7,1.4999e+06,569.84,1,0.407,0.407,0.4,0
202.89,1.7,1.4999e+06,569.84,1,0.408,0.408,0.4,0
202.89,1.7,1.4999e+06,569.84,1,0.409,0.409,0.4,0
202.89,1.7,1.4999e+06,569.84,1,0.41,0.41,0.4,0
202.89,1.7,1.4999e+06,569.84,1,0.411,0.411,0.4,0
202.89,1.7,1.4999e+06,569.84,1,0.412,0.412,0.4,0
202.89,1.7,1.4999e+06,569.84,1,0.413,0.413,0.4,0
202.89,1.7,1.4999e+06,569.84,1,0.414,0.414,0.4,0
202.89,1.7,1.4999e+06,569.84,1,0.415,0.415,0.4,0
202.89,1.7,1.4999e+06,569.84,1,0.416,0.416,0.4,0
202.89,1.7,1.4999e+06,569.84,1,0.417,0.417,0.4,0
202.89,1.7,1.4999e+06,569.84,1,0.418,0.418,0.4,0
202.89,1.7,1.4999e+06,569.84,1,0.419,0.419,0.4,0
202.89,1.7,1.4999e+06,569.84,1,0.42,0.42,0.4,0
202.89,1.7,1.4999e+06,569.84,1,0.421,0.421,0.4,0
202.89,1.7,1.4999e+06,569.84,1,0.422,0.422,0.4,0
202.89,1.7,1.4999e+06,569.84,1,0.423,0.423,0.4,0
202.89,1.7,1.4999e+06,569.84,1,0.424,0.424,0.4,0
202.89,1.7,1.4999e+06,569.84,1,0.425,0.425,0.4,0
202.89,1.7,1.4999e+06,569.84,1,0.426,0.426,0.4,0
202.89,1.7,1.4999e+06,569.84,1,0.427,0.427,0.4,0
202.89,1.7,1.4999e+06,569.84,1,0.428,0.428,0.4,0
202.89,1.7,1.4999e+06,569.84,1,0.429,0.429,0.4,0
202.89,1.7,1.4999e+06,569.84,1,0.43,0.43,0.4,0
202.89,1.7,1.4999e+06,569.84,1,0.431,0.431,0.4,0
202.89,1.7,1.4999e+06,569.84,1,0.432,0.432,0.4,0
202.89,1.7,1.4999e+06,569.84,1,0.433,0.433,0.4,0
202.89,1.7,1.4999e+06,569.84,1,0.434,0.434,0.4,0
202.89,1.7,1.4999e+06,569.84,1,0.435,0.435,0.4,0
202.89,1.7,1.4999e+06,569.84,1,0.436,0.436,0.4,0
202.89,1.7,1.4999e+06,569.84,1,0.437,0.437,0.4,0
202.89,1.7,1.4999e+06,569.84,1,0.438,0.438,0.4,0
202.89,1.7,1.4999e+06,569.84,1,0.439,0.439,0.4,0
202.89,1.7,1.4999e+06,569.84,1,0.44,0.44,0.4,0
202.89,1.7,1.4999e+06,569.84,1,0.441,0.441,0.4,0
202.89,1.7,1.4999e+06,569.84,1,0.442,0.442,0.4,0
202.89,1.7,1.4999e+06,569.84,1,0.443,0.443,0.4,0
202.89,1.7,1.4999e+06,569.84,1,0.444,0.444,0.4,0
202.89,1.7,1.4999e+06,569.84,1,0.445,0.445,0.4,0
202.89,1.7,1.4999e+06,569.84,1,0.446,0.446,0.4,0
202.89,1.7,1.4999e+06,569.84,1,0.447,0.447,0.4,0
202.89,1.7,1.4999e+06,569.84,1,0.448,0.448,0.4,0
202.89,1.7,1.4999e+06,569.84,1,0.449,0.449,0.4,0
202.89,1.7,1.4999e+06,569.84,1,0.45,0.45,0.4,0
202.89,1.7,1.4999e+06,569.84,1,0.451,0.451,0.4,0
202.89,1.7,1.4999e+06,569.84,1,0.452,0.452,0.4,0
202.89,1.7,1.4999e+06,569.84,1,0.453,0.453,0.4,0
202.89,1.7,1.4999e+06,569.84,1,0.454,0.454,0.4,0
202.89,1.7,1.4999e+06,569.84,1,0.455,0.455,0.4,0
202.89,1.7,1.4999e+06,569.84,1,0.456,0.456,0.4,0
202.89,1.7,1.4999e+06,569.84,1,0.457,0.457,0.4,0
202.89,1.7,1.4999e+06,569.84,1,0.458,0.458,0.4,0
202.89,1.7,1.4999e+06,569.84,1,0.459,0.459,0.4,0
202.89,1.7,1.4999e+06,569.84,1,0.46,0.46,0.4,0
202.89,1.7,1.4999e+06,569.84,1,0.461,0.461,0.4,0
202.89,1.7,1.4999e+06,569.84,1,0.462,0.462,0.4,0
202.89,1.7,1.4999e+06,569.84,1,0.463,0.463,0.4,0
202.89,1.7,1.4999e+06,569.84,1,0.464,0.464,0.4,0
202.89,1.7,1.4999e+06,569.84,1,0.465,0.465,0.4,0
202.89,1.7,1.4999e+06,569.84,1,0.466,0.466,0.4,0
202.89,1.7,1.4999e+06,569.84,1,0.467,0.467,0.4,0
202.89,1.7,1.4999e+06,569.84,1,0.468,0.468,0.4,0
202.88,1.7,1.4999e+06,569.84,1,0.469,0.469,0.4,0
202.88,1.7,1.4999e+06,569.84,1,0.47,0.47,0.4,0
202.88,1.7,1.4999e+06,569.84,1,0.471,0.471,0.4,0
202.88,1.7,1.4999e+06,569.84,1,0.472,0.472,0.4,0
202.88,1.7,1.4999e+06,569.84,1,0.473,0.473,0.4,0
202.88,1.7,1.4999e+06,569.84,1,0.474,0.474,0.4,0
202.88,1.7,1.4999e+06,569.84,1,0.475,0.475,0.4,0
202.88,1.7,1.4999e+06,569.84,1,0.476,0.476,0.4,0
202.88,1.7,1.4999e+06,569.84,1,0.477,0.477,0.4,0
202.87,1.7,1.4999e+06,569.84,1,0.478,0.478,0.4,0
202.87,1.7,1.4999e+06,569.84,1,0.479,0.479,0.4,0
202.87,1.7,1.4999e+06,569.84,1,0.48,0.48,0.4,0
202.87,1.7,1.4998e+06,569.84,1,0.481,0.481,0.4,0
202.86,1.7,1.4998e+06,569.84,1,0.482,0.482,0.4,0
202.86,1.7,1.4998e+06,569.84,1,0.483,0.483,0.4,0
202.86,1.7,1.4998e+06,569.84,1,0.484,0.484,0.4,0
202.85,1.7,1.4998e+06,569.84,1,0.485,0.485,0.4,0
202.85,1.7,1.4998e+06,569.84,1,0.486,0.486,0.4,0
202.84,1.7,1.4998e+06,569.84,1,0.487,0.487,0.4,0
202.84,1.7001,1.4998e+06,569.84,1,0.488,0.488,0.4,0
202.83,1.7001,1.4998e+06,569.84,1,0.489,0.489,0.4,0
202.82,1.7001,1.4997e+06,569.84,1,0.49,0.49,0.4,0
202.81,1.7001,1.4997e+06,569.84,1,0.491,0.491,0.4,0
202.81,1.7001,1.4997e+06,569.84,1,0.492,0.492,0.4,0
202.8,1.7001,1.4997e+06,569.83,1,0.493,0.493,0.4,0
202.78,1.7001,1.4996e+06,569.83,1,0.494,0.494,0.4,0
202.77,1.7001,1.4996e+06,569.83,1,0.495,0.495,0.4,0
202.75,1.7001,1.4996e+06,569.83,1,0.496,0.496,0.4,0
202.74,1.7002,1.4995e+06,569.83,1,0.497,0.497,0.4,0
202.73,1.7002,1.4995e+06,569.83,1,0.498,0.498,0.4,0
202.72,1.7002,1.4995e+06,569.83,1,0.499,0.499,0.4,0
202.71,1.7002,1.4994e+06,569.83,1,0.5,0.5,0.4,0
202.68,1.7002,1.4994e+06,569.82,1,0.501,0.501,0.4,0
202.66,1.7002,1.4993e+06,569.82,1,0.502,0.502,0.4,0
202.64,1.7003,1.4993e+06,569.82,1,0.503,0.503,0.4,0
202.62,1.7003,1.4992e+06,569.82,1,0.504,0.504,0.4,0
202.6,1.7003,1.4992e+06,569.81,1,0.505,0.505,0.4,0
202.58,1.7003,1.4991e+06,569.81,1,0.506,0.506,0.4,0
202.54,1.7003,1.499e+06,569.81,1,0.507,0.507,0.4,0
202.51,1.7004,1.4989e+06,569.8,1,0.508,0.508,0.4,0
202.47,1.7004,1.4988e+06,569.8,1,0.509,0.509,0.4,0
202.44,1.7004,1.4988e+06,569.8,1,0.51,0.51,0.4,0
202.41,1.7005,1.4987e+06,569.8,1,0.511,0.511,0.4,0
202.38,1.7005,1.4986e+06,569.79,1,0.512,0.512,0.4,0
202.33,1.7005,1.4985e+06,569.79,1,0.513,0.513,0.4,0
202.28,1.7006,1.4984e+06,569.78,1,0.514,0.514,0.4,0
202.22,1.7006,1.4982e+06,569.78,1,0.515,0.515,0.4,0
202.16,1.7007,1.4981e+06,569.77,1,0.516,0.516,0.4,0
202.1,1.7008,1.4979e+06,569.76,1,0.517,0.517,0.4,0
202.04,1.7008,1.4978e+06,569.76,1,0.518,0.518,0.4,0
201.98,1.7009,1.4976e+06,569.75,1,0.519,0.519,0.4,0
201.93,1.7009,1.4975e+06,569.75,1,0.52,0.52,0.4,0
201.88,1.701,1.4974e+06,569.74,1,0.521,0.521,0.4,0
201.82,1.701,1.4972e+06,569.73,1,0.522,0.522,0.4,0
201.75,1.7011,1.497e+06,569.73,1,0.523,0.523,0.4,0
201.65,1.7012,1.4968e+06,569.72,1,0.524,0.524,0.4,0
201.55,1.7012,1.4965e+06,569.71,1,0.525,0.525,0.4,0
201.45,1.7013,1.4963e+06,569.7,1,0.526,0.526,0.4,0
201.35,1.7014,1.496e+06,569.69,1,0.527,0.527,0.4,0
201.26,1.7015,1.4958e+06,569.68,1,0.528,0.528,0.4,0
201.18,1.7015,1.4956e+06,569.67,1,0.529,0.529,0.4,0
201.09,1.7016,1.4954e+06,569.66,1,0.53,0.53,0.4,0
201,1.7017,1.4951e+06,569.65,1,0.531,0.531,0.4,0
200.89,1.7017,1.4949e+06,569.64,1,0.532,0.532,0.4,0
200.77,1.7018,1.4945e+06,569.63,1,0.533,0.533,0.4,0
200.64,1.7019,1.4942e+06,569.61,1,0.534,0.534,0.4,0
200.52,1.702,1.4939e+06,569.6,1,0.535,0.535,0.4,0
200.39,1.7021,1.4936e+06,569.59,1,0.536,0.536,0.4,0
200.25,1.7022,1.4932e+06,569.57,1,0.537,0.537,0.4,0
200.08,1.7023,1.4928e+06,569.55,1,0.538,0.538,0.4,0
199.93,1.7024,1.4924e+06,569.54,1,0.539,0.539,0.4,0
199.79,1.7025,1.4921e+06,569.52,1,0.54,0.54,0.4,0
199.65,1.7026,1.4917e+06,569.51,1,0.541,0.541,0.4,0
199.51,1.7027,1.4914e+06,569.5,1,0.542,0.542,0.4,0
199.37,1.7028,1.491e+06,569.48,1,0.543,0.543,0.4,0
199.19,1.7029,1.4905e+06,569.46,1,0.544,0.544,0.4,0
199.01,1.703,1.4901e+06,569.44,1,0.545,0.545,0.4,0
198.84,1.7031,1.4896e+06,569.43,1,0.546,0.546,0.4,0
198.66,1.7032,1.4892e+06,569.41,1,0.547,0.547,0.4,0
198.49,1.7032,1.4888e+06,569.39,1,0.548,0.548,0.4,0
198.31,1.7033,1.4883e+06,569.37,1,0.549,0.549,0.4,0
198.1,1.7034,1.4878e+06,569.35,1,0.55,0.55,0.4,0
197.9,1.7035,1.4873e+06,569.33,1,0.551,0.551,0.4,0
197.7,1.7036,1.4867e+06,569.31,1,0.552,0.552,0.4,0
197.49,1.7037,1.4862e+06,569.29,1,0.553,0.553,0.4,0
197.29,1.7038,1.4857e+06,569.26,1,0.554,0.554,0.4,0
197.08,1.7039,1.4852e+06,569.24,1,0.555,0.555,0.4,0
196.84,1.704,1.4846e+06,569.22,1,0.556,0.556,0.4,0
196.59,1.7041,1.4839e+06,569.19,1,0.557,0.557,0.4,0
196.35,1.7041,1.4833e+06,569.17,1,0.558,0.558,0.4,0
196.11,1.7042,1.4827e+06,569.14,1,0.559,0.559,0.4,0
195.89,1.7043,1.4821e+06,569.12,1,0.56,0.56,0.4,0
195.68,1.7044,1.4816e+06,569.1,1,0.561,0.561,0.4,0
195.43,1.7045,1.481e+06,569.07,1,0.562,0.562,0.4,0
195.17,1.7045,1.4803e+06,569.04,1,0.563,0.563,0.4,0
194.91,1.7046,1.4796e+06,569.01,1,0.564,0.564,0.4,0
194.66,1.7046,1.479e+06,568.99,1,0.565,0.565,0.4,0
194.42,1.7047,1.4783e+06,568.96,1,0.566,0.566,0.4,0
194.16,1.7047,1.4777e+06,568.93,1,0.567,0.567,0.4,0
193.87,1.7048,1.4769e+06,568.9,1,0.568,0.568,0.4,0
193.59,1.7048,1.4762e+06,568.87,1,0.569,0.569,0.4,0
193.32,1.7048,1.4755e+06,568.84,1,0.57,0.57,0.4,0
193.05,1.7049,1.4748e+06,568.82,1,0.571,0.571,0.4,0
192.78,1.7049,1.4741e+06,568.79,1,0.572,0.572,0.4,0
192.5,1.7049,1.4734e+06,568.76,1,0.573,0.573,0.4,0
192.2,1.7049,1.4726e+06,568.72,1,0.574,0.574,0.4,0
191.91,1.7049,1.4718e+06,568.69,1,0.575,0.575,0.4,0
191.62,1.7049,1.4711e+06,568.66,1,0.576,0.576,0.4,0
191.33,1.7049,1.4703e+06,568.63,1,0.577,0.577,0.4,0
191.04,1.7049,1.4695e+06,568.6,1,0.578,0.578,0.4,0
190.74,1.7049,1.4688e+06,568.57,1,0.579,0.579,0.4,0
190.43,1.7049,1.4679e+06,568.53,1,0.58,0.58,0.4,0
190.13,1.7049,1.4671e+06,568.5,1,0.581,0.581,0.4,0
189.82,1.7049,1.4663e+06,568.46,1,0.582,0.582,0.4,0
189.52,1.7049,1.4654e+06,568.43,1,0.583,0.583,0.4,0
189.21,1.7049,1.4646e+06,568.39,1,0.584,0.584,0.4,0
188.9,1.7049,1.4638e+06,568.36,1,0.585,0.585,0.4,0
188.6,1.7049,1.463e+06,568.32,1,0.586,0.586,0.4,0
188.27,1.7048,1.4621e+06,568.29,1,0.587,0.587,0.4,0
187.96,1.7049,1.4612e+06,568.25,1,0.588,0.588,0.4,0
187.63,1.7049,1.4603e+06,568.21,1,0.589,0.589,0.4,0
187.31,1.7049,1.4594e+06,568.17,1,0.59,0.59,0.4,0
186.99,1.7049,1.4585e+06,568.13,1,0.591,0.591,0.4,0
186.67,1.7049,1.4576e+06,568.09,1,0.592,0.592,0.4,0
186.32,1.7049,1.4567e+06,568.05,1,0.593,0.593,0.4,0
185.96,1.7048,1.4557e+06,568.01,1,0.594,0.594,0.4,0
185.61,1.7047,1.4547e+06,567.97,1,0.595,0.595,0.4,0
185.25,1.7046,1.4537e+06,567.93,1,0.596,0.596,0.4,0
184.92,1.7046,1.4528e+06,567.89,1,0.597,0.597,0.4,0
184.6,1.7046,1.4518e+06,567.85,1,0.598,0.598,0.4,0
184.26,1.7045,1.4509e+06,567.81,1,0.599,0.599,0.4,0
183.7,1.7027,1.4497e+06,567.77,1,0.6,0.6,0.4,0
183.15,1.7009,1.4486e+06,567.73,1,0.601,0.601,0.4,0
182.6,1.6991,1.4474e+06,567.69,1,0.602,0.602,0.4,0
182.04,1.6973,1.4463e+06,567.66,1,0.603,0.603,0.4,0
181.59,1.6962,1.4452e+06,567.62,1,0.604,0.604,0.4,0
181.18,1.6955,1.4442e+06,567.58,1,0.605,0.605,0.4,0
180.76,1.6948,1.4432e+06,567.54,1,0.606,0.606,0.4,0
180.35,1.6941,1.4422e+06,567.5,1,0.607,0.607,0.4,0
179.57,1.6903,1.4413e+06,567.51,1,0.608,0.608,0.4,0
178.69,1.6856,1.4405e+06,567.53,1,0.609,0.609,0.4,0
177.82,1.6811,1.4396e+06,567.55,1,0.61,0.61,0.4,0
177.14,1.6787,1.4384e+06,567.52,1,0.611,0.611,0.4,0
176.45,1.6762,1.4373e+06,567.5,1,0.612,0.612,0.4,0
175.77,1.6737,1.4361e+06,567.47,1,0.613,0.613,0.4,0
175.08,1.6713,1.4349e+06,567.44,1,0.614,0.614,0.4,0
174.4,1.6688,1.4337e+06,567.42,1,0.615,0.615,0.4,0
173.62,1.6666,1.432e+06,567.36,1,0.616,0.616,0.4,0
172.81,1.6645,1.43e+06,567.3,1,0.617,0.617,0.4,0
172.01,1.6624,1.4281e+06,567.23,1,0.618,0.618,0.4,0
171.2,1.6602,1.4261e+06,567.17,1,0.619,0.619,0.4,0
170.39,1.6581,1.4242e+06,567.11,1,0.62,0.62,0.4,0
169.66,1.6572,1.4217e+06,566.99,1,0.621,0.621,0.4,0
168.92,1.6563,1.4191e+06,566.87,1,0.622,0.622,0.4,0
168.05,1.6533,1.4172e+06,566.82,1,0.623,0.623,0.4,0
167.18,1.6502,1.4153e+06,566.78,1,0.624,0.624,0.4,0
166.32,1.6472,1.4134e+06,566.73,1,0.625,0.625,0.4,0
165.45,1.6441,1.4116e+06,566.68,1,0.626,0.626,0.4,0
164.7,1.641,1.41e+06,566.65,1,0.627,0.627,0.4,0
164.06,1.638,1.4088e+06,566.64,1,0.628,0.628,0.4,0
163.23,1.6421,1.4039e+06,566.35,1,0.629,0.629,0.4,0
162.41,1.6461,1.3989e+06,566.05,1,0.63,0.63,0.4,0
161.59,1.6501,1.394e+06,565.76,1,0.631,0.631,0.4,0
160.77,1.6542,1.3891e+06,565.47,1,0.632,0.632,0.4,0
159.98,1.657,1.3848e+06,565.22,1,0.633,0.633,0.4,0
159.33,1.6557,1.3826e+06,565.13,1,0.634,0.634,0.4,0
158.68,1.6544,1.3804e+06,565.03,1,0.635,0.635,0.4,0
158.08,1.653,1.3784e+06,564.95,1,0.636,0.636,0.4,0
157.53,1.6517,1.3767e+06,564.89,1,0.637,0.637,0.4,0
156.98,1.6503,1.3749e+06,564.82,1,0.638,0.638,0.4,0
156.4,1.6494,1.3729e+06,564.73,1,0.639,0.639,0.4,0
155.78,1.6491,1.3706e+06,564.62,1,0.64,0.64,0.4,0
155.16,1.6488,1.3683e+06,564.51,1,0.641,0.641,0.4,0
154.66,1.6478,1.3665e+06,564.44,1,0.642,0.642,0.4,0
154.16,1.6467,1.3648e+06,564.36,1,0.643,0.643,0.4,0
153.66,1.6457,1.363e+06,564.29,1,0.644,0.644,0.4,0
153.15,1.6446,1.3612e+06,564.21,1,0.645,0.645,0.4,0
152.63,1.6433,1.3595e+06,564.14,1,0.646,0.646,0.4,0
152.1,1.642,1.3577e+06,564.07,1,0.647,0.647,0.4,0
151.58,1.6407,1.356e+06,564,1,0.648,0.648,0.4,0
151.05,1.6393,1.3542e+06,563.93,1,0.649,0.649,0.4,0
150.57,1.6382,1.3526e+06,563.86,1,0.65,0.65,0.4,0
150.19,1.6375,1.3511e+06,563.79,1,0.651,0.651,0.4,0
149.82,1.6367,1.3496e+06,563.73,1,0.652,0.652,0.4,0
149.44,1.636,1.3481e+06,563.66,1,0.653,0.653,0.4,0
149.06,1.6353,1.3467e+06,563.6,1,0.654,0.654,0.4,0
148.6,1.6342,1.3451e+06,563.53,1,0.655,0.655,0.4,0
148.14,1.6331,1.3435e+06,563.47,1,0.656,0.656,0.4,0
147.73,1.632,1.3421e+06,563.41,1,0.657,0.657,0.4,0
147.34,1.6311,1.3407e+06,563.35,1,0.658,0.658,0.4,0
146.96,1.6302,1.3393e+06,563.29,1,0.659,0.659,0.4,0
146.58,1.6292,1.3379e+06,563.24,1,0.66,0.66,0.4,0
146.2,1.6283,1.3365e+06,563.18,1,0.661,0.661,0.4,0
145.82,1.6274,1.3351e+06,563.12,1,0.662,0.662,0.4,0
145.43,1.6265,1.3337e+06,563.06,1,0.663,0.663,0.4,0
145.06,1.6257,1.3323e+06,563,1,0.664,0.664,0.4,0
144.72,1.6248,1.3311e+06,562.95,1,0.665,0.665,0.4,0
144.39,1.624,1.3298e+06,562.89,1,0.666,0.666,0.4,0
144.05,1.6231,1.3285e+06,562.84,1,0.667,0.667,0.4,0
143.71,1.6222,1.3272e+06,562.79,1,0.668,0.668,0.4,0
143.35,1.6213,1.3259e+06,562.74,1,0.669,0.669,0.4,0
142.98,1.6201,1.3246e+06,562.68,1,0.67,0.67,0.4,0
142.61,1.6191,1.3233e+06,562.63,1,0.671,0.671,0.4,0
142.28,1.6181,1.322e+06,562.58,1,0.672,0.672,0.4,0
141.96,1.6172,1.3207e+06,562.53,1,0.673,0.673,0.4,0
141.63,1.6163,1.3194e+06,562.47,1,0.674,0.674,0.4,0
141.31,1.6154,1.3182e+06,562.42,1,0.675,0.675,0.4,0
140.98,1.6145,1.3169e+06,562.37,1,0.676,0.676,0.4,0
140.59,1.6133,1.3155e+06,562.32,1,0.677,0.677,0.4,0
140.19,1.612,1.3141e+06,562.26,1,0.678,0.678,0.4,0
139.79,1.6107,1.3127e+06,562.21,1,0.679,0.679,0.4,0
139.39,1.6093,1.3113e+06,562.16,1,0.68,0.68,0.4,0
139.03,1.6082,1.31e+06,562.11,1,0.681,0.681,0.4,0
138.69,1.6071,1.3087e+06,562.06,1,0.682,0.682,0.4,0
138.36,1.6061,1.3074e+06,562.01,1,0.683,0.683,0.4,0
137.99,1.6048,1.306e+06,561.96,1,0.684,0.684,0.4,0
137.6,1.6033,1.3046e+06,561.91,1,0.685,0.685,0.4,0
137.21,1.6019,1.3032e+06,561.86,1,0.686,0.686,0.4,0
136.82,1.6004,1.3018e+06,561.8,1,0.687,0.687,0.4,0
136.43,1.599,1.3003e+06,561.75,1,0.688,0.688,0.4,0
136.04,1.5976,1.2989e+06,561.7,1,0.689,0.689,0.4,0
135.71,1.5965,1.2976e+06,561.65,1,0.69,0.69,0.4,0
135.38,1.5955,1.2963e+06,561.6,1,0.691,0.691,0.4,0
135.06,1.5943,1.2951e+06,561.55,1,0.692,0.692,0.4,0
134.73,1.5931,1.2938e+06,561.51,1,0.693,0.693,0.4,0
134.39,1.5918,1.2925e+06,561.46,1,0.694,0.694,0.4,0
134.05,1.5905,1.2912e+06,561.42,1,0.695,0.695,0.4,0
133.7,1.5891,1.2899e+06,561.37,1,0.696,0.696,0.4,0
133.35,1.5877,1.2886e+06,561.33,1,0.697,0.697,0.4,0
133.04,1.5866,1.2874e+06,561.28,1,0.698,0.698,0.4,0
132.73,1.5856,1.2862e+06,561.24,1,0.699,0.699,0.4,0
132.42,1.5845,1.285e+06,561.19,1,0.7,0.7,0.4,0
132.12,1.5834,1.2838e+06,561.15,1,0.701,0.701,0.4,0
131.83,1.5823,1.2826e+06,561.11,1,0.702,0.702,0.4,0
131.55,1.5813,1.2815e+06,561.07,1,0.703,0.703,0.4,0
131.28,1.5803,1.2804e+06,561.03,1,0.704,0.704,0.4,0
131,1.5793,1.2793e+06,560.99,1,0.705,0.705,0.4,0
130.73,1.5783,1.2782e+06,560.95,1,0.706,0.706,0.4,0
130.46,1.5773,1.2772e+06,560.91,1,0.707,0.707,0.4,0
130.19,1.5763,1.2761e+06,560.87,1,0.708,0.708,0.4,0
129.93,1.5754,1.275e+06,560.83,1,0.709,0.709,0.4,0
129.69,1.5745,1.274e+06,560.8,1,0.71,0.71,0.4,0
129.44,1.5737,1.2731e+06,560.76,1,0.711,0.711,0.4,0
129.2,1.5728,1.2721e+06,560.73,1,0.712,0.712,0.4,0
128.96,1.5719,1.2711e+06,560.69,1,0.713,0.713,0.4,0
128.71,1.571,1.27e+06,560.66,1,0.714,0.714,0.4,0
128.43,1.5701,1.2689e+06,560.62,1,0.715,0.715,0.4,0
128.17,1.5692,1.2679e+06,560.58,1,0.716,0.716,0.4,0
127.95,1.5684,1.2669e+06,560.55,1,0.717,0.717,0.4,0
127.72,1.5677,1.266e+06,560.51,1,0.718,0.718,0.4,0
127.5,1.5669,1.265e+06,560.48,1,0.719,0.719,0.4,0
127.27,1.5661,1.2641e+06,560.44,1,0.72,0.72,0.4,0
127.01,1.5652,1.263e+06,560.41,1,0.721,0.721,0.4,0
126.75,1.5644,1.2619e+06,560.37,1,0.722,0.722,0.4,0
126.5,1.5635,1.2609e+06,560.33,1,0.723,0.723,0.4,0
126.25,1.5627,1.2598e+06,560.29,1,0.724,0.724,0.4,0
126.01,1.5619,1.2588e+06,560.26,1,0.725,0.725,0.4,0
125.76,1.5611,1.2577e+06,560.22,1,0.726,0.726,0.4,0
125.52,1.5602,1.2567e+06,560.18,1,0.727,0.727,0.4,0
125.26,1.5594,1.2556e+06,560.14,1,0.728,0.728,0.4,0
125.02,1.5585,1.2546e+06,560.11,1,0.729,0.729,0.4,0
124.78,1.5577,1.2536e+06,560.07,1,0.73,0.73,0.4,0
124.56,1.5569,1.2526e+06,560.04,1,0.731,0.731,0.4,0
124.33,1.5561,1.2516e+06,560,1,0.732,0.732,0.4,0
124.1,1.5553,1.2507e+06,559.97,1,0.733,0.733,0.4,0
123.87,1.5545,1.2497e+06,559.94,1,0.734,0.734,0.4,0
123.67,1.5538,1.2488e+06,559.91,1,0.735,0.735,0.4,0
123.48,1.5531,1.2479e+06,559.88,1,0.736,0.736,0.4,0
123.27,1.5523,1.2471e+06,559.85,1,0.737,0.737,0.4,0
123.06,1.5515,1.2462e+06,559.82,1,0.738,0.738,0.4,0
122.85,1.5507,1.2453e+06,559.79,1,0.739,0.739,0.4,0
122.64,1.5499,1.2444e+06,559.76,1,0.74,0.74,0.4,0
122.43,1.5491,1.2435e+06,559.73,1,0.741,0.741,0.4,0
122.22,1.5483,1.2426e+06,559.7,1,0.742,0.742,0.4,0
122.01,1.5476,1.2417e+06,559.67,1,0.743,0.743,0.4,0
121.81,1.5468,1.2408e+06,559.64,1,0.744,0.744,0.4,0
121.64,1.5462,1.24e+06,559.62,1,0.745,0.745,0.4,0
121.47,1.5456,1.2393e+06,559.59,1,0.746,0.746,0.4,0
121.29,1.5449,1.2385e+06,559.57,1,0.747,0.747,0.4,0
121.12,1.5442,1.2378e+06,559.55,1,0.748,0.748,0.4,0
120.94,1.5435,1.2371e+06,559.52,1,0.749,0.749,0.4,0
120.79,1.5429,1.2364e+06,559.5,1,0.75,0.75,0.4,0
120.64,1.5424,1.2357e+06,559.48,1,0.751,0.751,0.4,0
120.49,1.5419,1.235e+06,559.46,1,0.752,0.752,0.4,0
120.33,1.5412,1.2343e+06,559.44,1,0.753,0.753,0.4,0
120.17,1.5406,1.2337e+06,559.42,1,0.754,0.754,0.4,0
120.01,1.5399,1.233e+06,559.4,1,0.755,0.755,0.4,0
119.88,1.5394,1.2324e+06,559.38,1,0.756,0.756,0.4,0
119.75,1.5389,1.2318e+06,559.36,1,0.757,0.757,0.4,0
119.62,1.5384,1.2313e+06,559.34,1,0.758,0.758,0.4,0
119.49,1.5379,1.2307e+06,559.33,1,0.759,0.759,0.4,0
119.36,1.5374,1.2302e+06,559.31,1,0.76,0.76,0.4,0
119.23,1.5368,1.2296e+06,559.3,1,0.761,0.761,0.4,0
119.09,1.5362,1.229e+06,559.28,1,0.762,0.762,0.4,0
118.96,1.5357,1.2284e+06,559.26,1,0.763,0.763,0.4,0
118.83,1.5352,1.2279e+06,559.25,1,0.764,0.764,0.4,0
118.73,1.5348,1.2275e+06,559.24,1,0.765,0.765,0.4,0
118.63,1.5343,1.227e+06,559.22,1,0.766,0.766,0.4,0
118.52,1.5339,1.2266e+06,559.21,1,0.767,0.767,0.4,0
118.42,1.5334,1.2261e+06,559.2,1,0.768,0.768,0.4,0
118.31,1.533,1.2257e+06,559.19,1,0.769,0.769,0.4,0
118.21,1.5325,1.2252e+06,559.18,1,0.77,0.77,0.4,0
118.1,1.5321,1.2248e+06,559.16,1,0.771,0.771,0.4,0
117.99,1.5316,1.2243e+06,559.15,1,0.772,0.772,0.4,0
117.89,1.5312,1.2238e+06,559.14,1,0.773,0.773,0.4,0
117.78,1.5307,1.2234e+06,559.13,1,0.774,0.774,0.4,0
117.68,1.5303,1.2229e+06,559.12,1,0.775,0.775,0.4,0
117.6,1.53,1.2226e+06,559.11,1,0.776,0.776,0.4,0
117.51,1.5296,1.2222e+06,559.1,1,0.777,0.777,0.4,0
117.43,1.5292,1.2219e+06,559.09,1,0.778,0.778,0.4,0
117.35,1.5288,1.2215e+06,559.08,1,0.779,0.779,0.4,0
117.26,1.5284,1.2212e+06,559.07,1,0.78,0.78,0.4,0
117.18,1.5281,1.2208e+06,559.06,1,0.781,0.781,0.4,0
117.1,1.5277,1.2205e+06,559.06,1,0.782,0.782,0.4,0
117.02,1.5273,1.2202e+06,559.05,1,0.783,0.783,0.4,0
116.95,1.527,1.2199e+06,559.04,1,0.784,0.784,0.4,0
116.87,1.5266,1.2195e+06,559.03,1,0.785,0.785,0.4,0
116.8,1.5263,1.2192e+06,559.03,1,0.786,0.786,0.4,0
116.73,1.526,1.2189e+06,559.02,1,0.787,0.787,0.4,0
116.65,1.5256,1.2186e+06,559.01,1,0.788,0.788,0.4,0
116.55,1.5252,1.2181e+06,559,1,0.789,0.789,0.4,0
116.48,1.5249,1.2178e+06,558.99,1,0.79,0.79,0.4,0
116.42,1.5247,1.2176e+06,558.99,1,0.791,0.791,0.4,0
116.37,1.5244,1.2174e+06,558.98,1,0.792,0.792,0.4,0
116.31,1.5241,1.2171e+06,558.98,1,0.793,0.793,0.4,0
116.25,1.5238,1.2169e+06,558.97,1,0.794,0.794,0.4,0
116.19,1.5236,1.2166e+06,558.97,1,0.795,0.795,0.4,0
116.12,1.5232,1.2163e+06,558.96,1,0.796,0.796,0.4,0
116.04,1.5229,1.2159e+06,558.95,1,0.797,0.797,0.4,0
115.96,1.5226,1.2156e+06,558.94,1,0.798,0.798,0.4,0
115.89,1.5223,1.2153e+06,558.93,1,0.799,0.799,0.4,0
115.82,1.522,1.215e+06,558.92,1,0.8,0.8,0.4,0
115.76,1.5217,1.2148e+06,558.92,1,0.801,0.801,0.4,0
115.71,1.5215,1.2145e+06,558.91,1,0.802,0.802,0.4,0
115.64,1.5212,1.2142e+06,558.91,1,0.803,0.803,0.4,0
115.58,1.521,1.2139e+06,558.9,1,0.804,0.804,0.4,0
115.51,1.5207,1.2136e+06,558.89,1,0.805,0.805,0.4,0
115.45,1.5204,1.2133e+06,558.88,1,0.806,0.806,0.4,0
115.38,1.5202,1.2131e+06,558.88,1,0.807,0.807,0.4,0
115.33,1.5199,1.2128e+06,558.87,1,0.808,0.808,0.4,0
115.28,1.5197,1.2126e+06,558.87,1,0.809,0.809,0.4,0
115.22,1.5195,1.2123e+06,558.86,1,0.81,0.81,0.4,0
115.16,1.5193,1.2121e+06,558.85,1,0.811,0.811,0.4,0
115.11,1.519,1.2118e+06,558.84,1,0.812,0.812,0.4,0
115.05,1.5188,1.2116e+06,558.84,1,0.813,0.813,0.4,0
115,1.5186,1.2114e+06,558.83,1,0.814,0.814,0.4,0
114.95,1.5184,1.2111e+06,558.83,1,0.815,0.815,0.4,0
114.91,1.5182,1.2109e+06,558.82,1,0.816,0.816,0.4,0
114.86,1.518,1.2107e+06,558.81,1,0.817,0.817,0.4,0
114.81,1.5178,1.2105e+06,558.81,1,0.818,0.818,0.4,0
114.77,1.5176,1.2103e+06,558.8,1,0.819,0.819,0.4,0
114.73,1.5174,1.2102e+06,558.8,1,0.82,0.82,0.4,0
114.71,1.5174,1.21e+06,558.8,1,0.821,0.821,0.4,0
114.68,1.5173,1.2099e+06,558.79,1,0.822,0.822,0.4,0
114.66,1.5172,1.2097e+06,558.78,1,0.823,0.823,0.4,0
114.63,1.5171,1.2096e+06,558.78,1,0.824,0.824,0.4,0
114.6,1.517,1.2095e+06,558.78,1,0.825,0.825,0.4,0
114.57,1.5168,1.2094e+06,558.77,1,0.826,0.826,0.4,0
114.54,1.5167,1.2092e+06,558.77,1,0.827,0.827,0.4,0
114.51,1.5165,1.2091e+06,558.77,1,0.828,0.828,0.4,0
114.49,1.5164,1.209e+06,558.77,1,0.829,0.829,0.4,0
114.46,1.5163,1.2089e+06,558.76,1,0.83,0.83,0.4,0
114.44,1.5163,1.2088e+06,558.76,1,0.831,0.831,0.4,0
114.42,1.5162,1.2086e+06,558.75,1,0.832,0.832,0.4,0
114.39,1.5161,1.2085e+06,558.75,1,0.833,0.833,0.4,0
114.38,1.516,1.2084e+06,558.75,1,0.834,0.834,0.4,0
114.37,1.516,1.2084e+06,558.74,1,0.835,0.835,0.4,0
114.36,1.516,1.2083e+06,558.74,1,0.836,0.836,0.4,0
114.35,1.516,1.2083e+06,558.74,1,0.837,0.837,0.4,0
114.34,1.516,1.2082e+06,558.74,1,0.838,0.838,0.4,0
114.33,1.516,1.2081e+06,558.73,1,0.839,0.839,0.4,0
114.32,1.516,1.2081e+06,558.73,1,0.84,0.84,0.4,0
114.31,1.5159,1.208e+06,558.72,1,0.841,0.841,0.4,0
114.3,1.5159,1.208e+06,558.72,1,0.842,0.842,0.4,0
114.29,1.5159,1.2079e+06,558.72,1,0.843,0.843,0.4,0
114.28,1.5158,1.2079e+06,558.72,1,0.844,0.844,0.4,0
114.27,1.5158,1.2078e+06,558.72,1,0.845,0.845,0.4,0
114.26,1.5158,1.2078e+06,558.72,1,0.846,0.846,0.4,0
114.25,1.5157,1.2077e+06,558.72,1,0.847,0.847,0.4,0
114.24,1.5157,1.2077e+06,558.71,1,0.848,0.848,0.4,0
114.23,1.5157,1.2076e+06,558.71,1,0.849,0.849,0.4,0
114.22,1.5156,1.2076e+06,558.71,1,0.85,0.85,0.4,0
114.21,1.5156,1.2075e+06,558.71,1,0.851,0.851,0.4,0
114.2,1.5156,1.2075e+06,558.71,1,0.852,0.852,0.4,0
114.2,1.5156,1.2075e+06,558.7,1,0.853,0.853,0.4,0
114.2,1.5157,1.2074e+06,558.7,1,0.854,0.854,0.4,0
114.2,1.5157,1.2074e+06,558.7,1,0.855,0.855,0.4,0
114.19,1.5158,1.2074e+06,558.7,1,0.856,0.856,0.4,0
114.19,1.5158,1.2074e+06,558.69,1,0.857,0.857,0.4,0
114.19,1.5159,1.2073e+06,558.69,1,0.858,0.858,0.4,0
114.19,1.5159,1.2073e+06,558.69,1,0.859,0.859,0.4,0
114.18,1.5159,1.2072e+06,558.68,1,0.86,0.86,0.4,0
114.17,1.5159,1.2072e+06,558.68,1,0.861,0.861,0.4,0
114.16,1.5158,1.2071e+06,558.68,1,0.862,0.862,0.4,0
114.15,1.5158,1.2071e+06,558.68,1,0.863,0.863,0.4,0
114.14,1.5158,1.2071e+06,558.68,1,0.864,0.864,0.4,0
114.14,1.5159,1.207e+06,558.67,1,0.865,0.865,0.4,0
114.14,1.5159,1.207e+06,558.67,1,0.866,0.866,0.4,0
114.14,1.516,1.2069e+06,558.67,1,0.867,0.867,0.4,0
114.13,1.516,1.2069e+06,558.66,1,0.868,0.868,0.4,0
114.13,1.516,1.2069e+06,558.66,1,0.869,0.869,0.4,0
114.12,1.5161,1.2068e+06,558.66,1,0.87,0.87,0.4,0
114.12,1.5161,1.2068e+06,558.66,1,0.871,0.871,0.4,0
114.11,1.5161,1.2068e+06,558.65,1,0.872,0.872,0.4,0
114.11,1.5161,1.2067e+06,558.65,1,0.873,0.873,0.4,0
114.11,1.5162,1.2067e+06,558.65,1,0.874,0.874,0.4,0
114.1,1.5162,1.2066e+06,558.64,1,0.875,0.875,0.4,0
114.1,1.5162,1.2066e+06,558.64,1,0.876,0.876,0.4,0
114.1,1.5163,1.2066e+06,558.64,1,0.877,0.877,0.4,0
114.1,1.5163,1.2065e+06,558.63,1,0.878,0.878,0.4,0
114.1,1.5164,1.2065e+06,558.63,1,0.879,0.879,0.4,0
114.1,1.5164,1.2065e+06,558.63,1,0.88,0.88,0.4,0
114.1,1.5165,1.2065e+06,558.62,1,0.881,0.881,0.4,0
114.09,1.5165,1.2064e+06,558.62,1,0.882,0.882,0.4,0
114.09,1.5165,1.2064e+06,558.62,1,0.883,0.883,0.4,0
114.09,1.5166,1.2064e+06,558.62,1,0.884,0.884,0.4,0
114.09,1.5166,1.2064e+06,558.61,1,0.885,0.885,0.4,0
114.09,1.5167,1.2064e+06,558.61,1,0.886,0.886,0.4,0
114.09,1.5167,1.2063e+06,558.61,1,0.887,0.887,0.4,0
114.09,1.5168,1.2063e+06,558.61,1,0.888,0.888,0.4,0
114.09,1.5168,1.2063e+06,558.6,1,0.889,0.889,0.4,0
114.09,1.5168,1.2063e+06,558.6,1,0.89,0.89,0.4,0
114.09,1.5168,1.2062e+06,558.6,1,0.891,0.891,0.4,0
114.09,1.5169,1.2062e+06,558.6,1,0.892,0.892,0.4,0
114.09,1.5169,1.2062e+06,558.6,1,0.893,0.893,0.4,0
114.09,1.517,1.2062e+06,558.59,1,0.894,0.894,0.4,0
114.09,1.5171,1.2062e+06,558.59,1,0.895,0.895,0.4,0
114.1,1.5171,1.2062e+06,558.59,1,0.896,0.896,0.4,0
114.1,1.5172,1.2062e+06,558.59,1,0.897,0.897,0.4,0
114.1,1.5172,1.2062e+06,558.58,1,0.898,0.898,0.4,0
114.1,1.5173,1.2061e+06,558.58,1,0.899,0.899,0.4,0
114.11,1.5174,1.2061e+06,558.58,1,0.9,0.9,0.4,0
114.11,1.5174,1.2061e+06,558.58,1,0.901,0.901,0.4,0
114.11,1.5175,1.2061e+06,558.57,1,0.902,0.902,0.4,0
114.11,1.5175,1.2061e+06,558.57,1,0.903,0.903,0.4,0
114.12,1.5176,1.2061e+06,558.57,1,0.904,0.904,0.4,0
114.12,1.5176,1.2061e+06,558.57,1,0.905,0.905,0.4,0
114.12,1.5177,1.2061e+06,558.56,1,0.906,0.906,0.4,0
114.12,1.5177,1.2061e+06,558.56,1,0.907,0.907,0.4,0
114.12,1.5178,1.206e+06,558.56,1,0.908,0.908,0.4,0
114.12,1.5178,1.206e+06,558.56,1,0.909,0.909,0.4,0
114.12,1.5179,1.206e+06,558.55,1,0.91,0.91,0.4,0
114.12,1.5179,1.206e+06,558.55,1,0.911,0.911,0.4,0
114.12,1.518,1.206e+06,558.55,1,0.912,0.912,0.4,0
114.12,1.518,1.206e+06,558.55,1,0.913,0.913,0.4,0
114.13,1.5181,1.2059e+06,558.54,1,0.914,0.914,0.4,0
114.13,1.5181,1.2059e+06,558.54,1,0.915,0.915,0.4,0
114.12,1.5182,1.2059e+06,558.54,1,0.916,0.916,0.4,0
114.12,1.5182,1.2059e+06,558.54,1,0.917,0.917,0.4,0
114.12,1.5183,1.2058e+06,558.53,1,0.918,0.918,0.4,0
114.12,1.5183,1.2058e+06,558.53,1,0.919,0.919,0.4,0
114.12,1.5184,1.2058e+06,558.53,1,0.92,0.92,0.4,0
114.12,1.5184,1.2058e+06,558.53,1,0.921,0.921,0.4,0
114.12,1.5184,1.2058e+06,558.52,1,0.922,0.922,0.4,0
114.12,1.5185,1.2057e+06,558.52,1,0.923,0.923,0.4,0
114.12,1.5185,1.2057e+06,558.52,1,0.924,0.924,0.4,0
114.12,1.5186,1.2057e+06,558.52,1,0.925,0.925,0.4,0
114.12,1.5186,1.2057e+06,558.51,1,0.926,0.926,0.4,0
114.12,1.5187,1.2057e+06,558.51,1,0.927,0.927,0.4,0
114.12,1.5187,1.2056e+06,558.51,1,0.928,0.928,0.4,0
114.12,1.5188,1.2056e+06,558.51,1,0.929,0.929,0.4,0
114.12,1.5188,1.2056e+06,558.5,1,0.93,0.93,0.4,0
114.12,1.5188,1.2056e+06,558.5,1,0.931,0.931,0.4,0
114.12,1.5189,1.2056e+06,558.5,1,0.932,0.932,0.4,0
114.12,1.5189,1.2055e+06,558.5,1,0.933,0.933,0.4,0
114.12,1.5189,1.2055e+06,558.49,1,0.934,0.934,0.4,0
114.12,1.519,1.2055e+06,558.49,1,0.935,0.935,0.4,0
114.12,1.519,1.2055e+06,558.49,1,0.936,0.936,0.4,0
114.11,1.519,1.2055e+06,558.49,1,0.937,0.937,0.4,0
114.11,1.519,1.2055e+06,558.49,1,0.938,0.938,0.4,0
114.11,1.519,1.2055e+06,558.49,1,0.939,0.939,0.4,0
114.11,1.5191,1.2054e+06,558.49,1,0.94,0.94,0.4,0
114.11,1.5191,1.2054e+06,558.49,1,0.941,0.941,0.4,0
114.11,1.5191,1.2054e+06,558.49,1,0.942,0.942,0.4,0
114.11,1.5191,1.2054e+06,558.48,1,0.943,0.943,0.4,0
114.11,1.5191,1.2054e+06,558.48,1,0.944,0.944,0.4,0
114.12,1.5191,1.2054e+06,558.48,1,0.945,0.945,0.4,0
114.12,1.5192,1.2054e+06,558.48,1,0.946,0.946,0.4,0
114.12,1.5192,1.2054e+06,558.48,1,0.947,0.947,0.4,0
114.12,1.5192,1.2054e+06,558.48,1,0.948,0.948,0.4,0
114.13,1.5193,1.2054e+06,558.48,1,0.949,0.949,0.4,0
114.13,1.5193,1.2054e+06,558.48,1,0.95,0.95,0.4,0
114.13,1.5194,1.2054e+06,558.48,1,0.951,0.951,0.4,0
114.13,1.5194,1.2054e+06,558.48,1,0.952,0.952,0.4,0
114.14,1.5194,1.2054e+06,558.48,1,0.953,0.953,0.4,0
114.14,1.5194,1.2055e+06,558.48,1,0.954,0.954,0.4,0
114.14,1.5194,1.2055e+06,558.48,1,0.955,0.955,0.4,0
114.14,1.5195,1.2055e+06,558.48,1,0.956,0.956,0.4,0
114.15,1.5195,1.2055e+06,558.48,1,0.957,0.957,0.4,0
114.15,1.5195,1.2055e+06,558.48,1,0.958,0.958,0.4,0
114.16,1.5196,1.2055e+06,558.48,1,0.959,0.959,0.4,0
114.16,1.5196,1.2055e+06,558.47,1,0.96,0.96,0.4,0
114.17,1.5196,1.2055e+06,558.47,1,0.961,0.961,0.4,0
114.17,1.5197,1.2055e+06,558.47,1,0.962,0.962,0.4,0
114.17,1.5197,1.2056e+06,558.47,1,0.963,0.963,0.4,0
114.18,1.5197,1.2056e+06,558.47,1,0.964,0.964,0.4,0
114.18,1.5198,1.2056e+06,558.47,1,0.965,0.965,0.4,0
114.19,1.5198,1.2056e+06,558.47,1,0.966,0.966,0.4,0
114.19,1.5198,1.2056e+06,558.47,1,0.967,0.967,0.4,0
114.2,1.5199,1.2056e+06,558.47,1,0.968,0.968,0.4,0
114.2,1.5199,1.2057e+06,558.47,1,0.969,0.969,0.4,0
114.21,1.5199,1.2057e+06,558.47,1,0.97,0.97,0.4,0
114.22,1.52,1.2057e+06,558.47,1,0.971,0.971,0.4,0
114.22,1.52,1.2057e+06,558.47,1,0.972,0.972,0.4,0
114.23,1.52,1.2057e+06,558.47,1,0.973,0.973,0.4,0
114.23,1.5201,1.2058e+06,558.47,1,0.974,0.974,0.4,0
114.24,1.5201,1.2058e+06,558.47,1,0.975,0.975,0.4,0
114.24,1.5201,1.2058e+06,558.47,1,0.976,0.976,0.4,0
114.25,1.5201,1.2058e+06,558.47,1,0.977,0.977,0.4,0
114.25,1.5202,1.2058e+06,558.47,1,0.978,0.978,0.4,0
114.26,1.5202,1.2059e+06,558.47,1,0.979,0.979,0.4,0
114.26,1.5202,1.2059e+06,558.48,1,0.98,0.98,0.4,0
114.27,1.5202,1.2059e+06,558.48,1,0.981,0.981,0.4,0
114.27,1.5203,1.2059e+06,558.48,1,0.982,0.982,0.4,0
114.28,1.5203,1.2059e+06,558.48,1,0.983,0.983,0.4,0
114.28,1.5203,1.206e+06,558.48,1,0.984,0.984,0.4,0
114.29,1.5203,1.206e+06,558.48,1,0.985,0.985,0.4,0
114.29,1.5204,1.206e+06,558.48,1,0.986,0.986,0.4,0
114.3,1.5204,1.206e+06,558.48,1,0.987,0.987,0.4,0
114.3,1.5204,1.206e+06,558.48,1,0.988,0.988,0.4,0
114.3,1.5204,1.2061e+06,558.48,1,0.989,0.989,0.4,0
114.31,1.5204,1.2061e+06,558.48,1,0.99,0.99,0.4,0
114.31,1.5205,1.2061e+06,558.48,1,0.991,0.991,0.4,0
114.32,1.5205,1.2061e+06,558.48,1,0.992,0.992,0.4,0
114.32,1.5205,1.2061e+06,558.48,1,0.993,0.993,0.4,0
114.32,1.5205,1.2062e+06,558.48,1,0.994,0.994,0.4,0
114.33,1.5205,1.2062e+06,558.48,1,0.995,0.995,0.4,0
114.33,1.5205,1.2062e+06,558.48,1,0.996,0.996,0.4,0
114.33,1.5206,1.2062e+06,558.48,1,0.997,0.997,0.4,0
114.34,1.5206,1.2062e+06,558.48,1,0.998,0.998,0.4,0
114.34,1.5206,1.2062e+06,558.48,1,0.999,0.999,0.4,0
114.34,1.5206,1.2062e+06,558.48,1,1,1,0.4,0
