,Mach,Pressure,Temperature,vtkValidPointMask,arc_length,Points:0,Points:1,Points:2,entropy,total enthalpt
0,0.97154,2242300.0,528.65,1,0.0,0.0,0,0,871.4884347144526,402088.8038663956
1,0.97461,2239800.0,528.59,1,0.011782,0.011782,0,0,871.4577863186518,402071.9435744639
2,0.97767,2237300.0,528.54,1,0.023564,0.023564,0,0,871.5806885006601,402136.36294528586
3,0.98074,2234800.0,528.48,1,0.035346,0.035346,0,0,871.5571417185479,402123.2922331725
4,0.9838,2232400.0,528.42,1,0.047128,0.047128,0,0,871.5012377752103,402093.61764961836
5,0.98687,2229900.0,528.36,1,0.05891,0.05891,0,0,871.4840317929112,402083.9206169089
6,0.98997,2227400.0,528.31,1,0.070692,0.070692,0,0,871.6231707838107,402157.2311985963
7,0.99404,2224100.0,528.23,1,0.082474,0.082474,0,0,871.5988328381476,402143.69363207585
8,0.99811,2220900.0,528.15,1,0.094256,0.094256,0,0,871.5434707832636,402114.2951625431
9,1.0022,2217600.0,528.07,1,0.10604,0.10604,0,0,871.5308620783832,402107.095711121
10,1.0063,2214400.0,527.99,1,0.11782,0.11782,0,0,871.4866816862361,402083.78570467146
11,1.0103,2211100.0,527.91,1,0.1296,0.1296,0,0,871.4863099602022,402082.7028533189
12,1.0144,2207900.0,527.83,1,0.14138,0.14138,0,0,871.4538102965631,402065.6165179487
13,1.0185,2204700.0,527.76,1,0.15317,0.15317,0,0,871.5862036169954,402136.08158075257
14,1.0225,2201400.0,527.68,1,0.16495,0.16495,0,0,871.6058123788704,402145.6787590271
15,1.0262,2198500.0,527.61,1,0.17673,0.17673,0,0,871.6336022134536,402160.5813774367
16,1.0295,2195900.0,527.54,1,0.18851,0.18851,0,0,871.5463517307604,402114.2911372637
17,1.0328,2193200.0,527.47,1,0.20029,0.20029,0,0,871.503002346277,402090.7474592035
18,1.0362,2190500.0,527.4,1,0.21208,0.21208,0,0,871.4638265334207,402069.88149553246
19,1.0395,2187900.0,527.34,1,0.22386,0.22386,0,0,871.5513370913986,402116.47737402236
20,1.0429,2185200.0,527.27,1,0.23564,0.23564,0,0,871.5211652434738,402100.4172942076
21,1.0462,2182500.0,527.2,1,0.24742,0.24742,0,0,871.4953999647558,402086.2471531282
22,1.0496,2179900.0,527.14,1,0.2592,0.2592,0,0,871.5975993076053,402141.17834600504
23,1.0529,2177200.0,527.07,1,0.27099,0.27099,0,0,871.5812816777091,402132.0559976991
24,1.0561,2174600.0,527.0,1,0.28277,0.28277,0,0,871.5266154598652,402102.65384503943
25,1.0593,2172000.0,526.93,1,0.29455,0.29455,0,0,871.4759292587623,402075.36879543634
26,1.0625,2169400.0,526.87,1,0.30633,0.30633,0,0,871.5979305782291,402139.99633996334
27,1.0658,2166800.0,526.8,1,0.31811,0.31811,0,0,871.5562205197783,402117.9634102455
28,1.069,2164200.0,526.73,1,0.3299,0.3299,0,0,871.5187141095709,402097.70795881347
29,1.0722,2161600.0,526.66,1,0.34168,0.34168,0,0,871.4854876203806,402079.732677185
30,1.0754,2159000.0,526.6,1,0.35346,0.35346,0,0,871.6280048408817,402155.3711628107
31,1.0786,2156400.0,526.53,1,0.36524,0.36524,0,0,871.604320725536,402142.4974752823
32,1.0821,2153600.0,526.45,1,0.37702,0.37702,0,0,871.5040797782232,402089.06243114086
33,1.0856,2150800.0,526.38,1,0.38881,0.38881,0,0,871.5820410779427,402130.5937726653
34,1.0891,2148000.0,526.3,1,0.40059,0.40059,0,0,871.491875999547,402082.5241645648
35,1.0926,2145200.0,526.23,1,0.41237,0.41237,0,0,871.581622437727,402130.3722945277
36,1.0962,2142300.0,526.15,1,0.42415,0.42415,0,0,871.5494288130283,402113.1001480441
37,1.0997,2139500.0,526.07,1,0.43593,0.43593,0,0,871.4750939193066,402073.46754439396
38,1.1032,2136700.0,526.0,1,0.44772,0.44772,0,0,871.5832402601319,402131.18668919447
39,1.1068,2133900.0,525.92,1,0.4595,0.4595,0,0,871.5199684891106,402097.92936645524
40,1.1101,2131100.0,525.85,1,0.47128,0.47128,0,0,871.6406931168586,402161.4743722764
41,1.1132,2128600.0,525.78,1,0.48306,0.48306,0,0,871.6197602256346,402150.2365586503
42,1.1163,2126100.0,525.71,1,0.49484,0.49484,0,0,871.6033513731534,402141.4173606561
43,1.1194,2123600.0,525.64,1,0.50663,0.50663,0,0,871.5915346018055,402135.05452822027
44,1.1225,2121100.0,525.57,1,0.51841,0.51841,0,0,871.5843767508599,402131.1852843029
45,1.1256,2118600.0,525.5,1,0.53019,0.53019,0,0,871.5819432222697,402129.84620694164
46,1.1287,2116100.0,525.43,1,0.54197,0.54197,0,0,871.5842977311673,402131.0731033417
47,1.1318,2113600.0,525.36,1,0.55375,0.55375,0,0,871.5915020404715,402134.90087576536
48,1.1349,2111100.0,525.29,1,0.56554,0.56554,0,0,871.6036156797726,402141.36337922467
49,1.1382,2108500.0,525.21,1,0.57732,0.57732,0,0,871.4886925850474,402080.2633790843
50,1.1414,2105800.0,525.14,1,0.5891,0.5891,0,0,871.6162173280783,402147.76383729756
51,1.1447,2103200.0,525.06,1,0.60088,0.60088,0,0,871.511497825807,402092.11579670693
52,1.148,2100500.0,524.98,1,0.61266,0.61266,0,0,871.4649860594682,402067.01465840195
53,1.1512,2097900.0,524.91,1,0.62445,0.62445,0,0,871.5571115608249,402116.2309994337
54,1.1545,2095200.0,524.83,1,0.63623,0.63623,0,0,871.5220448972017,402097.2736358727
55,1.1578,2092600.0,524.75,1,0.64801,0.64801,0,0,871.4378057066322,402052.57949396875
56,1.1611,2089900.0,524.68,1,0.65979,0.65979,0,0,871.6026424474363,402140.70383851364
57,1.1642,2087400.0,524.6,1,0.67157,0.67157,0,0,871.4740056499835,402071.8681212647
58,1.1671,2085000.0,524.53,1,0.68336,0.68336,0,0,871.4837680804363,402076.8165802342
59,1.1701,2082600.0,524.46,1,0.69514,0.69514,0,0,871.4983626099901,402084.85071146843
60,1.1731,2080100.0,524.39,1,0.70692,0.70692,0,0,871.5743857455183,402125.2506705174
61,1.176,2077700.0,524.32,1,0.7187,0.7187,0,0,871.5990689557311,402138.26167621184
62,1.179,2075300.0,524.25,1,0.73048,0.73048,0,0,871.6286788434307,402154.42089121003
63,1.1819,2072900.0,524.17,1,0.74227,0.74227,0,0,871.4711895064021,402069.7190647359
64,1.1849,2070500.0,524.1,1,0.75405,0.75405,0,0,871.5104688332548,402091.09149810165
65,1.1879,2068100.0,524.03,1,0.76583,0.76583,0,0,871.5547763749854,402115.19567258074
66,1.1905,2066000.0,523.97,1,0.77761,0.77761,0,0,871.621810314975,402151.37548612396
67,1.1932,2063800.0,523.9,1,0.78939,0.78939,0,0,871.5581002525021,402117.24546831194
68,1.1958,2061600.0,523.83,1,0.80118,0.80118,0,0,871.4982023328711,402084.6809508923
69,1.1985,2059500.0,523.77,1,0.81296,0.81296,0,0,871.5772817684186,402127.89201264957
70,1.2011,2057300.0,523.7,1,0.82474,0.82474,0,0,871.525379285826,402099.64869643253
71,1.2038,2055100.0,523.63,1,0.83652,0.83652,0,0,871.4774173231722,402074.01778955775
72,1.2065,2053000.0,523.57,1,0.8483,0.8483,0,0,871.5686607430947,402123.8667207831
73,1.2091,2050800.0,523.5,1,0.86009,0.86009,0,0,871.5288618450007,402102.17626387614
74,1.2119,2048500.0,523.43,1,0.87187,0.87187,0,0,871.5539329153225,402115.80306546076
75,1.2148,2046100.0,523.36,1,0.88365,0.88365,0,0,871.6446066995153,402164.6956035737
76,1.2176,2043700.0,523.28,1,0.89543,0.89543,0,0,871.5444122961293,402110.3479707049
77,1.2205,2041300.0,523.21,1,0.90721,0.90721,0,0,871.6452951399702,402164.8387905561
78,1.2234,2038900.0,523.13,1,0.919,0.919,0,0,871.5548771195078,402116.2823879655
79,1.2262,2036600.0,523.06,1,0.93078,0.93078,0,0,871.6038901458392,402143.00916297926
80,1.2291,2034200.0,522.98,1,0.94256,0.94256,0,0,871.522969801423,402099.6101447455
81,1.2319,2031800.0,522.91,1,0.95434,0.95434,0,0,871.6440326854821,402164.7239598742
82,1.2348,2029400.0,522.83,1,0.96612,0.96612,0,0,871.5731154836517,402126.78170633037
83,1.2379,2026800.0,522.75,1,0.97791,0.97791,0,0,871.6332509347776,402159.4627248274
84,1.2409,2024300.0,522.66,1,0.98969,0.98969,0,0,871.4383185194707,402054.4979653965
85,1.2439,2021700.0,522.58,1,1.0015,1.0015,0,0,871.5101868804616,402093.1256058275
86,1.247,2019200.0,522.5,1,1.0133,1.0133,0,0,871.5238649880126,402101.45708977146
87,1.25,2016600.0,522.42,1,1.025,1.025,0,0,871.6069576762591,402146.3392465373
88,1.253,2014100.0,522.34,1,1.0368,1.0368,0,0,871.6314870635866,402160.20342230756
89,1.2561,2011600.0,522.25,1,1.0486,1.0486,0,0,871.4639226127871,402070.61509908544
90,1.2591,2009000.0,522.17,1,1.0604,1.0604,0,0,871.5639734392076,402124.9327819389
91,1.2618,2006600.0,522.09,1,1.0722,1.0722,0,0,871.5398276042812,402111.69007375074
92,1.2645,2004300.0,522.02,1,1.0839,1.0839,0,0,871.6524492793847,402173.24490508286
93,1.2671,2002000.0,521.94,1,1.0957,1.0957,0,0,871.5727918525753,402130.08273210365
94,1.2697,1999700.0,521.86,1,1.1075,1.1075,0,0,871.4974875376284,402089.31272288534
95,1.2724,1997400.0,521.78,1,1.1193,1.1193,0,0,871.4265614489286,402051.45615021663
96,1.275,1995000.0,521.71,1,1.1311,1.1311,0,0,871.6221391001305,402157.3745270002
97,1.2776,1992700.0,521.63,1,1.1429,1.1429,0,0,871.5604117276254,402124.14891051996
98,1.2803,1990400.0,521.55,1,1.1546,1.1546,0,0,871.5030381924921,402093.8419916923
99,1.2828,1988100.0,521.48,1,1.1664,1.1664,0,0,871.6451701844411,402171.1468888607
100,1.285,1986000.0,521.41,1,1.1782,1.1782,0,0,871.6596416854836,402178.6687188979
101,1.2872,1983900.0,521.33,1,1.19,1.19,0,0,871.4833213488895,402082.3282085454
102,1.2895,1981800.0,521.26,1,1.2018,1.2018,0,0,871.5050836703127,402094.43242872175
103,1.2917,1979700.0,521.19,1,1.2135,1.2135,0,0,871.5301732868357,402107.92635104223
104,1.294,1977500.0,521.12,1,1.2253,1.2253,0,0,871.6242228968376,402159.1063872147
105,1.2962,1975400.0,521.05,1,1.2371,1.2371,0,0,871.6556778907192,402176.27872153727
106,1.2984,1973300.0,520.97,1,1.2489,1.2489,0,0,871.4984116729224,402090.4734903408
107,1.3007,1971200.0,520.9,1,1.2607,1.2607,0,0,871.5367835377439,402112.0762239677
108,1.303,1968900.0,520.82,1,1.2725,1.2725,0,0,871.5185516346748,402101.7895269526
109,1.3053,1966700.0,520.74,1,1.2842,1.2842,0,0,871.4383814750187,402058.23475017946
110,1.3076,1964400.0,520.67,1,1.296,1.296,0,0,871.6180198324212,402156.41279864707
111,1.3099,1962100.0,520.59,1,1.3078,1.3078,0,0,871.6109043290114,402152.53110922565
112,1.3122,1959900.0,520.51,1,1.3196,1.3196,0,0,871.5421118325419,402115.46194910613
113,1.3145,1957600.0,520.43,1,1.3314,1.3314,0,0,871.5424537285537,402115.8594982794
114,1.3168,1955300.0,520.35,1,1.3431,1.3431,0,0,871.5463684024968,402118.3340513362
115,1.3191,1953100.0,520.27,1,1.3549,1.3549,0,0,871.4885462164382,402087.53269369144
116,1.3214,1950600.0,520.19,1,1.3667,1.3667,0,0,871.6293963962596,402164.4804259603
117,1.3237,1948000.0,520.1,1,1.3785,1.3785,0,0,871.6532855562193,402176.8868160532
118,1.326,1945500.0,520.01,1,1.3903,1.3903,0,0,871.6167330797165,402156.69238535373
119,1.3283,1942900.0,519.91,1,1.4021,1.4021,0,0,871.466287676433,402073.43794651574
120,1.3306,1940300.0,519.82,1,1.4138,1.4138,0,0,871.5030307907175,402093.3734858331
121,1.3329,1937700.0,519.73,1,1.4256,1.4256,0,0,871.5432389409312,402115.4242737072
122,1.3352,1935100.0,519.64,1,1.4374,1.4374,0,0,871.5867262432282,402139.49764545995
123,1.3375,1932500.0,519.55,1,1.4492,1.4492,0,0,871.633303859766,402165.4990818593
124,1.3398,1930000.0,519.46,1,1.461,1.461,0,0,871.6198724699407,402159.00279396056
125,1.3417,1927500.0,519.37,1,1.4727,1.4727,0,0,871.609840367606,402152.4323895272
126,1.3437,1925000.0,519.28,1,1.4845,1.4845,0,0,871.6030785483822,402148.37046362343
127,1.3456,1922500.0,519.19,1,1.4963,1.4963,0,0,871.5994542745682,402145.6887658911
128,1.3476,1920000.0,519.1,1,1.5081,1.5081,0,0,871.5988316008811,402145.38422904233
129,1.3496,1917500.0,519.01,1,1.5199,1.5199,0,0,871.6010719100403,402146.85584507644
130,1.3515,1915000.0,518.92,1,1.5317,1.5317,0,0,871.6060344530098,402149.4964870929
131,1.3535,1912400.0,518.83,1,1.5434,1.5434,0,0,871.6743033728892,402187.65118469484
132,1.3554,1909900.0,518.74,1,1.5552,1.5552,0,0,871.6838953612892,402193.3012016196
133,1.3572,1907400.0,518.64,1,1.567,1.567,0,0,871.5303933630913,402107.8535563402
134,1.359,1904900.0,518.55,1,1.5788,1.5788,0,0,871.5457940869321,402116.54709491367
135,1.3607,1902400.0,518.46,1,1.5906,1.5906,0,0,871.5632090982896,402126.03937190515
136,1.3624,1899900.0,518.37,1,1.6024,1.6024,0,0,871.5824940850956,402136.7959067123
137,1.3641,1897300.0,518.28,1,1.6141,1.6141,0,0,871.6619553885195,402181.0144572889
138,1.3659,1894800.0,518.18,1,1.6259,1.6259,0,0,871.5252957626444,402105.6897032648
139,1.3676,1892300.0,518.09,1,1.6377,1.6377,0,0,871.5503611816174,402120.3337179665
140,1.3693,1889800.0,518.0,1,1.6495,1.6495,0,0,871.5767383892758,402135.9530105
141,1.3709,1887400.0,517.91,1,1.6613,1.6613,0,0,871.547377240179,402120.38537649706
142,1.3721,1885300.0,517.84,1,1.673,1.673,0,0,871.65777652158,402182.0548261438
143,1.3733,1883300.0,517.76,1,1.6848,1.6848,0,0,871.5589633396474,402126.98285500536
144,1.3744,1881300.0,517.69,1,1.6966,1.6966,0,0,871.6139526423071,402157.70540612924
145,1.3756,1879200.0,517.61,1,1.7084,1.7084,0,0,871.5739871624787,402135.56908001384
146,1.3767,1877200.0,517.54,1,1.7202,1.7202,0,0,871.6297183895668,402167.0443822864
147,1.3779,1875200.0,517.46,1,1.732,1.732,0,0,871.5371587509883,402115.9327467593
148,1.3791,1873100.0,517.39,1,1.7437,1.7437,0,0,871.6481329441566,402179.06506007846
149,1.3802,1871100.0,517.31,1,1.7555,1.7555,0,0,871.5582890411771,402129.1674114679
150,1.3813,1868700.0,517.23,1,1.7673,1.7673,0,0,871.6843427059166,402199.83484226844
151,1.3823,1866300.0,517.14,1,1.7791,1.7791,0,0,871.6657557880136,402188.7551252635
152,1.3833,1863900.0,517.05,1,1.7909,1.7909,0,0,871.6482012428029,402178.4509586467
153,1.3843,1861500.0,516.96,1,1.8026,1.8026,0,0,871.6315910020435,402168.875190623
154,1.3853,1859100.0,516.87,1,1.8144,1.8144,0,0,871.6158389761733,402159.9815883877
155,1.3863,1856700.0,516.78,1,1.8262,1.8262,0,0,871.6008611678561,402151.7249041317
156,1.3873,1854300.0,516.69,1,1.838,1.838,0,0,871.5865757703422,402144.06093316997
157,1.3884,1851900.0,516.6,1,1.8498,1.8498,0,0,871.5729032512186,402137.5202292922
158,1.3893,1849400.0,516.51,1,1.8616,1.8616,0,0,871.6096428895085,402158.36095228494
159,1.3901,1846800.0,516.41,1,1.8733,1.8733,0,0,871.5621892816131,402131.0170636031
160,1.3909,1844200.0,516.32,1,1.8851,1.8851,0,0,871.6475405033362,402179.1230261849
161,1.3917,1841600.0,516.22,1,1.8969,1.8969,0,0,871.6009772486285,402152.74810624233
162,1.3925,1838900.0,516.12,1,1.9087,1.9087,0,0,871.6031864681937,402154.0860446522
163,1.3932,1836300.0,516.02,1,1.9205,1.9205,0,0,871.5578794898579,402128.28895538225
164,1.394,1833700.0,515.93,1,1.9322,1.9322,0,0,871.6397684601759,402175.5246402557
165,1.3948,1831100.0,515.83,1,1.944,1.944,0,0,871.5946974222064,402150.91364021634
166,1.3956,1828400.0,515.73,1,1.9558,1.9558,0,0,871.596135982686,402152.83178060845
167,1.396,1825500.0,515.62,1,1.9676,1.9676,0,0,871.5654554797261,402134.1264472713
168,1.3963,1822600.0,515.52,1,1.9794,1.9794,0,0,871.6559676528484,402184.06953407364
169,1.3967,1819700.0,515.41,1,1.9912,1.9912,0,0,871.6242071199762,402165.30464659986
170,1.397,1816800.0,515.3,1,2.0029,2.0029,0,0,871.592405298491,402146.17513304536
171,1.3974,1813900.0,515.19,1,2.0147,2.0147,0,0,871.5604829281915,402127.8328025894
172,1.3977,1811000.0,515.09,1,2.0265,2.0265,0,0,871.6441886071367,402175.0894304666
173,1.3981,1808100.0,514.98,1,2.0383,2.0383,0,0,871.6106487990451,402156.36444264423
174,1.3984,1805200.0,514.87,1,2.0501,2.0501,0,0,871.5767908405957,402137.10119954497
175,1.3986,1802300.0,514.77,1,2.0618,2.0618,0,0,871.6545775104928,402181.2331777557
176,1.3986,1799400.0,514.66,1,2.0736,2.0736,0,0,871.6188038783206,402159.54618429655
177,1.3986,1796500.0,514.55,1,2.0854,2.0854,0,0,871.5825508580572,402137.8136380592
178,1.3987,1793700.0,514.45,1,2.0972,2.0972,0,0,871.6144209378921,402155.89585183095
179,1.3987,1790800.0,514.34,1,2.109,2.109,0,0,871.5764340342689,402133.6280035443
180,1.3987,1787900.0,514.24,1,2.1208,2.1208,0,0,871.6440723494911,402172.00638398604
181,1.3987,1785000.0,514.13,1,2.1325,2.1325,0,0,871.6038205390444,402148.8978906708
182,1.3988,1782200.0,514.03,1,2.1443,2.1443,0,0,871.6289021880388,402164.02214769414
183,1.3988,1779300.0,513.92,1,2.1561,2.1561,0,0,871.5866873516499,402140.2196286983
184,1.3986,1776200.0,513.81,1,2.1679,2.1679,0,0,871.6180583673207,402157.5451734256
185,1.3985,1773200.0,513.7,1,2.1797,2.1797,0,0,871.6102792712073,402153.29414407513
186,1.3983,1770100.0,513.59,1,2.1915,2.1915,0,0,871.6371233071371,402168.4974847056
187,1.3982,1767100.0,513.48,1,2.2032,2.2032,0,0,871.6257509864352,402162.62946510775
188,1.398,1764000.0,513.37,1,2.215,2.215,0,0,871.6481158034815,402175.71405324136
189,1.3979,1761000.0,513.26,1,2.2268,2.2268,0,0,871.6331639737092,402168.2159058126
190,1.3977,1757900.0,513.15,1,2.2386,2.2386,0,0,871.6511091993037,402179.19257720996
191,1.3976,1754800.0,513.04,1,2.2504,2.2504,0,0,871.6666538695893,402189.6575608453
192,1.3973,1751700.0,512.92,1,2.2621,2.2621,0,0,871.5861190186619,402143.9123157539
193,1.3969,1748600.0,512.81,1,2.2739,2.2739,0,0,871.5978989048338,402150.62706457643
194,1.3965,1745500.0,512.7,1,2.2857,2.2857,0,0,871.6073394560556,402156.1773366206
195,1.3961,1742300.0,512.59,1,2.2975,2.2975,0,0,871.6469399763456,402179.2951331017
196,1.3958,1739200.0,512.48,1,2.3093,2.3093,0,0,871.6514098770465,402183.0102991135
197,1.3954,1736000.0,512.37,1,2.3211,2.3211,0,0,871.6853103886126,402203.2041665092
198,1.395,1732900.0,512.25,1,2.3328,2.3328,0,0,871.5966000629829,402153.1271590416
199,1.3946,1729800.0,512.14,1,2.3446,2.3446,0,0,871.5949003434013,402153.1009178902
200,1.3942,1726700.0,512.03,1,2.3564,2.3564,0,0,871.5910419806514,402151.9795831091
201,1.3936,1724000.0,511.94,1,2.3682,2.3682,0,0,871.6359625620598,402177.0639006139
202,1.393,1721300.0,511.84,1,2.38,2.38,0,0,871.5930502193803,402151.8710545929
203,1.3924,1718500.0,511.75,1,2.3917,2.3917,0,0,871.6636528181853,402191.9754852023
204,1.3917,1715800.0,511.65,1,2.4035,2.4035,0,0,871.6178191657175,402164.57576646475
205,1.3911,1713000.0,511.56,1,2.4153,2.4153,0,0,871.6836085548225,402202.06628429587
206,1.3905,1710300.0,511.46,1,2.4271,2.4271,0,0,871.6349374225107,402173.88894525246
207,1.3899,1707500.0,511.36,1,2.4389,2.4389,0,0,871.613878582352,402161.7557999846
208,1.3893,1704800.0,511.27,1,2.4507,2.4507,0,0,871.644660716328,402179.23566311685
209,1.3887,1701600.0,511.16,1,2.4624,2.4624,0,0,871.6514278165564,402183.7967208053
210,1.3882,1698400.0,511.05,1,2.4742,2.4742,0,0,871.6557486187853,402187.7583201121
211,1.3876,1695200.0,510.94,1,2.486,2.486,0,0,871.6576718557204,402189.70922775054
212,1.387,1692000.0,510.83,1,2.4978,2.4978,0,0,871.6572450453683,402190.3868231838
213,1.3865,1688800.0,510.72,1,2.5096,2.5096,0,0,871.6545145246519,402190.5432271392
214,1.3859,1685600.0,510.61,1,2.5213,2.5213,0,0,871.6495254824179,402188.7426591894
215,1.3853,1682300.0,510.5,1,2.5331,2.5331,0,0,871.6685753113576,402200.9191022525
216,1.3847,1679100.0,510.39,1,2.5449,2.5449,0,0,871.6589366363818,402196.5664987947
217,1.384,1675700.0,510.27,1,2.5567,2.5567,0,0,871.6226306826104,402176.6309054842
218,1.383,1672100.0,510.15,1,2.5685,2.5685,0,0,871.63521496783,402182.78667131846
219,1.382,1668500.0,510.03,1,2.5803,2.5803,0,0,871.6447638527995,402187.2153868957
220,1.3811,1664900.0,509.91,1,2.592,2.592,0,0,871.6513521235818,402190.7133535714
221,1.3801,1661200.0,509.79,1,2.6038,2.6038,0,0,871.679618710044,402206.001842258
222,1.3791,1657600.0,509.67,1,2.6156,2.6156,0,0,871.6802346425994,402205.313605617
223,1.3782,1654000.0,509.55,1,2.6274,2.6274,0,0,871.6781067207646,402203.8156616311
224,1.3772,1650400.0,509.43,1,2.6392,2.6392,0,0,871.6732999106265,402199.99848262867
225,1.3762,1646800.0,509.3,1,2.6509,2.6509,0,0,871.5945060339645,402154.01594682
226,1.3752,1643100.0,509.19,1,2.6627,2.6627,0,0,871.6791914879453,402201.27974672883
227,1.3742,1639500.0,509.07,1,2.6745,2.6745,0,0,871.666485961004,402192.8548138692
228,1.3732,1635900.0,508.95,1,2.6863,2.6863,0,0,871.6513471963682,402183.0008667021
229,1.3722,1632200.0,508.83,1,2.6981,2.6981,0,0,871.6564309457427,402184.77548214636
230,1.3712,1628600.0,508.71,1,2.7099,2.7099,0,0,871.6363757530714,402172.01583138056
231,1.3702,1625000.0,508.6,1,2.7216,2.7216,0,0,871.6824975928935,402196.7688188778
232,1.3692,1621400.0,508.48,1,2.7334,2.7334,0,0,871.6575321310264,402181.07819064875
233,1.3682,1617700.0,508.36,1,2.7452,2.7452,0,0,871.6521464595565,402176.60571019957
234,1.3673,1614000.0,508.24,1,2.757,2.757,0,0,871.6442514394895,402171.4461111305
235,1.3664,1610300.0,508.12,1,2.7688,2.7688,0,0,871.6339073633325,402164.816122334
236,1.3654,1606600.0,508.01,1,2.7806,2.7806,0,0,871.6874634259441,402193.4456262687
237,1.3645,1602800.0,507.89,1,2.7923,2.7923,0,0,871.6929118205567,402195.722985741
238,1.3636,1599100.0,507.77,1,2.8041,2.8041,0,0,871.6749950232087,402184.50015787367
239,1.3626,1595300.0,507.65,1,2.8159,2.8159,0,0,871.6754004828308,402182.858524641
240,1.3617,1591600.0,507.53,1,2.8277,2.8277,0,0,871.6529340335189,402168.84983607376
241,1.3608,1587900.0,507.41,1,2.8395,2.8395,0,0,871.6283591251924,402153.5443799679
242,1.3599,1584100.0,507.3,1,2.8512,2.8512,0,0,871.6857191260185,402184.5238535013
243,1.3591,1580300.0,507.18,1,2.863,2.863,0,0,871.6763890719519,402178.5923892504
244,1.3583,1576400.0,507.06,1,2.8748,2.8748,0,0,871.6844144453811,402182.47790096566
245,1.3576,1572600.0,506.94,1,2.8866,2.8866,0,0,871.6704057829749,402174.5279399004
246,1.3568,1568800.0,506.82,1,2.8984,2.8984,0,0,871.6542241413858,402164.3498910904
247,1.356,1564900.0,506.7,1,2.9102,2.9102,0,0,871.6550719398664,402163.7703419868
248,1.3553,1561100.0,506.59,1,2.9219,2.9219,0,0,871.6964769703701,402186.57923527155
249,1.3545,1557200.0,506.47,1,2.9337,2.9337,0,0,871.6924525900191,402182.9388854115
250,1.3537,1553400.0,506.35,1,2.9455,2.9455,0,0,871.6674907154835,402167.2356632126
251,1.353,1549100.0,506.22,1,2.9573,2.9573,0,0,871.6722343344153,402169.67106061254
252,1.3523,1544600.0,506.09,1,2.9691,2.9691,0,0,871.7108886358959,402191.2017019138
253,1.3516,1540200.0,505.95,1,2.9808,2.9808,0,0,871.667735766316,402166.51779960503
254,1.3509,1535700.0,505.82,1,2.9926,2.9926,0,0,871.7002841829834,402184.1767261278
255,1.3503,1531300.0,505.69,1,3.0044,3.0044,0,0,871.7118099593426,402190.6347266025
256,1.3496,1526800.0,505.55,1,3.0162,3.0162,0,0,871.6789269545047,402171.2206326892
257,1.3489,1522300.0,505.42,1,3.028,3.028,0,0,871.7026991897108,402183.2555942866
258,1.3482,1517900.0,505.28,1,3.0398,3.0398,0,0,871.6473941868957,402150.7613424919
259,1.3476,1513600.0,505.16,1,3.0515,3.0515,0,0,871.6897912206394,402173.445520029
260,1.3473,1509900.0,505.05,1,3.0633,3.0633,0,0,871.6847802428097,402171.7143170829
261,1.347,1506200.0,504.94,1,3.0751,3.0751,0,0,871.6780867595398,402168.9051987084
262,1.3466,1502400.0,504.83,1,3.0869,3.0869,0,0,871.6866827740236,402173.5918760446
263,1.3463,1498700.0,504.72,1,3.0987,3.0987,0,0,871.6766290954771,402168.611765438
264,1.346,1495000.0,504.61,1,3.1104,3.1104,0,0,871.6650049915652,402162.61245285405
265,1.3457,1491200.0,504.5,1,3.1222,3.1222,0,0,871.66845928397,402164.93983042217
266,1.3454,1487500.0,504.4,1,3.134,3.134,0,0,871.7106365600009,402188.5428383916
267,1.345,1483800.0,504.29,1,3.1458,3.1458,0,0,871.6942086105389,402178.395053641
268,1.3449,1480500.0,504.19,1,3.1576,3.1576,0,0,871.6676465272685,402165.19019157096
269,1.3448,1477200.0,504.1,1,3.1694,3.1694,0,0,871.6964217638637,402182.6005635415
270,1.3447,1474000.0,504.01,1,3.1811,3.1811,0,0,871.7076802698973,402190.0937431799
271,1.3446,1470800.0,503.92,1,3.1929,3.1929,0,0,871.7177627299102,402196.81906138855
272,1.3446,1467500.0,503.82,1,3.2047,3.2047,0,0,871.6867839574851,402181.7617310774
273,1.3445,1464300.0,503.73,1,3.2165,3.2165,0,0,871.694662304773,402187.0431636483
274,1.3444,1461100.0,503.64,1,3.2283,3.2283,0,0,871.701430444129,402191.59143778856
275,1.3443,1457900.0,503.55,1,3.24,3.24,0,0,871.7071097544613,402195.41783933947
276,1.3441,1454300.0,503.45,1,3.2518,3.2518,0,0,871.7191297088744,402201.7738240106
277,1.3439,1450500.0,503.34,1,3.2636,3.2636,0,0,871.7058603143656,402194.06641952996
278,1.3437,1446600.0,503.23,1,3.2754,3.2754,0,0,871.7067482291309,402194.0513269485
279,1.3434,1442800.0,503.12,1,3.2872,3.2872,0,0,871.6907597754566,402183.4199437349
280,1.3432,1438900.0,503.01,1,3.299,3.299,0,0,871.6888215493249,402181.46471689147
281,1.343,1435000.0,502.9,1,3.3107,3.3107,0,0,871.6854759627694,402178.5394250357
282,1.3428,1431200.0,502.8,1,3.3225,3.3225,0,0,871.7198306279929,402196.18734423374
283,1.3425,1427300.0,502.69,1,3.3343,3.3343,0,0,871.7136847051888,402190.2267735338
284,1.3423,1423400.0,502.58,1,3.3461,3.3461,0,0,871.7062265351242,402184.4330659188
285,1.3423,1419200.0,502.46,1,3.3579,3.3579,0,0,871.6884920165608,402175.0109937152
286,1.3422,1414900.0,502.34,1,3.3697,3.3697,0,0,871.6841929029312,402171.66995650914
287,1.3421,1410600.0,502.23,1,3.3814,3.3814,0,0,871.7317815633602,402196.6246653069
288,1.3421,1406400.0,502.11,1,3.3932,3.3932,0,0,871.7096364879063,402184.1256636004
289,1.342,1402100.0,501.99,1,3.405,3.405,0,0,871.7007918271354,402177.5793543373
290,1.342,1397800.0,501.87,1,3.4168,3.4168,0,0,871.690533480614,402171.15710708045
291,1.3419,1393500.0,501.76,1,3.4286,3.4286,0,0,871.7316856749784,402191.5636235973
292,1.3418,1389300.0,501.64,1,3.4403,3.4403,0,0,871.7041859733423,402174.088801207
293,1.342,1385200.0,501.53,1,3.4521,3.4521,0,0,871.7137147949572,402180.1939038906
294,1.3423,1381200.0,501.42,1,3.4639,3.4639,0,0,871.7077239877517,402178.8088288723
295,1.3426,1377300.0,501.31,1,3.4757,3.4757,0,0,871.6864358451323,402168.9278585269
296,1.3429,1373300.0,501.21,1,3.4875,3.4875,0,0,871.7303978394544,402194.54429437977
297,1.3432,1369300.0,501.1,1,3.4993,3.4993,0,0,871.7210520946542,402190.8083320836
298,1.3435,1365400.0,500.99,1,3.511,3.511,0,0,871.6966727053891,402178.7436686965
299,1.3438,1361400.0,500.89,1,3.5228,3.5228,0,0,871.7370545111313,402201.83852744766
300,1.3441,1357500.0,500.78,1,3.5346,3.5346,0,0,871.710714317186,402188.36610640946
301,1.3444,1353500.0,500.67,1,3.5464,3.5464,0,0,871.6973286826197,402181.7291345585
302,1.3446,1349500.0,500.57,1,3.5582,3.5582,0,0,871.7343707471857,402201.2076512578
303,1.3449,1345500.0,500.46,1,3.5699,3.5699,0,0,871.7189926605402,402193.1070044996
304,1.3451,1341500.0,500.36,1,3.5817,3.5817,0,0,871.7538564175799,402210.9775944312
305,1.3453,1337500.0,500.25,1,3.5935,3.5935,0,0,871.7365815195374,402200.22366411315
306,1.3455,1333600.0,500.14,1,3.6053,3.6053,0,0,871.7049054325194,402181.53590308916
307,1.3458,1329600.0,500.04,1,3.6171,3.6171,0,0,871.7368012562504,402198.40752988786
308,1.346,1325600.0,499.93,1,3.6289,3.6289,0,0,871.7169531860437,402185.6633410171
309,1.3462,1321600.0,499.83,1,3.6406,3.6406,0,0,871.7469128742944,402199.798763096
310,1.3467,1317000.0,499.7,1,3.6524,3.6524,0,0,871.7044212328393,402177.39438424143
311,1.3472,1312200.0,499.58,1,3.6642,3.6642,0,0,871.7379380779029,402195.78845613025
312,1.3478,1307400.0,499.45,1,3.676,3.676,0,0,871.7198686023827,402187.1795034842
313,1.3483,1302500.0,499.33,1,3.6878,3.6878,0,0,871.7640207107303,402210.63777133235
314,1.3488,1297700.0,499.2,1,3.6995,3.6995,0,0,871.7436830504946,402198.9665474844
315,1.3494,1292900.0,499.08,1,3.7113,3.7113,0,0,871.7722384070041,402214.83545166947
316,1.3499,1288100.0,498.95,1,3.7231,3.7231,0,0,871.7498216930719,402201.4945543941
317,1.3504,1283300.0,498.82,1,3.7349,3.7349,0,0,871.7264677990615,402187.3745471604
318,1.351,1278700.0,498.7,1,3.7467,3.7467,0,0,871.7259556941952,402187.0317577073
319,1.3516,1274500.0,498.59,1,3.7585,3.7585,0,0,871.722550352875,402185.6147383262
320,1.3521,1270200.0,498.48,1,3.7702,3.7702,0,0,871.7312512120409,402189.0000235656
321,1.3527,1266000.0,498.37,1,3.782,3.782,0,0,871.7263840354514,402186.375589833
322,1.3533,1261700.0,498.27,1,3.7938,3.7938,0,0,871.782785941009,402216.43168686645
323,1.3538,1257500.0,498.16,1,3.8056,3.8056,0,0,871.7764540645712,402211.2137612765
324,1.3544,1253300.0,498.05,1,3.8174,3.8174,0,0,871.7694836634935,402206.81130687834
325,1.355,1249000.0,497.94,1,3.8291,3.8291,0,0,871.7745238247611,402208.4564000015
326,1.3555,1244800.0,497.83,1,3.8409,3.8409,0,0,871.7662976435457,402201.5540218578
327,1.3561,1240900.0,497.73,1,3.8527,3.8527,0,0,871.7685915358247,402202.19690977776
328,1.3566,1237200.0,497.63,1,3.8645,3.8645,0,0,871.7453076764431,402187.9502933573
329,1.3572,1233400.0,497.54,1,3.8763,3.8763,0,0,871.782781880869,402207.42041015194
330,1.3577,1229600.0,497.44,1,3.8881,3.8881,0,0,871.7711171269451,402198.8347453998
331,1.3582,1225800.0,497.34,1,3.8998,3.8998,0,0,871.759036988419,402189.8424276491
332,1.3588,1222000.0,497.24,1,3.9116,3.9116,0,0,871.7465541755965,402181.8843549748
333,1.3593,1218200.0,497.15,1,3.9234,3.9234,0,0,871.7820399157803,402198.0937430193
334,1.3598,1214400.0,497.05,1,3.9352,3.9352,0,0,871.7687223081117,402187.8741946276
335,1.3606,1210300.0,496.95,1,3.947,3.947,0,0,871.7920111478197,402200.65321463626
336,1.3615,1205800.0,496.83,1,3.9588,3.9588,0,0,871.7676596825246,402187.97601162025
337,1.3624,1201300.0,496.72,1,3.9705,3.9705,0,0,871.7909224486939,402200.6300309793
338,1.3634,1196800.0,496.6,1,3.9823,3.9823,0,0,871.7656193226666,402188.47536818386
339,1.3643,1192400.0,496.49,1,3.9941,3.9941,0,0,871.7756195351511,402193.85876736895
340,1.3652,1187900.0,496.38,1,4.0059,4.0059,0,0,871.7973113112548,402204.9662364565
341,1.3662,1183400.0,496.26,1,4.0177,4.0177,0,0,871.770721221339,402191.46873573447
342,1.3671,1178900.0,496.15,1,4.0294,4.0294,0,0,871.7914735863864,402201.59147331567
343,1.368,1174500.0,496.04,1,4.0412,4.0412,0,0,871.7996636352226,402205.0716298879
344,1.3689,1170500.0,495.94,1,4.053,4.053,0,0,871.8067604244019,402209.0946774028
345,1.3698,1166600.0,495.84,1,4.0648,4.0648,0,0,871.8014983983135,402206.6702334567
346,1.3706,1162600.0,495.74,1,4.0766,4.0766,0,0,871.8079963237002,402208.465073201
347,1.3715,1158600.0,495.64,1,4.0884,4.0884,0,0,871.8142035712938,402211.4522068788
348,1.3723,1154600.0,495.54,1,4.1001,4.1001,0,0,871.820133713044,402212.5413767518
349,1.3732,1150600.0,495.44,1,4.1119,4.1119,0,0,871.8258001962374,402214.8485099511
350,1.3741,1146700.0,495.34,1,4.1237,4.1237,0,0,871.8192820939349,402210.836729539
351,1.3749,1142700.0,495.24,1,4.1355,4.1355,0,0,871.8244811807194,402210.93085092213
352,1.3757,1138900.0,495.14,1,4.1473,4.1473,0,0,871.8056634686061,402198.7872040463
353,1.3765,1135300.0,495.05,1,4.159,4.159,0,0,871.8099937544686,402199.60217636323
354,1.3772,1131700.0,494.96,1,4.1708,4.1708,0,0,871.81416132184,402198.5636142147
355,1.378,1128100.0,494.87,1,4.1826,4.1826,0,0,871.8181755218081,402198.87149237376
356,1.3787,1124500.0,494.78,1,4.1944,4.1944,0,0,871.8220456433503,402197.319404246
357,1.3795,1120900.0,494.69,1,4.2062,4.2062,0,0,871.8257809157815,402197.1340761052
358,1.3802,1117300.0,494.6,1,4.218,4.218,0,0,871.8293905110983,402195.0821227374
359,1.3809,1113700.0,494.51,1,4.2297,4.2297,0,0,871.8328835463445,402192.78189522336
360,1.3818,1109900.0,494.41,1,4.2415,4.2415,0,0,871.8130996958035,402180.3122502021
361,1.3829,1105800.0,494.31,1,4.2533,4.2533,0,0,871.8285205382605,402188.3325902713
362,1.384,1101700.0,494.21,1,4.2651,4.2651,0,0,871.8438011827308,402196.07289767015
363,1.3851,1097500.0,494.1,1,4.2769,4.2769,0,0,871.824125429811,402184.5692349248
364,1.3862,1093400.0,494.0,1,4.2886,4.2886,0,0,871.839202523497,402191.78270067554
365,1.3873,1089300.0,493.9,1,4.3004,4.3004,0,0,871.8541799389128,402198.7304993335
366,1.3884,1085100.0,493.79,1,4.3122,4.3122,0,0,871.8343494968366,402186.50425809924
367,1.3895,1081000.0,493.69,1,4.324,4.324,0,0,871.849203332337,402192.952775021
368,1.3906,1076900.0,493.58,1,4.3358,4.3358,0,0,871.817692347894,402174.59260716656
369,1.3916,1073000.0,493.49,1,4.3476,4.3476,0,0,871.8554610912747,402192.05654262257
370,1.3927,1069300.0,493.39,1,4.3593,4.3593,0,0,871.8236729484578,402175.1895734833
371,1.3937,1065500.0,493.3,1,4.3711,4.3711,0,0,871.8497460479285,402186.5729381127
372,1.3948,1061700.0,493.21,1,4.3829,4.3829,0,0,871.8757863751123,402199.4705381368
373,1.3958,1058000.0,493.11,1,4.3947,4.3947,0,0,871.8441151179175,402180.4123966313
374,1.3968,1054200.0,493.02,1,4.4065,4.4065,0,0,871.8701752396213,402191.1925907444
375,1.3979,1050500.0,492.92,1,4.4183,4.4183,0,0,871.8386441141504,402173.5984025956
376,1.3989,1046700.0,492.83,1,4.43,4.43,0,0,871.8647633635525,402184.01000239316
377,1.3999,1043100.0,492.74,1,4.4418,4.4418,0,0,871.867769948044,402183.1136085631
378,1.4008,1039700.0,492.65,1,4.4536,4.4536,0,0,871.8477204288913,402169.21048124094
379,1.4017,1036300.0,492.57,1,4.4654,4.4654,0,0,871.8736262588126,402179.43069619243
380,1.4026,1033000.0,492.48,1,4.4772,4.4772,0,0,871.8421984857683,402159.76821631
381,1.4035,1029600.0,492.4,1,4.4889,4.4889,0,0,871.8682228178486,402169.7095271099
382,1.4045,1026300.0,492.32,1,4.5007,4.5007,0,0,871.8827625408425,402175.8104093874
383,1.4054,1022900.0,492.23,1,4.5125,4.5125,0,0,871.8631789639333,402161.32972831815
384,1.4063,1019500.0,492.15,1,4.5243,4.5243,0,0,871.8894128841952,402170.8558491946
385,1.4072,1016200.0,492.06,1,4.5361,4.5361,0,0,871.8585482761742,402150.69290758437
386,1.4083,1012600.0,491.97,1,4.5479,4.5479,0,0,871.8623767881068,402150.46114936605
387,1.4095,1008900.0,491.88,1,4.5596,4.5596,0,0,871.8778460684117,402157.39137912664
388,1.4107,1005300.0,491.79,1,4.5714,4.5714,0,0,871.8819450804913,402158.7797641422
389,1.4118,1001700.0,491.7,1,4.5832,4.5832,0,0,871.8861945669975,402158.2176390577
390,1.413,998090.0,491.61,1,4.595,4.595,0,0,871.8917523365598,402159.95276021195
391,1.4142,994470.0,491.52,1,4.6068,4.6068,0,0,871.898625665589,402162.1349018837
392,1.4153,990860.0,491.43,1,4.6185,4.6185,0,0,871.9045246413601,402161.8084737649
393,1.4165,987240.0,491.34,1,4.6303,4.6303,0,0,871.9117555589564,402163.8027044012
394,1.4177,983750.0,491.25,1,4.6421,4.6421,0,0,871.9042524892776,402158.7478703793
395,1.4188,980360.0,491.16,1,4.6539,4.6539,0,0,871.8854759331449,402146.3884873868
396,1.42,976980.0,491.08,1,4.6657,4.6657,0,0,871.9110527317117,402159.16505773616
397,1.4212,973590.0,490.99,1,4.6775,4.6775,0,0,871.892686935848,402148.60634764406
398,1.4223,970210.0,490.91,1,4.6892,4.6892,0,0,871.9186283714099,402159.3281594406
399,1.4235,966820.0,490.82,1,4.701,4.701,0,0,871.9007009665125,402148.6756667235
400,1.4247,963440.0,490.74,1,4.7128,4.7128,0,0,871.9270356333844,402161.18724499573
401,1.4259,960050.0,490.65,1,4.7246,4.7246,0,0,871.9095743802196,402150.4543999309
402,1.427,956700.0,490.57,1,4.7364,4.7364,0,0,871.9328897400046,402159.3128064778
403,1.4281,953610.0,490.49,1,4.7481,4.7481,0,0,871.9265889463678,402154.3964964336
404,1.4291,950520.0,490.41,1,4.7599,4.7599,0,0,871.920502755567,402147.4882949087
405,1.4301,947420.0,490.33,1,4.7717,4.7717,0,0,871.9157836652903,402141.06575553626
406,1.4312,944330.0,490.25,1,4.7835,4.7835,0,0,871.9101426605065,402136.0557275496
407,1.4322,941240.0,490.17,1,4.7953,4.7953,0,0,871.9047322122618,402129.03757136664
408,1.4333,938150.0,490.1,1,4.8071,4.8071,0,0,871.944511807547,402147.5388170215
409,1.4343,935060.0,490.02,1,4.8188,4.8188,0,0,871.9395538379786,402140.43647849426
410,1.4354,931970.0,489.94,1,4.8306,4.8306,0,0,871.9348427031889,402135.3035010473
411,1.4365,929040.0,489.86,1,4.8424,4.8424,0,0,871.9120167408759,402121.8236810287
412,1.4376,926190.0,489.79,1,4.8542,4.8542,0,0,871.9251147980676,402127.68358913
413,1.4388,923340.0,489.72,1,4.866,4.866,0,0,871.9384190567217,402135.5485478144
414,1.4399,920490.0,489.65,1,4.8777,4.8777,0,0,871.9519339779897,402141.38058272516
415,1.4411,917630.0,489.57,1,4.8895,4.8895,0,0,871.9220207622683,402126.30634621414
416,1.4422,914780.0,489.5,1,4.9013,4.9013,0,0,871.9359928858927,402132.13011349895
417,1.4434,911930.0,489.43,1,4.9131,4.9131,0,0,871.9501890157344,402139.98798226746
418,1.4445,909080.0,489.36,1,4.9249,4.9249,0,0,871.9646136764121,402145.7910021795
419,1.4457,906190.0,489.28,1,4.9367,4.9367,0,0,871.9391658962828,402132.324580963
420,1.4471,903210.0,489.21,1,4.9484,4.9484,0,0,871.9690374673764,402151.0134090213
421,1.4485,900230.0,489.13,1,4.9602,4.9602,0,0,871.9544992002405,402146.36929640087
422,1.4499,897250.0,489.05,1,4.972,4.972,0,0,871.9402609646252,402141.7711665419
423,1.4513,894270.0,488.98,1,4.9838,4.9838,0,0,871.9709453601598,402160.53287420416
424,1.4527,891290.0,488.9,1,4.9956,4.9956,0,0,871.9573009946049,402156.0133314919
425,1.454,888310.0,488.82,1,5.0073,5.0073,0,0,871.9439718081212,402149.4397118554
426,1.4554,885330.0,488.75,1,5.0191,5.0191,0,0,871.9755162353445,402168.2761168938
427,1.4568,882350.0,488.67,1,5.0309,5.0309,0,0,871.9628118866423,402163.88237708254
428,1.4583,879200.0,488.59,1,5.0427,5.0427,0,0,871.9700555966895,402170.3240301735
429,1.4597,876020.0,488.51,1,5.0545,5.0545,0,0,871.9811184018777,402176.2063760614
430,1.4612,872840.0,488.43,1,5.0663,5.0663,0,0,871.9925466114315,402184.25633366447
431,1.4626,869650.0,488.34,1,5.078,5.078,0,0,871.9610591961468,402167.5298931221
432,1.4641,866470.0,488.26,1,5.0898,5.0898,0,0,871.9732606266431,402175.6784632774
433,1.4655,863290.0,488.18,1,5.1016,5.1016,0,0,871.9858471996994,402181.71218996303
434,1.467,860110.0,488.1,1,5.1134,5.1134,0,0,871.9988256207413,402189.94772932236
435,1.4684,856930.0,488.01,1,5.1252,5.1252,0,0,871.967845076275,402172.9396410614
436,1.4699,853720.0,487.93,1,5.137,5.137,0,0,871.9851271724586,402182.7959693232
437,1.4715,850490.0,487.85,1,5.1487,5.1487,0,0,872.005146409234,402195.8991254332
438,1.4731,847250.0,487.76,1,5.1605,5.1605,0,0,871.982459963798,402186.49991861725
439,1.4746,844020.0,487.68,1,5.1723,5.1723,0,0,872.0033627716449,402197.5355368278
440,1.4762,840790.0,487.59,1,5.1841,5.1841,0,0,871.980454952328,402187.7995532013
441,1.4778,837550.0,487.51,1,5.1959,5.1959,0,0,872.0034331935834,402201.68128635996
442,1.4793,834320.0,487.42,1,5.2076,5.2076,0,0,871.9814937255942,402189.8926577803
443,1.4809,831080.0,487.34,1,5.2194,5.2194,0,0,872.0054158050833,402203.9139468896
444,1.4825,827850.0,487.26,1,5.2312,5.2312,0,0,872.0286444656972,402217.5025759843
445,1.4839,825010.0,487.18,1,5.243,5.243,0,0,872.006814896246,402207.17795647116
446,1.4853,822180.0,487.11,1,5.2548,5.2548,0,0,872.0283617402778,402219.37891337107
447,1.4867,819340.0,487.03,1,5.2666,5.2666,0,0,872.0073376858854,402209.2014232355
448,1.488,816510.0,486.96,1,5.2783,5.2783,0,0,872.0296636836359,402219.25027986965
449,1.4894,813670.0,486.88,1,5.2901,5.2901,0,0,872.0094654586799,402209.215603314
450,1.4908,810840.0,486.81,1,5.3019,5.3019,0,0,872.0325914033211,402221.6568218485
451,1.4922,808010.0,486.73,1,5.3137,5.3137,0,0,872.0120661448261,402211.27767005446
452,1.4936,805170.0,486.66,1,5.3255,5.3255,0,0,872.0371866194522,402224.3432398838
453,1.4949,802360.0,486.58,1,5.3372,5.3372,0,0,872.0151753985729,402210.8191909058
454,1.4961,799560.0,486.51,1,5.349,5.349,0,0,872.0364317038762,402217.3955642536
455,1.4972,796760.0,486.43,1,5.3608,5.3608,0,0,872.0141177416764,402198.8607414238
456,1.4984,793970.0,486.36,1,5.3726,5.3726,0,0,872.0350447967354,402205.0202234969
457,1.4996,791170.0,486.28,1,5.3844,5.3844,0,0,872.0136220630685,402188.9129852505
458,1.5008,788370.0,486.21,1,5.3962,5.3962,0,0,872.0365977498002,402195.6536581305
459,1.5019,785580.0,486.14,1,5.4079,5.4079,0,0,872.0588263520943,402199.59039739403
460,1.5031,782780.0,486.06,1,5.4197,5.4197,0,0,872.0387728075791,402183.6419737591
461,1.5043,780080.0,485.99,1,5.4315,5.4315,0,0,872.0512375752446,402185.58350803924
462,1.5053,778000.0,485.93,1,5.4433,5.4433,0,0,872.0344796765379,402175.08982383896
463,1.5062,775910.0,485.88,1,5.4551,5.4551,0,0,872.063045043013,402185.49107395764
464,1.5072,773830.0,485.82,1,5.4668,5.4668,0,0,872.0468191909515,402175.07891477953
465,1.5082,771750.0,485.76,1,5.4786,5.4786,0,0,872.0308677863576,402164.71514302446
466,1.5091,769660.0,485.71,1,5.4904,5.4904,0,0,872.0602152496346,402175.20259910764
467,1.5101,767580.0,485.65,1,5.5022,5.5022,0,0,872.0448095948757,402164.92163676553
468,1.5111,765500.0,485.6,1,5.514,5.514,0,0,872.073494922143,402177.3699555027
469,1.5121,763420.0,485.54,1,5.5258,5.5258,0,0,872.0586432846537,402167.17801013635
470,1.513,761460.0,485.49,1,5.5375,5.5375,0,0,872.0735406494009,402171.41858583357
471,1.5139,759560.0,485.44,1,5.5493,5.5493,0,0,872.0815125193255,402172.75370592956
472,1.5149,757660.0,485.38,1,5.5611,5.5611,0,0,872.0459493745439,402153.89197144186
473,1.5158,755760.0,485.33,1,5.5729,5.5729,0,0,872.054398442278,402155.3048400268
474,1.5167,753850.0,485.28,1,5.5847,5.5847,0,0,872.064281348689,402157.23855267174
475,1.5176,751950.0,485.23,1,5.5964,5.5964,0,0,872.0732057639868,402158.7164521557
476,1.5186,750050.0,485.18,1,5.6082,5.6082,0,0,872.0823701803148,402162.6627599
477,1.5195,748150.0,485.13,1,5.62,5.62,0,0,872.0917764878855,402164.2113823279
478,1.5204,746210.0,485.07,1,5.6318,5.6318,0,0,872.0625255602946,402145.14639159216
479,1.5215,744160.0,485.02,1,5.6436,5.6436,0,0,872.090477214781,402158.9738069136
480,1.5225,742120.0,484.96,1,5.6554,5.6554,0,0,872.0738184335032,402147.326292527
481,1.5235,740070.0,484.9,1,5.6671,5.6671,0,0,872.0586659326498,402136.2187008285
482,1.5245,738030.0,484.85,1,5.6789,5.6789,0,0,872.0862791988873,402147.2388382048
483,1.5255,735980.0,484.79,1,5.6907,5.6907,0,0,872.0717295454258,402136.2291795325
484,1.5265,733940.0,484.74,1,5.7025,5.7025,0,0,872.0999272779713,402147.3307016405
485,1.5276,731890.0,484.68,1,5.7143,5.7143,0,0,872.0859902262309,402138.90090880456
486,1.5286,729850.0,484.62,1,5.7261,5.7261,0,0,872.071157601466,402127.5636673998
487,1.5297,727820.0,484.57,1,5.7378,5.7378,0,0,872.0990431116146,402140.8052748298
488,1.5309,725800.0,484.51,1,5.7496,5.7496,0,0,872.0824056942984,402133.59826693835
489,1.5321,723780.0,484.46,1,5.7614,5.7614,0,0,872.1096785423756,402148.9694725717
490,1.5332,721760.0,484.4,1,5.7732,5.7732,0,0,872.0936645906305,402139.3998272281
491,1.5344,719740.0,484.34,1,5.785,5.785,0,0,872.0779707974223,402132.4096514842
492,1.5356,717710.0,484.29,1,5.7967,5.7967,0,0,872.1073838601068,402148.4578517361
493,1.5367,715690.0,484.23,1,5.8085,5.8085,0,0,872.0923296205536,402139.0899098108
494,1.5379,713670.0,484.18,1,5.8203,5.8203,0,0,872.1211487790318,402154.7791870259
495,1.539,711610.0,484.12,1,5.8321,5.8321,0,0,872.1116334806047,402147.4756107111
496,1.5399,709510.0,484.06,1,5.8439,5.8439,0,0,872.107358192713,402137.0898325076
497,1.5408,707410.0,484.0,1,5.8557,5.8557,0,0,872.1034406574656,402126.74719062645
498,1.5418,705300.0,483.94,1,5.8674,5.8674,0,0,872.1011107322522,402119.48061390297
499,1.5427,703200.0,483.88,1,5.8792,5.8792,0,0,872.0979188694953,402109.2295860213
500,1.5437,701100.0,483.82,1,5.891,5.891,0,0,872.0950935288781,402101.58282587014
501,1.5446,699000.0,483.77,1,5.9028,5.9028,0,0,872.1361141687779,402113.8241833569
502,1.5455,696900.0,483.71,1,5.9146,5.9146,0,0,872.1340211321709,402103.70093523053
503,1.5465,694790.0,483.65,1,5.9263,5.9263,0,0,872.133537967439,402096.67937398195
504,1.5478,692420.0,483.58,1,5.9381,5.9381,0,0,872.1221257103691,402087.5907972606
505,1.5491,690040.0,483.51,1,5.9499,5.9499,0,0,872.1124427932399,402079.07822715613
506,1.5504,687670.0,483.45,1,5.9617,5.9617,0,0,872.1454441951988,402092.53452280856
507,1.5518,685300.0,483.38,1,5.9735,5.9735,0,0,872.1355109484507,402086.32456095103
508,1.5531,682930.0,483.31,1,5.9853,5.9853,0,0,872.1260825974549,402077.61531949806
509,1.5544,680550.0,483.24,1,5.997,5.997,0,0,872.1184087766622,402069.4823351303
510,1.5557,678180.0,483.18,1,6.0088,6.0088,0,0,872.1533877343061,402083.28334265796
511,1.557,675810.0,483.11,1,6.0206,6.0206,0,0,872.1454930727646,402074.8545775256
512,1.5584,673580.0,483.04,1,6.0324,6.0324,0,0,872.1206124005938,402062.4462354608
513,1.5597,671450.0,482.98,1,6.0442,6.0442,0,0,872.1270353436191,402065.0136071855
514,1.5611,669320.0,482.92,1,6.0559,6.0559,0,0,872.1338826608879,402070.31535583764
515,1.5625,667200.0,482.86,1,6.0677,6.0677,0,0,872.1399020336877,402075.2399338572
516,1.5639,665070.0,482.8,1,6.0795,6.0795,0,0,872.1476069038756,402080.74545460066
517,1.5652,662940.0,482.74,1,6.0913,6.0913,0,0,872.1557467681326,402083.68991685164
518,1.5666,660810.0,482.68,1,6.1031,6.1031,0,0,872.1643252344576,402089.3939514769
519,1.568,658680.0,482.62,1,6.1149,6.1149,0,0,872.1733459426662,402095.200672269
520,1.5693,656630.0,482.56,1,6.1266,6.1266,0,0,872.172693828815,402094.6037753113
521,1.5703,654930.0,482.51,1,6.1384,6.1384,0,0,872.1714160363201,402091.5410354616
522,1.5714,653240.0,482.46,1,6.1502,6.1502,0,0,872.1691616696492,402090.74822437554
523,1.5725,651540.0,482.41,1,6.162,6.162,0,0,872.1684667428962,402090.5003008837
524,1.5735,649850.0,482.36,1,6.1738,6.1738,0,0,872.1667959909291,402087.1413644887
525,1.5746,648150.0,482.31,1,6.1855,6.1855,0,0,872.1666915280475,402087.0227592424
526,1.5756,646460.0,482.26,1,6.1973,6.1973,0,0,872.1656119967296,402083.78407264565
527,1.5767,644760.0,482.21,1,6.2091,6.2091,0,0,872.1661057071012,402083.79523254535
528,1.5777,643070.0,482.16,1,6.2209,6.2209,0,0,872.1656251141803,402080.677222409
529,1.5786,641600.0,482.12,1,6.2327,6.2327,0,0,872.1805430151362,402086.5785934824
530,1.5795,640200.0,482.08,1,6.2445,6.2445,0,0,872.1867275247071,402089.1833228883
531,1.5803,638800.0,482.03,1,6.2562,6.2562,0,0,872.1499050223325,402066.92830181494
532,1.5812,637410.0,481.99,1,6.268,6.268,0,0,872.1552292407573,402069.1457190099
533,1.582,636010.0,481.95,1,6.2798,6.2798,0,0,872.1620445096805,402069.14552448073
534,1.5828,634610.0,481.91,1,6.2916,6.2916,0,0,872.1690708215941,402069.1819153879
535,1.5837,633220.0,481.87,1,6.3034,6.3034,0,0,872.1750228113362,402071.52507665503
536,1.5845,631820.0,481.83,1,6.3152,6.3152,0,0,872.1824733159868,402071.63878273487
537,1.5856,630250.0,481.78,1,6.3269,6.3269,0,0,872.1688767786917,402066.0119178695
538,1.5871,628310.0,481.72,1,6.3387,6.3387,0,0,872.1601594955872,402066.9903633329
539,1.5886,626380.0,481.67,1,6.3505,6.3505,0,0,872.1937385422342,402089.74290923047
540,1.5901,624440.0,481.61,1,6.3623,6.3623,0,0,872.1858641823866,402090.95810893417
541,1.5917,622500.0,481.55,1,6.3741,6.3741,0,0,872.1784207738859,402095.07465735864
542,1.5932,620570.0,481.49,1,6.3858,6.3858,0,0,872.1701122314191,402096.0635362043
543,1.5947,618630.0,481.43,1,6.3976,6.3976,0,0,872.1635383307497,402097.65105990466
544,1.5962,616690.0,481.38,1,6.4094,6.4094,0,0,872.2005322858793,402121.45831651124
545,1.5977,614760.0,481.32,1,6.4212,6.4212,0,0,872.1935302038563,402122.80851795623
546,1.5987,613270.0,481.27,1,6.433,6.433,0,0,872.1725667490575,402111.3723963373
547,1.5996,611840.0,481.23,1,6.4448,6.4448,0,0,872.187130183345,402116.41123882734
548,1.6006,610410.0,481.19,1,6.4565,6.4565,0,0,872.2019346846911,402124.31161818455
549,1.6015,608980.0,481.14,1,6.4683,6.4683,0,0,872.1738841167702,402107.37416506856
550,1.6025,607550.0,481.1,1,6.4801,6.4801,0,0,872.1891805490587,402115.38256063743
551,1.6034,606120.0,481.06,1,6.4919,6.4919,0,0,872.2047221895161,402120.6157621294
552,1.6043,604690.0,481.01,1,6.5037,6.5037,0,0,872.177429145212,402103.83842011285
553,1.6053,603260.0,480.97,1,6.5154,6.5154,0,0,872.1934710403478,402112.00476121187
554,1.6062,601880.0,480.93,1,6.5272,6.5272,0,0,872.203164646367,402115.0054921836
555,1.607,600570.0,480.89,1,6.539,6.539,0,0,872.2038460377352,402111.8783783473
556,1.6079,599250.0,480.85,1,6.5508,6.5508,0,0,872.2060648810482,402112.11526758573
557,1.6088,597940.0,480.81,1,6.5626,6.5626,0,0,872.2071787660784,402111.9238457306
558,1.6096,596620.0,480.77,1,6.5744,6.5744,0,0,872.2098353538162,402109.3983725655
559,1.6105,595300.0,480.73,1,6.5861,6.5861,0,0,872.2127132790021,402109.7730162756
560,1.6113,593990.0,480.69,1,6.5979,6.5979,0,0,872.2144850804317,402106.8551999986
561,1.6122,592670.0,480.65,1,6.6097,6.6097,0,0,872.217807590641,402107.32063841616
562,1.6131,591360.0,480.61,1,6.6215,6.6215,0,0,872.2200231915175,402107.3582926708
563,1.614,590060.0,480.57,1,6.6333,6.6333,0,0,872.2211283790655,402106.9683390254
564,1.6149,588770.0,480.53,1,6.645,6.645,0,0,872.2211196326014,402106.1509419098
565,1.6158,587470.0,480.49,1,6.6568,6.6568,0,0,872.2226661387224,402105.8564611471
566,1.6167,586180.0,480.45,1,6.6686,6.6686,0,0,872.2230978427916,402105.1347094686
567,1.6176,584880.0,480.41,1,6.6804,6.6804,0,0,872.2250901930695,402104.93590483273
568,1.6185,583590.0,480.37,1,6.6922,6.6922,0,0,872.2259668658603,402104.3100002875
569,1.6194,582300.0,480.33,1,6.704,6.704,0,0,872.2270669389314,402103.7321110604
570,1.6203,581000.0,480.29,1,6.7157,6.7157,0,0,872.2297358617318,402103.67721841217
571,1.6212,579770.0,480.25,1,6.7275,6.7275,0,0,872.2232124299017,402100.34603290993
572,1.622,578580.0,480.21,1,6.7393,6.7393,0,0,872.2115072258403,402092.25283105666
573,1.6229,577390.0,480.17,1,6.7511,6.7511,0,0,872.199998491425,402087.1152699682
574,1.6237,576200.0,480.14,1,6.7629,6.7629,0,0,872.2316648657644,402101.06813369645
575,1.6246,575010.0,480.1,1,6.7746,6.7746,0,0,872.2205478157034,402096.0202139676
576,1.6254,573820.0,480.06,1,6.7864,6.7864,0,0,872.209629994351,402088.09559940227
577,1.6263,572620.0,480.03,1,6.7982,6.7982,0,0,872.2432323529579,402105.56430359196
578,1.6271,571430.0,479.99,1,6.81,6.81,0,0,872.2327133688367,402097.7221959056
579,1.628,570250.0,479.95,1,6.8218,6.8218,0,0,872.2210383579275,402092.38313216844
580,1.6287,569080.0,479.91,1,6.8336,6.8336,0,0,872.2082035694564,402080.7385637834
581,1.6295,567910.0,479.88,1,6.8453,6.8453,0,0,872.2385152044424,402094.0044047284
582,1.6303,566740.0,479.84,1,6.8571,6.8571,0,0,872.2260727775022,402085.37557903473
583,1.6311,565580.0,479.8,1,6.8689,6.8689,0,0,872.2124655502524,402076.31388393184
584,1.6318,564410.0,479.77,1,6.8807,6.8807,0,0,872.2433580925142,402086.73584908026
585,1.6326,563240.0,479.73,1,6.8925,6.8925,0,0,872.2315114370444,402078.225054559
586,1.6334,562080.0,479.69,1,6.9043,6.9043,0,0,872.2184980384294,402069.2815894801
587,1.6342,560910.0,479.66,1,6.916,6.916,0,0,872.2499798751779,402082.76377481205
588,1.6351,559720.0,479.62,1,6.9278,6.9278,0,0,872.2414816922718,402078.29153423756
589,1.6361,558540.0,479.58,1,6.9396,6.9396,0,0,872.2318213108525,402076.3656613401
590,1.6371,557350.0,479.54,1,6.9514,6.9514,0,0,872.2237457243363,402074.971079457
591,1.6382,556160.0,479.5,1,6.9632,6.9632,0,0,872.215883771086,402076.6130497838
592,1.6392,554970.0,479.47,1,6.9749,6.9749,0,0,872.251141138496,402097.22731566726
593,1.6402,553780.0,479.43,1,6.9867,6.9867,0,0,872.2437056540324,402096.0037543613
594,1.6412,552590.0,479.39,1,6.9985,6.9985,0,0,872.2364868817917,402094.8372051378
595,1.6422,551400.0,479.35,1,7.0103,7.0103,0,0,872.2294858586228,402093.7277167067
596,1.6431,550320.0,479.32,1,7.0221,7.0221,0,0,872.2503522972218,402106.331460082
597,1.6439,549420.0,479.29,1,7.0339,7.0339,0,0,872.2464327712685,402107.4309204843
598,1.6446,548520.0,479.26,1,7.0456,7.0456,0,0,872.2426392510517,402105.5603431143
599,1.6453,547620.0,479.23,1,7.0574,7.0574,0,0,872.2389721956341,402103.7190736849
600,1.6461,546720.0,479.2,1,7.0692,7.0692,0,0,872.2354320663101,402104.9181173537
601,1.6468,545820.0,479.17,1,7.081,7.081,0,0,872.2320193265967,402103.13839225966
602,1.6475,544920.0,479.14,1,7.0928,7.0928,0,0,872.2287344422779,402101.38803206495
603,1.6483,544020.0,479.12,1,7.1045,7.1045,0,0,872.2684461507815,402124.5447298003
604,1.649,543120.0,479.09,1,7.1163,7.1163,0,0,872.2654155017367,402122.8532243342
605,1.6497,542160.0,479.05,1,7.1281,7.1281,0,0,872.228035503973,402102.18766542454
606,1.6504,541200.0,479.02,1,7.1399,7.1399,0,0,872.2336672943421,402103.40662465635
607,1.6511,540240.0,478.99,1,7.1517,7.1517,0,0,872.239446067756,402104.65504993487
608,1.6519,539280.0,478.96,1,7.1635,7.1635,0,0,872.2453724096603,402108.9678961538
609,1.6526,538320.0,478.93,1,7.1752,7.1752,0,0,872.2514469085448,402110.27834073384
610,1.6533,537360.0,478.9,1,7.187,7.187,0,0,872.2576701559756,402111.6183162887
611,1.654,536400.0,478.87,1,7.1988,7.1988,0,0,872.2640427466009,402112.98784390517
612,1.6547,535440.0,478.84,1,7.2106,7.2106,0,0,872.2705652781952,402114.38694465696
613,1.6554,534540.0,478.81,1,7.2224,7.2224,0,0,872.2687848606257,402112.96710927074
614,1.656,533710.0,478.78,1,7.2341,7.2341,0,0,872.2572667874038,402105.2007071437
615,1.6567,532880.0,478.75,1,7.2459,7.2459,0,0,872.2458641673405,402100.51354310557
616,1.6573,532040.0,478.73,1,7.2577,7.2577,0,0,872.2788198250998,402115.0927356358
617,1.658,531210.0,478.7,1,7.2695,7.2695,0,0,872.2676481406338,402110.45903632353
618,1.6586,530370.0,478.67,1,7.2813,7.2813,0,0,872.2580084802547,402103.26609165204
619,1.6593,529540.0,478.64,1,7.2931,7.2931,0,0,872.2470717870395,402098.6884137461
620,1.6599,528700.0,478.62,1,7.3048,7.3048,0,0,872.280489667378,402113.35607624357
621,1.6606,527890.0,478.59,1,7.3166,7.3166,0,0,872.2669484730745,402107.88229726435
622,1.661,527230.0,478.57,1,7.3284,7.3284,0,0,872.2750270107139,402107.8986169635
623,1.6615,526580.0,478.55,1,7.3402,7.3402,0,0,872.2817575215605,402110.5261433965
624,1.6619,525930.0,478.52,1,7.352,7.352,0,0,872.2457492287293,402088.2896512367
625,1.6624,525280.0,478.5,1,7.3637,7.3637,0,0,872.2526250479056,402090.9463118677
626,1.6628,524620.0,478.48,1,7.3755,7.3755,0,0,872.2609973183756,402091.01093308296
627,1.6633,523970.0,478.46,1,7.3873,7.3873,0,0,872.2680181482756,402093.69474563777
628,1.6638,523320.0,478.44,1,7.3991,7.3991,0,0,872.2751112623985,402096.3932023263
629,1.6642,522670.0,478.42,1,7.4109,7.4109,0,0,872.2822768605769,402096.01863253367
630,1.6647,521970.0,478.39,1,7.4227,7.4227,0,0,872.2538613172918,402079.329828105
631,1.6652,521250.0,478.37,1,7.4344,7.4344,0,0,872.2711899561097,402085.39583042933
632,1.6657,520530.0,478.35,1,7.4462,7.4462,0,0,872.2886072782317,402091.47637043905
633,1.6663,519810.0,478.32,1,7.458,7.458,0,0,872.2633224759824,402078.8864364347
634,1.6668,519090.0,478.3,1,7.4698,7.4698,0,0,872.2809204710393,402085.0006507361
635,1.6673,518370.0,478.27,1,7.4816,7.4816,0,0,872.255821203205,402069.3524340172
636,1.6678,517650.0,478.25,1,7.4934,7.4934,0,0,872.2736009794858,402075.49807081075
637,1.6683,516940.0,478.23,1,7.5051,7.5051,0,0,872.2900336275396,402081.18349996716
638,1.6689,516220.0,478.2,1,7.5169,7.5169,0,0,872.2652125786433,402068.69592771935
639,1.6695,515530.0,478.18,1,7.5287,7.5287,0,0,872.2789458792771,402076.5755984255
640,1.6701,514830.0,478.15,1,7.5405,7.5405,0,0,872.251427753765,402063.183269321
641,1.6706,514140.0,478.13,1,7.5523,7.5523,0,0,872.2653325215904,402067.988797644
642,1.6712,513440.0,478.11,1,7.564,7.564,0,0,872.2807647993927,402076.40097454266
643,1.6718,512740.0,478.08,1,7.5758,7.5758,0,0,872.253514365883,402063.0726422071
644,1.6724,512050.0,478.06,1,7.5876,7.5876,0,0,872.2676776785792,402071.0506619715
645,1.673,511350.0,478.04,1,7.5994,7.5994,0,0,872.2833728501367,402079.5230302636
646,1.6736,510660.0,478.01,1,7.6112,7.6112,0,0,872.2549445006667,402065.7860283
647,1.674,510130.0,478.0,1,7.623,7.623,0,0,872.2889456407631,402081.71855747333
648,1.6743,509630.0,477.98,1,7.6347,7.6347,0,0,872.27588637632,402071.3531564028
649,1.6747,509140.0,477.96,1,7.6465,7.6465,0,0,872.2614233586095,402063.65165429655
650,1.675,508650.0,477.95,1,7.6583,7.6583,0,0,872.2897629940219,402074.5753191444
651,1.6753,508150.0,477.93,1,7.6701,7.6701,0,0,872.2768413962492,402064.23261961044
652,1.6757,507660.0,477.91,1,7.6819,7.6819,0,0,872.2625137498976,402056.55836646573
653,1.676,507170.0,477.9,1,7.6936,7.6936,0,0,872.2909845993663,402067.499986619
654,1.6764,506670.0,477.88,1,7.7054,7.7054,0,0,872.2782015292455,402060.31893178856
655,1.6767,506200.0,477.86,1,7.7172,7.7172,0,0,872.2610986296517,402048.58299402054
656,1.6771,505750.0,477.85,1,7.729,7.729,0,0,872.28387381058,402060.78462267417
657,1.6775,505310.0,477.83,1,7.7408,7.7408,0,0,872.2624806910918,402050.7819975027
658,1.6779,504860.0,477.82,1,7.7526,7.7526,0,0,872.2853293854264,402063.0004502637
659,1.6783,504410.0,477.8,1,7.7643,7.7643,0,0,872.2654698849461,402053.4922646601
660,1.6787,503970.0,477.79,1,7.7761,7.7761,0,0,872.2869335019212,402065.2524538565
661,1.6791,503520.0,477.77,1,7.7879,7.7879,0,0,872.2671506061015,402055.76366044785
662,1.6795,503080.0,477.76,1,7.7997,7.7997,0,0,872.2886867295074,402067.5406558303
663,1.6799,502630.0,477.74,1,7.8115,7.8115,0,0,872.2689807256198,402058.0712653424
664,1.6802,502290.0,477.73,1,7.8232,7.8232,0,0,872.2759621421874,402061.958993552
665,1.6805,501960.0,477.72,1,7.835,7.835,0,0,872.2815019051341,402065.3763921797
666,1.6808,501630.0,477.71,1,7.8468,7.8468,0,0,872.2870621180675,402068.79864204995
667,1.6811,501290.0,477.7,1,7.8586,7.8586,0,0,872.2941072523009,402072.7009679935
668,1.6814,500960.0,477.69,1,7.8704,7.8704,0,0,872.2997090443891,402076.1329358032
669,1.6817,500630.0,477.67,1,7.8822,7.8822,0,0,872.2625978532344,402057.84617256094
670,1.6819,500300.0,477.66,1,7.8939,7.8939,0,0,872.2682418040429,402058.1279342657
671,1.6822,499960.0,477.65,1,7.9057,7.9057,0,0,872.2753732288323,402062.0495080805
672,1.6825,499620.0,477.64,1,7.9175,7.9175,0,0,872.2825264869629,402065.975960823
673,1.6828,499260.0,477.63,1,7.9293,7.9293,0,0,872.2926378536328,402070.8578903953
674,1.6831,498910.0,477.62,1,7.9411,7.9411,0,0,872.3013048601334,402075.2694255003
675,1.6834,498550.0,477.6,1,7.9528,7.9528,0,0,872.2687370953146,402058.44378930854
676,1.6837,498190.0,477.59,1,7.9646,7.9646,0,0,872.2789223730479,402063.34148713475
677,1.684,497830.0,477.58,1,7.9764,7.9764,0,0,872.2891321818272,402068.24409429904
678,1.6843,497480.0,477.57,1,7.9882,7.9882,0,0,872.2978951597405,402072.6762570416
679,1.6846,497120.0,477.55,1,8.0,8.0,0,0,872.2654302589896,402055.8755399473
680,1.6849,496770.0,477.54,1,8.0118,8.0118,0,0,872.2742417024647,402060.3185261416
681,1.6851,496450.0,477.53,1,8.0235,8.0235,0,0,872.2786565213707,402060.16632954875
682,1.6853,496130.0,477.52,1,8.0353,8.0353,0,0,872.2830911019515,402060.0168494212
683,1.6856,495820.0,477.51,1,8.0471,8.0471,0,0,872.2860709897852,402062.5704572522
684,1.6858,495500.0,477.5,1,8.0589,8.0589,0,0,872.2905445886737,402062.42738965433
685,1.686,495180.0,477.49,1,8.0707,8.0707,0,0,872.2950380321711,402062.28704044543
686,1.6862,494870.0,477.48,1,8.0825,8.0825,0,0,872.2980751139656,402061.67402603605
687,1.6864,494550.0,477.47,1,8.0942,8.0942,0,0,872.3026077394528,402061.539123628
688,1.6866,494230.0,477.46,1,8.106,8.106,0,0,872.307160292952,402061.4069413821
689,1.6868,493920.0,477.44,1,8.1178,8.1178,0,0,872.2675408591368,402039.09917144506
690,1.6871,493600.0,477.43,1,8.1296,8.1296,0,0,872.2721337472118,402042.15601241385
691,1.6874,493290.0,477.42,1,8.1414,8.1414,0,0,872.2752674303207,402044.7422690983
692,1.6876,492980.0,477.41,1,8.1531,8.1531,0,0,872.2784199785774,402044.1485431089
693,1.6879,492660.0,477.4,1,8.1649,8.1649,0,0,872.2830717924924,402047.21875231207
694,1.6881,492350.0,477.39,1,8.1767,8.1767,0,0,872.286262728942,402046.631442524
695,1.6884,492040.0,477.38,1,8.1885,8.1885,0,0,872.2894726089162,402049.23472808296
696,1.6887,491720.0,477.37,1,8.2003,8.2003,0,0,872.2941835941436,402052.31831434753
697,1.6889,491430.0,477.36,1,8.2121,8.2121,0,0,872.2944666016119,402050.79016354005
698,1.6891,491220.0,477.35,1,8.2238,8.2238,0,0,872.2829009771991,402045.4608462301
699,1.6893,491000.0,477.34,1,8.2356,8.2356,0,0,872.2728279589516,402040.6095990093
700,1.6894,490790.0,477.34,1,8.2474,8.2474,0,0,872.3039859709901,402053.78697604407
701,1.6896,490570.0,477.33,1,8.2592,8.2592,0,0,872.2939319090566,402048.9395124352
702,1.6898,490350.0,477.32,1,8.271,8.271,0,0,872.2838877961374,402044.0946415994
703,1.69,490140.0,477.31,1,8.2827,8.2827,0,0,872.2723684627483,402038.7768136295
704,1.6901,489920.0,477.31,1,8.2945,8.2945,0,0,872.3050463980918,402052.4331813863
705,1.6903,489710.0,477.3,1,8.3063,8.3063,0,0,872.2935452973417,402047.119156237
706,1.6905,489500.0,477.29,1,8.3181,8.3181,0,0,872.2820533354127,402041.8076788208
707,1.6907,489290.0,477.29,1,8.3299,8.3299,0,0,872.3132711604339,402058.18807277613
708,1.691,489080.0,477.28,1,8.3417,8.3417,0,0,872.3017970664856,402056.07924226235
709,1.6912,488870.0,477.27,1,8.3534,8.3534,0,0,872.2903321356115,402050.77552390785
710,1.6914,488660.0,477.26,1,8.3652,8.3652,0,0,872.2788763758674,402045.47435460374
711,1.6916,488460.0,477.26,1,8.377,8.377,0,0,872.3086397386691,402061.38725302514
712,1.6919,488250.0,477.25,1,8.3888,8.3888,0,0,872.297201495202,402059.2918916751
713,1.6921,488040.0,477.24,1,8.4006,8.4006,0,0,872.2857724468508,402053.9984612506
714,1.6923,487850.0,477.24,1,8.4123,8.4123,0,0,872.3140699809217,402069.44181259
715,1.6925,487680.0,477.23,1,8.4241,8.4241,0,0,872.2966985038081,402062.2499424014
716,1.6926,487520.0,477.22,1,8.4359,8.4359,0,0,872.2778429804442,402051.38051642536
717,1.6928,487350.0,477.22,1,8.4477,8.4477,0,0,872.3031787344288,402065.8769230004
718,1.693,487180.0,477.21,1,8.4595,8.4595,0,0,872.2858251423704,402058.69087222824
719,1.6932,487020.0,477.21,1,8.4713,8.4713,0,0,872.3096807820123,402072.71486542
720,1.6934,486850.0,477.2,1,8.483,8.483,0,0,872.2923389397832,402065.53295089066
721,1.6935,486690.0,477.19,1,8.4948,8.4948,0,0,872.2735114619576,402054.67021027266
722,1.6937,486520.0,477.19,1,8.5066,8.5066,0,0,872.2988746029292,402069.1744377016
723,1.6938,486390.0,477.18,1,8.5184,8.5184,0,0,872.2755810512576,402056.8864714812
724,1.6939,486260.0,477.18,1,8.5302,8.5302,0,0,872.2949834700017,402066.2809907595
725,1.694,486140.0,477.18,1,8.5419,8.5419,0,0,872.3128960481286,402075.19998724083
726,1.6941,486010.0,477.17,1,8.5537,8.5537,0,0,872.2896131523272,402062.9144221966
727,1.6942,485880.0,477.17,1,8.5655,8.5655,0,0,872.3090249587316,402072.3102193341
728,1.6943,485760.0,477.16,1,8.5773,8.5773,0,0,872.2842557722718,402059.55055717484
729,1.6944,485630.0,477.16,1,8.5891,8.5891,0,0,872.3036739844689,402068.94733249105
730,1.6945,485500.0,477.15,1,8.6009,8.6009,0,0,872.2804054391901,402056.6652693479
731,1.6946,485380.0,477.15,1,8.6126,8.6126,0,0,872.2983359691966,402065.5871497662
732,1.6947,485280.0,477.15,1,8.6244,8.6244,0,0,872.313280032247,402073.55765594484
733,1.6948,485170.0,477.14,1,8.6362,8.6362,0,0,872.2870318233581,402060.3261570258
734,1.6949,485060.0,477.14,1,8.648,8.648,0,0,872.3034750432993,402068.7735045129
735,1.695,484950.0,477.13,1,8.6598,8.6598,0,0,872.2772321655247,402055.5436265113
736,1.6951,484840.0,477.13,1,8.6716,8.6716,0,0,872.293680238633,402063.99195415835
737,1.6952,484730.0,477.13,1,8.6833,8.6833,0,0,872.3101304681618,402072.44063048315
738,1.6953,484620.0,477.12,1,8.6951,8.6951,0,0,872.2838956277769,402059.2130051988
739,1.6954,484510.0,477.12,1,8.7069,8.7069,0,0,872.3003507177965,402067.66266195144
740,1.6955,484410.0,477.12,1,8.7187,8.7187,0,0,872.31531176508,402075.636765054
741,1.6957,484300.0,477.11,1,8.7305,8.7305,0,0,872.2890847267062,402065.62699533027
742,1.6958,484200.0,477.11,1,8.7422,8.7422,0,0,872.3040500204036,402073.60248777934
743,1.6959,484100.0,477.1,1,8.754,8.754,0,0,872.2763312295883,402059.902984478
744,1.696,483990.0,477.1,1,8.7658,8.7658,0,0,872.2927976296934,402068.355426506
745,1.6961,483890.0,477.1,1,8.7776,8.7776,0,0,872.307768964038,402076.33224827616
746,1.6962,483780.0,477.09,1,8.7894,8.7894,0,0,872.281554601262,402063.1109214828
747,1.6963,483680.0,477.09,1,8.8012,8.8012,0,0,872.2965301920099,402071.088708638
748,1.6964,483600.0,477.09,1,8.8129,8.8129,0,0,872.3085119556545,402078.11487497634
749,1.6965,483530.0,477.09,1,8.8247,8.8247,0,0,872.3189969406639,402084.6654210771
750,1.6966,483460.0,477.08,1,8.8365,8.8365,0,0,872.2867988784534,402069.54259399814
751,1.6966,483390.0,477.08,1,8.8483,8.8483,0,0,872.2972859680234,402072.87480816833
752,1.6967,483330.0,477.08,1,8.8601,8.8601,0,0,872.3062756023485,402078.950221129
753,1.6968,483260.0,477.08,1,8.8718,8.8718,0,0,872.3167643265058,402085.50202986185
754,1.6969,483190.0,477.07,1,8.8836,8.8836,0,0,872.284570730371,402070.3811503176
755,1.6969,483120.0,477.07,1,8.8954,8.8954,0,0,872.2950615614789,402073.71357829194
756,1.697,483060.0,477.07,1,8.9072,8.9072,0,0,872.3040544038404,402079.79022352933
757,1.6971,483010.0,477.07,1,8.919,8.919,0,0,872.3115489338903,402085.39117035986
758,1.6971,482970.0,477.07,1,8.9308,8.9308,0,0,872.3175448818552,402087.2954082067
759,1.6972,482920.0,477.06,1,8.9425,8.9425,0,0,872.2823577462636,402071.22436341207
760,1.6972,482870.0,477.06,1,8.9543,8.9543,0,0,872.2898537829253,402073.6048366366
761,1.6973,482820.0,477.06,1,8.9661,8.9661,0,0,872.297350269812,402079.206608273
762,1.6973,482780.0,477.06,1,8.9779,8.9779,0,0,872.3033477835679,402081.11096877616
763,1.6974,482730.0,477.06,1,8.9897,8.9897,0,0,872.3108450811739,402086.7131264196
764,1.6974,482680.0,477.06,1,9.0014,9.0014,0,0,872.3183428293537,402089.09355447604
765,1.6975,482650.0,477.05,1,9.0132,9.0132,0,0,872.2801599441267,402072.0722341787
766,1.6975,482610.0,477.05,1,9.025,9.025,0,0,872.286158880726,402073.9767409365
767,1.6975,482580.0,477.05,1,9.0368,9.0368,0,0,872.2906582725268,402075.4050900498
768,1.6976,482550.0,477.05,1,9.0486,9.0486,0,0,872.2951578266595,402080.05583412293
769,1.6976,482510.0,477.05,1,9.0604,9.0604,0,0,872.3011574847313,402081.96031693835
770,1.6976,482480.0,477.05,1,9.0721,9.0721,0,0,872.3056574177415,402083.38864809973
771,1.6977,482440.0,477.05,1,9.0839,9.0839,0,0,872.3116575810817,402088.5159181429
772,1.6977,482410.0,477.05,1,9.0957,9.0957,0,0,872.3161578931163,402089.94425789174
773,1.6977,482380.0,477.05,1,9.1075,9.1075,0,0,872.3206583676346,402091.37257111626
774,1.6978,482360.0,477.04,1,9.1193,9.1193,0,0,872.280977847155,402073.877083953
775,1.6978,482330.0,477.04,1,9.1311,9.1311,0,0,872.285478740366,402075.3055425085
776,1.6978,482310.0,477.04,1,9.1428,9.1428,0,0,872.2884794261417,402076.25783347414
777,1.6979,482280.0,477.04,1,9.1546,9.1546,0,0,872.2929805902771,402080.9097188649
778,1.6979,482260.0,477.04,1,9.1664,9.1664,0,0,872.2959814566944,402081.86202735064
779,1.6979,482240.0,477.04,1,9.1782,9.1782,0,0,872.2989823953825,402082.81432404736
780,1.698,482210.0,477.04,1,9.19,9.19,0,0,872.3034839389395,402087.46657237865
781,1.698,482190.0,477.04,1,9.2017,9.2017,0,0,872.3064850583387,402088.41888659965
782,1.698,482180.0,477.04,1,9.2135,9.2135,0,0,872.3079856451498,402088.8950392896
783,1.698,482180.0,477.04,1,9.2253,9.2253,0,0,872.3079856451498,402088.8950392896
784,1.6981,482170.0,477.04,1,9.2371,9.2371,0,0,872.3094862500368,402092.5952982834
785,1.6981,482170.0,477.04,1,9.2489,9.2489,0,0,872.3094862500368,402092.5952982834
786,1.6981,482160.0,477.04,1,9.2607,9.2607,0,0,872.310986873,402093.0714685781
787,1.6981,482160.0,477.04,1,9.2724,9.2724,0,0,872.310986873,402093.0714685781
788,1.6981,482150.0,477.04,1,9.2842,9.2842,0,0,872.3124875140411,402093.54763592593
789,1.6981,482150.0,477.04,1,9.296,9.296,0,0,872.3124875140411,402093.54763592593
790,1.6981,482140.0,477.04,1,9.3078,9.3078,0,0,872.3139881731607,402094.0238003269
791,1.6982,482140.0,477.04,1,9.3196,9.3196,0,0,872.3139881731607,402097.24816994835
792,1.6982,482140.0,477.04,1,9.3313,9.3313,0,0,872.3139881731607,402097.24816994835
793,1.6982,482140.0,477.04,1,9.3431,9.3431,0,0,872.3139881731607,402097.24816994835
794,1.6982,482140.0,477.04,1,9.3549,9.3549,0,0,872.3139881731607,402097.24816994835
795,1.6982,482140.0,477.04,1,9.3667,9.3667,0,0,872.3139881731607,402097.24816994835
796,1.6982,482140.0,477.04,1,9.3785,9.3785,0,0,872.3139881731607,402097.24816994835
797,1.6982,482140.0,477.04,1,9.3903,9.3903,0,0,872.3139881731607,402097.24816994835
798,1.6982,482140.0,477.04,1,9.402,9.402,0,0,872.3139881731607,402097.24816994835
799,1.6982,482150.0,477.04,1,9.4138,9.4138,0,0,872.3124875140411,402096.77198204765
800,1.6982,482160.0,477.04,1,9.4256,9.4256,0,0,872.310986873,402096.2957912
801,1.6982,482160.0,477.04,1,9.4374,9.4374,0,0,872.310986873,402096.2957912
802,1.6982,482170.0,477.04,1,9.4492,9.4492,0,0,872.3094862500368,402095.8195974054
803,1.6982,482170.0,477.04,1,9.4609,9.4609,0,0,872.3094862500368,402095.8195974054
804,1.6982,482180.0,477.04,1,9.4727,9.4727,0,0,872.3079856451498,402095.34340066364
805,1.6982,482180.0,477.04,1,9.4845,9.4845,0,0,872.3079856451498,402095.34340066364
806,1.6982,482190.0,477.04,1,9.4963,9.4963,0,0,872.3064850583387,402094.86720097484
807,1.6982,482200.0,477.04,1,9.5081,9.5081,0,0,872.3049844896019,402094.39099833876
808,1.6982,482210.0,477.04,1,9.5199,9.5199,0,0,872.3034839389395,402093.9147927555
809,1.6982,482220.0,477.04,1,9.5316,9.5316,0,0,872.3019834063492,402093.43858422484
810,1.6982,482220.0,477.04,1,9.5434,9.5434,0,0,872.3019834063492,402093.43858422484
811,1.6982,482230.0,477.04,1,9.5552,9.5552,0,0,872.3004828918305,402092.9623727469
812,1.6982,482240.0,477.04,1,9.567,9.567,0,0,872.2989823953825,402092.4861583216
813,1.6982,482250.0,477.04,1,9.5788,9.5788,0,0,872.2974819170045,402092.0099409488
814,1.6982,482260.0,477.04,1,9.5905,9.5905,0,0,872.2959814566944,402091.5337206284
815,1.6982,482270.0,477.04,1,9.6023,9.6023,0,0,872.2944810144526,402091.0574973605
816,1.6982,482280.0,477.04,1,9.6141,9.6141,0,0,872.2929805902771,402090.5812711449
817,1.6982,482280.0,477.04,1,9.6259,9.6259,0,0,872.2929805902771,402090.5812711449
818,1.6982,482290.0,477.04,1,9.6377,9.6377,0,0,872.2914801841679,402090.1050419816
819,1.6982,482300.0,477.04,1,9.6495,9.6495,0,0,872.2899797961225,402089.62880987057
820,1.6982,482310.0,477.04,1,9.6612,9.6612,0,0,872.2884794261417,402089.1525748118
821,1.6982,482320.0,477.04,1,9.673,9.673,0,0,872.2869790742229,402088.67633680505
822,1.6982,482320.0,477.04,1,9.6848,9.6848,0,0,872.2869790742229,402088.67633680505
823,1.6982,482330.0,477.04,1,9.6966,9.6966,0,0,872.285478740366,402088.20009585045
824,1.6982,482340.0,477.04,1,9.7084,9.7084,0,0,872.2839784245697,402087.72385194787
825,1.6982,482340.0,477.04,1,9.7201,9.7201,0,0,872.2839784245697,402087.72385194787
826,1.6982,482340.0,477.04,1,9.7319,9.7319,0,0,872.2839784245697,402087.72385194787
827,1.6982,482350.0,477.04,1,9.7437,9.7437,0,0,872.2824781268326,402087.2476050972
828,1.6982,482350.0,477.04,1,9.7555,9.7555,0,0,872.2824781268326,402087.2476050972
829,1.6982,482360.0,477.04,1,9.7673,9.7673,0,0,872.280977847155,402086.77135529846
830,1.6982,482360.0,477.05,1,9.7791,9.7791,0,0,872.3236587742621,402108.4429015432
831,1.6982,482360.0,477.05,1,9.7908,9.7908,0,0,872.3236587742621,402108.4429015432
832,1.6982,482370.0,477.05,1,9.8026,9.8026,0,0,872.3221585619195,402107.9666884894
833,1.6982,482370.0,477.05,1,9.8144,9.8144,0,0,872.3221585619195,402107.9666884894
834,1.6982,482370.0,477.05,1,9.8262,9.8262,0,0,872.3221585619195,402107.9666884894
835,1.6982,482370.0,477.05,1,9.838,9.838,0,0,872.3221585619195,402107.9666884894
836,1.6982,482370.0,477.05,1,9.8498,9.8498,0,0,872.3221585619195,402107.9666884894
837,1.6982,482370.0,477.05,1,9.8615,9.8615,0,0,872.3221585619195,402107.9666884894
838,1.6982,482370.0,477.05,1,9.8733,9.8733,0,0,872.3221585619195,402107.9666884894
839,1.6982,482380.0,477.05,1,9.8851,9.8851,0,0,872.3206583676346,402107.4904724881
840,1.6982,482380.0,477.05,1,9.8969,9.8969,0,0,872.3206583676346,402107.4904724881
841,1.6982,482370.0,477.05,1,9.9087,9.9087,0,0,872.3221585619195,402107.9666884894
842,1.6983,482370.0,477.05,1,9.9204,9.9204,0,0,872.3221585619195,402111.19086181925
843,1.6983,482370.0,477.05,1,9.9322,9.9322,0,0,872.3221585619195,402111.19086181925
844,1.6983,482370.0,477.05,1,9.944,9.944,0,0,872.3221585619195,402111.19086181925
845,1.6983,482370.0,477.05,1,9.9558,9.9558,0,0,872.3221585619195,402111.19086181925
846,1.6983,482360.0,477.05,1,9.9676,9.9676,0,0,872.3236587742621,402111.6670983746
847,1.6983,482360.0,477.05,1,9.9794,9.9794,0,0,872.3236587742621,402111.6670983746
848,1.6983,482360.0,477.05,1,9.9911,9.9911,0,0,872.3236587742621,402111.6670983746
849,1.6983,482360.0,477.05,1,10.003,10.003,0,0,872.3236587742621,402111.6670983746
850,1.6983,482350.0,477.04,1,10.015,10.015,0,0,872.2824781268326,402090.4716710493
851,1.6983,482350.0,477.04,1,10.026,10.026,0,0,872.2824781268326,402090.4716710493
852,1.6983,482340.0,477.04,1,10.038,10.038,0,0,872.2839784245697,402090.94794140314
853,1.6983,482340.0,477.04,1,10.05,10.05,0,0,872.2839784245697,402090.94794140314
854,1.6983,482340.0,477.04,1,10.062,10.062,0,0,872.2839784245697,402090.94794140314
855,1.6983,482330.0,477.04,1,10.074,10.074,0,0,872.285478740366,402091.4242088088
856,1.6983,482330.0,477.04,1,10.085,10.085,0,0,872.285478740366,402091.4242088088
857,1.6984,482320.0,477.04,1,10.097,10.097,0,0,872.2869790742229,402095.1247995782
858,1.6984,482320.0,477.04,1,10.109,10.109,0,0,872.2869790742229,402095.1247995782
859,1.6984,482310.0,477.04,1,10.121,10.121,0,0,872.2884794261417,402095.601084592
860,1.6984,482310.0,477.04,1,10.133,10.133,0,0,872.2884794261417,402095.601084592
861,1.6984,482300.0,477.04,1,10.144,10.144,0,0,872.2899797961225,402096.07736665773
862,1.6984,482290.0,477.04,1,10.156,10.156,0,0,872.2914801841679,402096.5536457754
863,1.6984,482290.0,477.04,1,10.168,10.168,0,0,872.2914801841679,402096.5536457754
864,1.6984,482280.0,477.04,1,10.18,10.18,0,0,872.2929805902771,402097.0299219452
865,1.6984,482280.0,477.04,1,10.191,10.191,0,0,872.2929805902771,402097.0299219452
866,1.6984,482270.0,477.04,1,10.203,10.203,0,0,872.2944810144526,402097.506195167
867,1.6984,482250.0,477.04,1,10.215,10.215,0,0,872.2974819170045,402098.45873276726
868,1.6985,482240.0,477.04,1,10.227,10.227,0,0,872.2989823953825,402102.15970135015
869,1.6985,482230.0,477.04,1,10.239,10.239,0,0,872.3004828918305,402102.6359862857
870,1.6985,482220.0,477.04,1,10.25,10.25,0,0,872.3019834063492,402103.1122682736
871,1.6985,482210.0,477.04,1,10.262,10.262,0,0,872.3034839389395,402103.5885473138
872,1.6985,482200.0,477.04,1,10.274,10.274,0,0,872.3049844896019,402104.0648234064
873,1.6985,482190.0,477.04,1,10.286,10.286,0,0,872.3064850583387,402104.54109655146
874,1.6985,482180.0,477.04,1,10.297,10.297,0,0,872.3079856451498,402105.01736674894
875,1.6986,482170.0,477.04,1,10.309,10.309,0,0,872.3094862500368,402108.71869260614
876,1.6986,482160.0,477.04,1,10.321,10.321,0,0,872.310986873,402109.1949804143
877,1.6986,482140.0,477.04,1,10.333,10.333,0,0,872.3139881731607,402110.14754718833
878,1.6986,482130.0,477.04,1,10.345,10.345,0,0,872.3154888503601,402110.6238261544
879,1.6986,482120.0,477.04,1,10.356,10.356,0,0,872.3169895456398,402111.1001021731
880,1.6986,482110.0,477.04,1,10.368,10.368,0,0,872.3184902590014,402111.5763752447
881,1.6986,482100.0,477.04,1,10.38,10.38,0,0,872.3199909904458,402112.05264536914
882,1.6986,482090.0,477.04,1,10.392,10.392,0,0,872.3214917399732,402112.52891254646
883,1.6987,482080.0,477.04,1,10.404,10.404,0,0,872.3229925075858,402116.230636813
884,1.6987,482060.0,477.04,1,10.415,10.415,0,0,872.3259940970686,402117.18320344447
885,1.6987,482050.0,477.03,1,10.427,10.427,0,0,872.284814913345,402095.98847078613
886,1.6987,482040.0,477.03,1,10.439,10.439,0,0,872.2863158025597,402096.4647864191
887,1.6987,482020.0,477.03,1,10.451,10.451,0,0,872.2893176352562,402097.4174088424
888,1.6987,482010.0,477.03,1,10.462,10.462,0,0,872.2908185787398,402097.89371563273
889,1.6987,482000.0,477.03,1,10.474,10.474,0,0,872.2923195403151,402098.3700194757
890,1.6988,481990.0,477.03,1,10.486,10.486,0,0,872.2938205199824,402102.0720274881
891,1.6988,481970.0,477.03,1,10.498,10.498,0,0,872.2968225335991,402103.02466745354
892,1.6988,481960.0,477.03,1,10.51,10.51,0,0,872.2983235675503,402103.5009830152
893,1.6988,481950.0,477.03,1,10.521,10.521,0,0,872.2998246195981,402103.9772956297
894,1.6988,481940.0,477.03,1,10.533,10.533,0,0,872.3013256897439,402104.45360529685
895,1.6988,481930.0,477.03,1,10.545,10.545,0,0,872.3028267779874,402104.92991201696
896,1.6988,481920.0,477.03,1,10.557,10.557,0,0,872.3043278843306,402105.40621578996
897,1.6988,481910.0,477.03,1,10.568,10.568,0,0,872.3058290087749,402105.8825166158
898,1.6988,481900.0,477.03,1,10.58,10.58,0,0,872.3073301513207,402106.35881449474
899,1.6988,481890.0,477.03,1,10.592,10.592,0,0,872.3088313119687,402106.83510942676
900,1.6989,481880.0,477.03,1,10.604,10.604,0,0,872.3103324907202,402110.53755701624
901,1.6989,481860.0,477.03,1,10.616,10.616,0,0,872.3133349025383,402111.49017916294
902,1.6989,481850.0,477.03,1,10.627,10.627,0,0,872.314836135606,402111.9664858161
903,1.6989,481840.0,477.03,1,10.639,10.639,0,0,872.3163373867819,402112.4427895226
904,1.6989,481820.0,477.03,1,10.651,10.651,0,0,872.3193399434604,402113.39538809535
905,1.6989,481810.0,477.03,1,10.663,10.663,0,0,872.3208412489645,402113.8716829618
906,1.6989,481800.0,477.03,1,10.674,10.674,0,0,872.3223425725805,402114.3479748819
907,1.699,481790.0,477.03,1,10.686,10.686,0,0,872.3238439143089,402118.0508209472
908,1.699,481770.0,477.02,1,10.698,10.698,0,0,872.2841674198588,402097.3331498356
909,1.699,481760.0,477.02,1,10.71,10.71,0,0,872.2856688651651,402097.8094931543
910,1.699,481740.0,477.02,1,10.722,10.722,0,0,872.288671810126,402098.76217095053
911,1.699,481730.0,477.02,1,10.733,10.733,0,0,872.290173309782,402099.2385054282
912,1.699,481720.0,477.02,1,10.745,10.745,0,0,872.291674827557,402099.71483695885
913,1.699,481700.0,477.02,1,10.757,10.757,0,0,872.2946779174654,402100.6674911797
914,1.6991,481690.0,477.02,1,10.769,10.769,0,0,872.2961794896013,402104.370641633
915,1.6991,481680.0,477.02,1,10.781,10.781,0,0,872.2976810798604,402104.84698488767
916,1.6991,481660.0,477.02,1,10.792,10.792,0,0,872.3006843147488,402105.79966255685
917,1.6991,481650.0,477.02,1,10.804,10.804,0,0,872.3021859593806,402106.2759969714
918,1.6991,481630.0,477.02,1,10.816,10.816,0,0,872.305189303025,402107.228656961
919,1.6991,481620.0,477.02,1,10.828,10.828,0,0,872.3066910020398,402107.704982536
920,1.6991,481610.0,477.02,1,10.839,10.839,0,0,872.308192719184,402108.1813051646
921,1.6991,481590.0,477.02,1,10.851,10.851,0,0,872.3111962078641,402109.13394158275
922,1.6992,481580.0,477.02,1,10.863,10.863,0,0,872.3126979794027,402112.83753168763
923,1.6992,481560.0,477.02,1,10.875,10.875,0,0,872.3157015768815,402113.79019745125
924,1.6992,481550.0,477.02,1,10.887,10.887,0,0,872.3172034028232,402114.2665259138
925,1.6992,481540.0,477.02,1,10.898,10.898,0,0,872.3187052469018,402114.74285143026
926,1.6992,481530.0,477.02,1,10.91,10.91,0,0,872.3202071091177,402115.21917400067
927,1.6992,481510.0,477.02,1,10.922,10.922,0,0,872.3232108879665,402116.1718103034
928,1.6992,481500.0,477.02,1,10.934,10.934,0,0,872.3247128046007,402116.64812403586
929,1.6992,481490.0,477.02,1,10.945,10.945,0,0,872.3262147393767,402117.1244348226
930,1.6993,481480.0,477.01,1,10.957,10.957,0,0,872.2850382822859,402099.15892072185
931,1.6993,481470.0,477.01,1,10.969,10.969,0,0,872.2865403025622,402099.6352887945
932,1.6993,481450.0,477.01,1,10.981,10.981,0,0,872.2895443975463,402100.5880161002
933,1.6993,481440.0,477.01,1,10.993,10.993,0,0,872.2910464722556,402101.0643753333
934,1.6993,481430.0,477.01,1,11.004,11.004,0,0,872.2925485651118,402101.5407316201
935,1.6993,481420.0,477.01,1,11.016,11.016,0,0,872.2940506761151,402102.01708496065
936,1.6993,481410.0,477.01,1,11.028,11.028,0,0,872.2955528052672,402102.49343535485
937,1.6993,481400.0,477.01,1,11.04,11.04,0,0,872.2970549525687,402102.96978280286
938,1.6993,481400.0,477.01,1,11.052,11.052,0,0,872.2970549525687,402102.96978280286
939,1.6994,481390.0,477.01,1,11.063,11.063,0,0,872.2985571180207,402106.6740759219
940,1.6994,481380.0,477.01,1,11.075,11.075,0,0,872.300059301624,402107.1504409919
941,1.6994,481370.0,477.01,1,11.087,11.087,0,0,872.3015615033798,402107.6268031157
942,1.6994,481360.0,477.01,1,11.099,11.099,0,0,872.3030637232889,402108.1031622935
943,1.6994,481350.0,477.01,1,11.11,11.11,0,0,872.3045659613531,402108.57951852516
944,1.6994,481350.0,477.01,1,11.122,11.122,0,0,872.3045659613531,402108.57951852516
945,1.6994,481340.0,477.01,1,11.134,11.134,0,0,872.3060682175726,402109.055871811
946,1.6994,481330.0,477.01,1,11.146,11.146,0,0,872.3075704919485,402109.5322221507
947,1.6994,481320.0,477.01,1,11.158,11.158,0,0,872.3090727844819,402110.00856954476
948,1.6994,481320.0,477.01,1,11.169,11.169,0,0,872.3090727844819,402110.00856954476
949,1.6994,481310.0,477.01,1,11.181,11.181,0,0,872.3105750951736,402110.4849139931
950,1.6994,481300.0,477.01,1,11.193,11.193,0,0,872.312077424025,402110.9612554956
951,1.6994,481300.0,477.01,1,11.205,11.205,0,0,872.312077424025,402110.9612554956
952,1.6994,481300.0,477.01,1,11.216,11.216,0,0,872.312077424025,402110.9612554956
953,1.6994,481290.0,477.01,1,11.228,11.228,0,0,872.3135797710369,402111.4375940524
954,1.6994,481290.0,477.01,1,11.24,11.24,0,0,872.3135797710369,402111.4375940524
955,1.6994,481280.0,477.01,1,11.252,11.252,0,0,872.3150821362101,402111.9139296637
956,1.6994,481280.0,477.01,1,11.264,11.264,0,0,872.3150821362101,402111.9139296637
957,1.6995,481270.0,477.01,1,11.275,11.275,0,0,872.3165845195463,402115.6186830775
958,1.6995,481270.0,477.01,1,11.287,11.287,0,0,872.3165845195463,402115.6186830775
959,1.6995,481270.0,477.01,1,11.299,11.299,0,0,872.3165845195463,402115.6186830775
960,1.6995,481260.0,477.01,1,11.311,11.311,0,0,872.3180869210455,402116.095036312
961,1.6995,481260.0,477.01,1,11.323,11.323,0,0,872.3180869210455,402116.095036312
962,1.6995,481260.0,477.01,1,11.334,11.334,0,0,872.3180869210455,402116.095036312
963,1.6995,481250.0,477.01,1,11.346,11.346,0,0,872.3195893407094,402116.57138660084
964,1.6995,481250.0,477.01,1,11.358,11.358,0,0,872.3195893407094,402116.57138660084
965,1.6995,481250.0,477.01,1,11.37,11.37,0,0,872.3195893407094,402116.57138660084
966,1.6995,481250.0,477.01,1,11.381,11.381,0,0,872.3195893407094,402116.57138660084
967,1.6995,481250.0,477.01,1,11.393,11.393,0,0,872.3195893407094,402116.57138660084
968,1.6995,481240.0,477.01,1,11.405,11.405,0,0,872.3210917785389,402117.04773394426
969,1.6995,481240.0,477.01,1,11.417,11.417,0,0,872.3210917785389,402117.04773394426
970,1.6995,481240.0,477.01,1,11.429,11.429,0,0,872.3210917785389,402117.04773394426
971,1.6995,481240.0,477.01,1,11.44,11.44,0,0,872.3210917785389,402117.04773394426
972,1.6995,481240.0,477.01,1,11.452,11.452,0,0,872.3210917785389,402117.04773394426
973,1.6995,481240.0,477.01,1,11.464,11.464,0,0,872.3210917785389,402117.04773394426
974,1.6995,481240.0,477.01,1,11.476,11.476,0,0,872.3210917785389,402117.04773394426
975,1.6995,481240.0,477.01,1,11.487,11.487,0,0,872.3210917785389,402117.04773394426
976,1.6995,481240.0,477.01,1,11.499,11.499,0,0,872.3210917785389,402117.04773394426
977,1.6995,481250.0,477.01,1,11.511,11.511,0,0,872.3195893407094,402116.57138660084
978,1.6995,481250.0,477.01,1,11.523,11.523,0,0,872.3195893407094,402116.57138660084
979,1.6995,481250.0,477.01,1,11.535,11.535,0,0,872.3195893407094,402116.57138660084
980,1.6995,481250.0,477.01,1,11.546,11.546,0,0,872.3195893407094,402116.57138660084
981,1.6995,481260.0,477.01,1,11.558,11.558,0,0,872.3180869210455,402116.095036312
982,1.6995,481260.0,477.01,1,11.57,11.57,0,0,872.3180869210455,402116.095036312
983,1.6995,481260.0,477.01,1,11.582,11.582,0,0,872.3180869210455,402116.095036312
984,1.6995,481260.0,477.01,1,11.593,11.593,0,0,872.3180869210455,402116.095036312
985,1.6995,481270.0,477.01,1,11.605,11.605,0,0,872.3165845195463,402115.6186830775
986,1.6995,481270.0,477.01,1,11.617,11.617,0,0,872.3165845195463,402115.6186830775
987,1.6995,481280.0,477.01,1,11.629,11.629,0,0,872.3150821362101,402115.14232689765
988,1.6995,481280.0,477.01,1,11.641,11.641,0,0,872.3150821362101,402115.14232689765
989,1.6995,481290.0,477.01,1,11.652,11.652,0,0,872.3135797710369,402114.6659677719
990,1.6995,481290.0,477.01,1,11.664,11.664,0,0,872.3135797710369,402114.6659677719
991,1.6995,481290.0,477.01,1,11.676,11.676,0,0,872.3135797710369,402114.6659677719
992,1.6995,481300.0,477.01,1,11.688,11.688,0,0,872.312077424025,402114.1896057005
993,1.6995,481300.0,477.01,1,11.7,11.7,0,0,872.312077424025,402114.1896057005
994,1.6995,481310.0,477.01,1,11.711,11.711,0,0,872.3105750951736,402113.71324068337
995,1.6994,481310.0,477.01,1,11.723,11.723,0,0,872.3105750951736,402110.4849139931
996,1.6994,481320.0,477.01,1,11.735,11.735,0,0,872.3090727844819,402110.00856954476
997,1.6994,481320.0,477.01,1,11.747,11.747,0,0,872.3090727844819,402110.00856954476
998,1.6994,481320.0,477.01,1,11.758,11.758,0,0,872.3090727844819,402110.00856954476
999,1.6994,481330.0,477.01,1,11.77,11.77,0,0,872.3075704919485,402109.5322221507
1000,1.6994,481330.0,477.01,1,11.782,11.782,0,0,872.3075704919485,402109.5322221507
