"Density","Mach","Momentum:0","Momentum:1","Momentum:2","Pressure","Temperature","vtkValidPointMask","arc_length","Points:0","Points:1","Points:2"
362.57,0.087232,3560.9,-0.33156,0,2.9325e+06,538.02,1,0,-13.88,0,0
362.57,0.087238,3561.1,-0.28216,0,2.9326e+06,538.02,1,0.025662,-13.855,0,0
362.57,0.087245,3561.4,-0.23276,0,2.9326e+06,538.02,1,0.051325,-13.829,0,0
362.57,0.087251,3561.7,-0.18336,0,2.9326e+06,538.02,1,0.076987,-13.804,0,0
362.57,0.087258,3562,-0.13396,0,2.9326e+06,538.02,1,0.10265,-13.778,0,0
362.57,0.087264,3562.2,-0.084558,0,2.9326e+06,538.02,1,0.12831,-13.752,0,0
362.57,0.087271,3562.5,-0.079905,0,2.9326e+06,538.02,1,0.15397,-13.727,0,0
362.57,0.08728,3562.8,-0.1338,0,2.9326e+06,538.02,1,0.17964,-13.701,0,0
362.57,0.087288,3563.2,-0.1877,0,2.9326e+06,538.02,1,0.2053,-13.675,0,0
362.57,0.087297,3563.5,-0.24159,0,2.9325e+06,538.02,1,0.23096,-13.65,0,0
362.57,0.087305,3563.8,-0.29549,0,2.9325e+06,538.02,1,0.25663,-13.624,0,0
362.57,0.087314,3564.2,-0.34939,0,2.9325e+06,538.02,1,0.28229,-13.598,0,0
362.57,0.087324,3564.5,-0.3419,0,2.9325e+06,538.02,1,0.30795,-13.573,0,0
362.57,0.087334,3565,-0.32496,0,2.9325e+06,538.02,1,0.33361,-13.547,0,0
362.57,0.087344,3565.4,-0.30802,0,2.9325e+06,538.02,1,0.35927,-13.521,0,0
362.57,0.087355,3565.8,-0.29107,0,2.9325e+06,538.02,1,0.38494,-13.496,0,0
362.57,0.087365,3566.2,-0.27413,0,2.9325e+06,538.02,1,0.4106,-13.47,0,0
362.57,0.087375,3566.6,-0.26298,0,2.9325e+06,538.02,1,0.43626,-13.444,0,0
362.57,0.087386,3567,-0.26537,0,2.9325e+06,538.02,1,0.46192,-13.419,0,0
362.57,0.087396,3567.4,-0.26775,0,2.9325e+06,538.02,1,0.48759,-13.393,0,0
362.57,0.087406,3567.8,-0.27014,0,2.9325e+06,538.02,1,0.51325,-13.367,0,0
362.57,0.087417,3568.2,-0.27253,0,2.9325e+06,538.02,1,0.53891,-13.342,0,0
362.57,0.087427,3568.6,-0.27492,0,2.9325e+06,538.02,1,0.56458,-13.316,0,0
362.57,0.08744,3569.1,-0.29025,0,2.9325e+06,538.02,1,0.59024,-13.29,0,0
362.57,0.087454,3569.7,-0.3103,0,2.9325e+06,538.02,1,0.6159,-13.265,0,0
362.57,0.087467,3570.2,-0.33035,0,2.9325e+06,538.02,1,0.64156,-13.239,0,0
362.57,0.087481,3570.8,-0.3504,0,2.9325e+06,538.02,1,0.66722,-13.213,0,0
362.57,0.087495,3571.3,-0.37045,0,2.9325e+06,538.02,1,0.69289,-13.188,0,0
362.57,0.087509,3571.9,-0.39288,0,2.9325e+06,538.02,1,0.71855,-13.162,0,0
362.57,0.087527,3572.6,-0.42724,0,2.9325e+06,538.02,1,0.74421,-13.136,0,0
362.57,0.087544,3573.3,-0.46161,0,2.9324e+06,538.02,1,0.76987,-13.111,0,0
362.56,0.087562,3574,-0.49597,0,2.9324e+06,538.02,1,0.79554,-13.085,0,0
362.56,0.087579,3574.7,-0.53034,0,2.9324e+06,538.02,1,0.8212,-13.059,0,0
362.56,0.087596,3575.4,-0.5647,0,2.9324e+06,538.02,1,0.84686,-13.034,0,0
362.56,0.087618,3576.3,-0.62428,0,2.9324e+06,538.02,1,0.87252,-13.008,0,0
362.56,0.087644,3577.3,-0.70072,0,2.9324e+06,538.02,1,0.89819,-12.982,0,0
362.56,0.087669,3578.2,-0.77716,0,2.9324e+06,538.02,1,0.92385,-12.957,0,0
362.56,0.087694,3579.2,-0.85359,0,2.9324e+06,538.02,1,0.94951,-12.931,0,0
362.56,0.087719,3580.2,-0.93003,0,2.9324e+06,538.02,1,0.97517,-12.905,0,0
362.56,0.087745,3581.2,-1.0021,0,2.9324e+06,538.02,1,1.0008,-12.88,0,0
362.56,0.08778,3582.7,-0.94554,0,2.9324e+06,538.02,1,1.0265,-12.854,0,0
362.56,0.087815,3584.1,-0.88896,0,2.9324e+06,538.02,1,1.0522,-12.828,0,0
362.56,0.08785,3585.5,-0.83237,0,2.9324e+06,538.02,1,1.0778,-12.803,0,0
362.56,0.087885,3586.9,-0.77579,0,2.9323e+06,538.02,1,1.1035,-12.777,0,0
362.56,0.087921,3588.3,-0.71921,0,2.9323e+06,538.02,1,1.1291,-12.751,0,0
362.56,0.087955,3589.7,-0.70404,0,2.9323e+06,538.02,1,1.1548,-12.726,0,0
362.56,0.087988,3591.1,-0.73636,0,2.9323e+06,538.02,1,1.1805,-12.7,0,0
362.56,0.088022,3592.4,-0.76867,0,2.9323e+06,538.02,1,1.2061,-12.674,0,0
362.55,0.088055,3593.7,-0.80099,0,2.9323e+06,538.02,1,1.2318,-12.649,0,0
362.55,0.088089,3595.1,-0.83331,0,2.9323e+06,538.02,1,1.2575,-12.623,0,0
362.55,0.088122,3596.4,-0.86563,0,2.9323e+06,538.02,1,1.2831,-12.597,0,0
362.55,0.088159,3597.9,-0.92897,0,2.9323e+06,538.02,1,1.3088,-12.572,0,0
362.55,0.088197,3599.4,-0.99579,0,2.9323e+06,538.02,1,1.3344,-12.546,0,0
362.55,0.088234,3600.9,-1.0626,0,2.9323e+06,538.02,1,1.3601,-12.52,0,0
362.55,0.088272,3602.4,-1.1294,0,2.9323e+06,538.02,1,1.3858,-12.495,0,0
362.55,0.088309,3603.9,-1.1963,0,2.9323e+06,538.02,1,1.4114,-12.469,0,0
362.55,0.088349,3605.5,-1.2583,0,2.9322e+06,538.02,1,1.4371,-12.443,0,0
362.55,0.088394,3607.3,-1.3105,0,2.9322e+06,538.02,1,1.4628,-12.418,0,0
362.55,0.088438,3609.1,-1.3628,0,2.9322e+06,538.02,1,1.4884,-12.392,0,0
362.55,0.088483,3610.8,-1.4151,0,2.9322e+06,538.02,1,1.5141,-12.366,0,0
362.54,0.088527,3612.6,-1.4674,0,2.9322e+06,538.02,1,1.5397,-12.341,0,0
362.54,0.088572,3614.3,-1.5197,0,2.9322e+06,538.02,1,1.5654,-12.315,0,0
362.54,0.088614,3616,-1.5157,0,2.9321e+06,538.02,1,1.5911,-12.289,0,0
362.54,0.088655,3617.6,-1.4943,0,2.9321e+06,538.02,1,1.6167,-12.264,0,0
362.54,0.088696,3619.2,-1.473,0,2.9321e+06,538.02,1,1.6424,-12.238,0,0
362.54,0.088737,3620.8,-1.4517,0,2.9321e+06,538.02,1,1.6681,-12.212,0,0
362.53,0.088779,3622.4,-1.4304,0,2.9321e+06,538.02,1,1.6937,-12.187,0,0
362.53,0.08882,3624.1,-1.4097,0,2.932e+06,538.02,1,1.7194,-12.161,0,0
362.53,0.088864,3625.8,-1.3914,0,2.932e+06,538.02,1,1.745,-12.135,0,0
362.53,0.088907,3627.5,-1.3732,0,2.932e+06,538.02,1,1.7707,-12.11,0,0
362.53,0.088951,3629.2,-1.3549,0,2.932e+06,538.02,1,1.7964,-12.084,0,0
362.53,0.088995,3631,-1.3367,0,2.932e+06,538.02,1,1.822,-12.058,0,0
362.53,0.089038,3632.7,-1.3185,0,2.9319e+06,538.02,1,1.8477,-12.033,0,0
362.52,0.089086,3634.6,-1.3309,0,2.9319e+06,538.02,1,1.8734,-12.007,0,0
362.52,0.089136,3636.6,-1.3611,0,2.9319e+06,538.02,1,1.899,-11.981,0,0
362.52,0.089186,3638.6,-1.3914,0,2.9319e+06,538.02,1,1.9247,-11.956,0,0
362.52,0.089237,3640.6,-1.4217,0,2.9319e+06,538.02,1,1.9503,-11.93,0,0
362.52,0.089287,3642.6,-1.4519,0,2.9319e+06,538.02,1,1.976,-11.904,0,0
362.52,0.089338,3644.7,-1.492,0,2.9319e+06,538.01,1,2.0017,-11.879,0,0
362.52,0.089402,3647.2,-1.6717,0,2.9318e+06,538.01,1,2.0273,-11.853,0,0
362.52,0.089467,3649.8,-1.8515,0,2.9318e+06,538.01,1,2.053,-11.827,0,0
362.51,0.089531,3652.4,-2.0313,0,2.9318e+06,538.01,1,2.0787,-11.802,0,0
362.51,0.089595,3654.9,-2.211,0,2.9318e+06,538.01,1,2.1043,-11.776,0,0
362.51,0.089659,3657.5,-2.3908,0,2.9318e+06,538.01,1,2.13,-11.751,0,0
362.51,0.089725,3660.1,-2.4791,0,2.9318e+06,538.01,1,2.1556,-11.725,0,0
362.51,0.089797,3663,-2.2843,0,2.9317e+06,538.01,1,2.1813,-11.699,0,0
362.51,0.089869,3665.8,-2.0895,0,2.9317e+06,538.01,1,2.207,-11.674,0,0
362.51,0.08994,3668.7,-1.8946,0,2.9317e+06,538.01,1,2.2326,-11.648,0,0
362.5,0.090012,3671.5,-1.6998,0,2.9317e+06,538.01,1,2.2583,-11.622,0,0
362.5,0.090083,3674.3,-1.505,0,2.9316e+06,538.01,1,2.284,-11.597,0,0
362.5,0.09015,3677,-1.3998,0,2.9316e+06,538.01,1,2.3096,-11.571,0,0
362.5,0.090211,3679.4,-1.417,0,2.9316e+06,538.01,1,2.3353,-11.545,0,0
362.49,0.090271,3681.7,-1.4341,0,2.9316e+06,538.01,1,2.3609,-11.52,0,0
362.49,0.090332,3684.1,-1.4513,0,2.9315e+06,538.01,1,2.3866,-11.494,0,0
362.49,0.090392,3686.5,-1.4684,0,2.9315e+06,538.01,1,2.4123,-11.468,0,0
362.49,0.090453,3688.9,-1.4856,0,2.9315e+06,538.01,1,2.4379,-11.443,0,0
362.49,0.090516,3691.4,-1.5392,0,2.9314e+06,538.01,1,2.4636,-11.417,0,0
362.48,0.090581,3693.9,-1.617,0,2.9314e+06,538.01,1,2.4893,-11.391,0,0
362.48,0.090647,3696.5,-1.6947,0,2.9314e+06,538.01,1,2.5149,-11.366,0,0
362.48,0.090712,3699.1,-1.7725,0,2.9314e+06,538.01,1,2.5406,-11.34,0,0
362.48,0.090778,3701.7,-1.8503,0,2.9313e+06,538.01,1,2.5662,-11.314,0,0
362.48,0.090843,3704.3,-1.9281,0,2.9313e+06,538.01,1,2.5919,-11.289,0,0
362.47,0.090914,3707.1,-2.065,0,2.9313e+06,538.01,1,2.6176,-11.263,0,0
362.47,0.090987,3710,-2.2187,0,2.9313e+06,538.01,1,2.6432,-11.237,0,0
362.47,0.091059,3712.9,-2.3723,0,2.9312e+06,538.01,1,2.6689,-11.212,0,0
362.47,0.091132,3715.7,-2.5259,0,2.9312e+06,538.01,1,2.6946,-11.186,0,0
362.47,0.091205,3718.6,-2.6795,0,2.9312e+06,538.01,1,2.7202,-11.16,0,0
362.46,0.091277,3721.5,-2.8332,0,2.9312e+06,538.01,1,2.7459,-11.135,0,0
362.46,0.091359,3724.7,-2.9369,0,2.9311e+06,538.01,1,2.7715,-11.109,0,0
362.46,0.091441,3727.9,-3.0385,0,2.9311e+06,538.01,1,2.7972,-11.083,0,0
362.46,0.091523,3731.2,-3.1402,0,2.9311e+06,538.01,1,2.8229,-11.058,0,0
362.45,0.091605,3734.4,-3.2418,0,2.931e+06,538.01,1,2.8485,-11.032,0,0
362.45,0.091687,3737.6,-3.3435,0,2.931e+06,538.01,1,2.8742,-11.006,0,0
362.45,0.09177,3740.9,-3.4321,0,2.931e+06,538.01,1,2.8999,-10.981,0,0
362.45,0.091859,3744.5,-3.4396,0,2.9309e+06,538.01,1,2.9255,-10.955,0,0
362.44,0.091949,3748,-3.4471,0,2.9309e+06,538.01,1,2.9512,-10.929,0,0
362.44,0.092038,3751.6,-3.4546,0,2.9309e+06,538.01,1,2.9768,-10.904,0,0
362.44,0.092128,3755.2,-3.4621,0,2.9309e+06,538.01,1,3.0025,-10.878,0,0
362.44,0.092217,3758.7,-3.4696,0,2.9308e+06,538.01,1,3.0282,-10.852,0,0
362.43,0.09231,3762.4,-3.4558,0,2.9308e+06,538.01,1,3.0538,-10.827,0,0
362.43,0.092411,3766.4,-3.3965,0,2.9308e+06,538.01,1,3.0795,-10.801,0,0
362.43,0.092512,3770.5,-3.3371,0,2.9307e+06,538.01,1,3.1052,-10.775,0,0
362.43,0.092613,3774.5,-3.2778,0,2.9307e+06,538.01,1,3.1308,-10.75,0,0
362.43,0.092714,3778.5,-3.2184,0,2.9307e+06,538.01,1,3.1565,-10.724,0,0
362.42,0.092815,3782.5,-3.1591,0,2.9307e+06,538.01,1,3.1821,-10.698,0,0
362.42,0.092924,3786.9,-3.1566,0,2.9306e+06,538.01,1,3.2078,-10.673,0,0
362.42,0.093042,3791.5,-3.212,0,2.9306e+06,538.01,1,3.2335,-10.647,0,0
362.41,0.09316,3796.2,-3.2673,0,2.9305e+06,538.01,1,3.2591,-10.621,0,0
362.41,0.093279,3800.9,-3.3226,0,2.9305e+06,538,1,3.2848,-10.596,0,0
362.41,0.093397,3805.6,-3.3779,0,2.9305e+06,538,1,3.3105,-10.57,0,0
362.41,0.093515,3810.3,-3.4332,0,2.9304e+06,538,1,3.3361,-10.544,0,0
362.4,0.093631,3814.9,-3.4808,0,2.9304e+06,538,1,3.3618,-10.519,0,0
362.4,0.093746,3819.3,-3.5246,0,2.9303e+06,538,1,3.3874,-10.493,0,0
362.39,0.093861,3823.8,-3.5684,0,2.9303e+06,538,1,3.4131,-10.467,0,0
362.39,0.093977,3828.3,-3.6123,0,2.9302e+06,538,1,3.4388,-10.442,0,0
362.38,0.094092,3832.8,-3.6561,0,2.9301e+06,538,1,3.4644,-10.416,0,0
362.38,0.094207,3837.3,-3.6999,0,2.9301e+06,538,1,3.4901,-10.39,0,0
362.37,0.094321,3841.7,-3.7442,0,2.93e+06,538,1,3.5158,-10.365,0,0
362.37,0.094434,3846.2,-3.7885,0,2.93e+06,538,1,3.5414,-10.339,0,0
362.37,0.094547,3850.7,-3.8328,0,2.9299e+06,538,1,3.5671,-10.313,0,0
362.36,0.094661,3855.1,-3.8772,0,2.9299e+06,538,1,3.5927,-10.288,0,0
362.36,0.094774,3859.6,-3.9215,0,2.9298e+06,538,1,3.6184,-10.262,0,0
362.36,0.094889,3864.1,-3.984,0,2.9298e+06,538,1,3.6441,-10.236,0,0
362.35,0.095045,3870.3,-4.58,0,2.9297e+06,538,1,3.6697,-10.211,0,0
362.35,0.095201,3876.5,-5.1759,0,2.9297e+06,538,1,3.6954,-10.185,0,0
362.34,0.095357,3882.6,-5.7719,0,2.9296e+06,538,1,3.7211,-10.159,0,0
362.34,0.095514,3888.8,-6.3679,0,2.9296e+06,538,1,3.7467,-10.134,0,0
362.33,0.09567,3894.9,-6.9639,0,2.9295e+06,538,1,3.7724,-10.108,0,0
362.33,0.095824,3901.1,-7.351,0,2.9295e+06,538,1,3.798,-10.082,0,0
362.32,0.095974,3907,-6.9607,0,2.9294e+06,538,1,3.8237,-10.057,0,0
362.32,0.096123,3912.9,-6.5704,0,2.9294e+06,538,1,3.8494,-10.031,0,0
362.32,0.096273,3918.8,-6.18,0,2.9293e+06,538,1,3.875,-10.005,0,0
362.31,0.096423,3924.7,-5.7897,0,2.9293e+06,538,1,3.9007,-9.9798,0,0
362.31,0.096572,3930.6,-5.3994,0,2.9292e+06,538,1,3.9264,-9.9541,0,0
362.3,0.096717,3936.3,-5.0367,0,2.9292e+06,537.99,1,3.952,-9.9285,0,0
362.3,0.096856,3941.7,-4.7171,0,2.9291e+06,537.99,1,3.9777,-9.9028,0,0
362.29,0.096995,3947.1,-4.3974,0,2.929e+06,537.99,1,4.0033,-9.8771,0,0
362.28,0.097133,3952.4,-4.0777,0,2.9289e+06,537.99,1,4.029,-9.8515,0,0
362.28,0.097272,3957.8,-3.7581,0,2.9288e+06,537.99,1,4.0547,-9.8258,0,0
362.27,0.09741,3963.1,-3.4384,0,2.9287e+06,537.99,1,4.0803,-9.8002,0,0
362.27,0.097539,3968.2,-3.3859,0,2.9287e+06,537.99,1,4.106,-9.7745,0,0
362.26,0.097661,3972.9,-3.5354,0,2.9286e+06,537.99,1,4.1317,-9.7488,0,0
362.26,0.097783,3977.7,-3.6849,0,2.9286e+06,537.99,1,4.1573,-9.7232,0,0
362.25,0.097905,3982.4,-3.8344,0,2.9285e+06,537.99,1,4.183,-9.6975,0,0
362.25,0.098026,3987.2,-3.9839,0,2.9285e+06,537.99,1,4.2086,-9.6718,0,0
362.24,0.098148,3992,-4.1333,0,2.9284e+06,537.99,1,4.2343,-9.6462,0,0
362.24,0.098317,3998.7,-4.8685,0,2.9284e+06,537.99,1,4.26,-9.6205,0,0
362.24,0.098501,4006,-5.8006,0,2.9283e+06,537.99,1,4.2856,-9.5949,0,0
362.23,0.098686,4013.4,-6.7326,0,2.9283e+06,537.99,1,4.3113,-9.5692,0,0
362.23,0.09887,4020.7,-7.6646,0,2.9282e+06,537.99,1,4.337,-9.5435,0,0
362.23,0.099055,4028.1,-8.5966,0,2.9282e+06,537.99,1,4.3626,-9.5179,0,0
362.22,0.099239,4035.5,-9.5287,0,2.9282e+06,537.99,1,4.3883,-9.4922,0,0
362.22,0.099473,4044.7,-8.9825,0,2.9281e+06,537.99,1,4.4139,-9.4665,0,0
362.21,0.099709,4054,-8.3204,0,2.928e+06,537.99,1,4.4396,-9.4409,0,0
362.21,0.099946,4063.4,-7.6584,0,2.9279e+06,537.99,1,4.4653,-9.4152,0,0
362.2,0.10018,4072.7,-6.9963,0,2.9278e+06,537.98,1,4.4909,-9.3896,0,0
362.19,0.10042,4082.1,-6.3342,0,2.9278e+06,537.98,1,4.5166,-9.3639,0,0
362.19,0.10065,4091.3,-5.7632,0,2.9277e+06,537.98,1,4.5423,-9.3382,0,0
362.18,0.10085,4099.1,-5.9584,0,2.9276e+06,537.98,1,4.5679,-9.3126,0,0
362.17,0.10105,4106.9,-6.1536,0,2.9275e+06,537.98,1,4.5936,-9.2869,0,0
362.17,0.10125,4114.7,-6.3487,0,2.9274e+06,537.98,1,4.6192,-9.2612,0,0
362.16,0.10145,4122.5,-6.5439,0,2.9273e+06,537.98,1,4.6449,-9.2356,0,0
362.15,0.10165,4130.3,-6.7391,0,2.9273e+06,537.98,1,4.6706,-9.2099,0,0
362.15,0.10185,4138.2,-6.9114,0,2.9272e+06,537.98,1,4.6962,-9.1843,0,0
362.14,0.10206,4146.2,-7.0265,0,2.9271e+06,537.98,1,4.7219,-9.1586,0,0
362.13,0.10227,4154.3,-7.1416,0,2.9269e+06,537.98,1,4.7476,-9.1329,0,0
362.12,0.10248,4162.3,-7.2568,0,2.9268e+06,537.98,1,4.7732,-9.1073,0,0
362.11,0.10268,4170.3,-7.3719,0,2.9267e+06,537.98,1,4.7989,-9.0816,0,0
362.1,0.10289,4178.3,-7.487,0,2.9266e+06,537.98,1,4.8245,-9.0559,0,0
362.09,0.10311,4186.7,-7.5898,0,2.9265e+06,537.97,1,4.8502,-9.0303,0,0
362.09,0.10333,4195.5,-7.6783,0,2.9264e+06,537.97,1,4.8759,-9.0046,0,0
362.08,0.10356,4204.3,-7.7668,0,2.9263e+06,537.97,1,4.9015,-8.979,0,0
362.07,0.10379,4213.1,-7.8553,0,2.9262e+06,537.97,1,4.9272,-8.9533,0,0
362.06,0.10401,4221.9,-7.9438,0,2.9261e+06,537.97,1,4.9529,-8.9276,0,0
362.05,0.10424,4230.8,-8.0323,0,2.926e+06,537.97,1,4.9785,-8.902,0,0
362.05,0.10448,4240.4,-8.2445,0,2.9259e+06,537.97,1,5.0042,-8.8763,0,0
362.04,0.10474,4250.4,-8.5253,0,2.9258e+06,537.97,1,5.0298,-8.8506,0,0
362.03,0.105,4260.5,-8.8062,0,2.9257e+06,537.97,1,5.0555,-8.825,0,0
362.02,0.10525,4270.5,-9.087,0,2.9256e+06,537.97,1,5.0812,-8.7993,0,0
362.02,0.10551,4280.6,-9.3679,0,2.9255e+06,537.97,1,5.1068,-8.7737,0,0
362.01,0.10577,4290.6,-9.6487,0,2.9255e+06,537.97,1,5.1325,-8.748,0,0
362,0.10606,4302.2,-10.357,0,2.9253e+06,537.97,1,5.1582,-8.7223,0,0
361.99,0.10637,4314.2,-11.158,0,2.9252e+06,537.96,1,5.1838,-8.6967,0,0
361.98,0.10668,4326.1,-11.959,0,2.9251e+06,537.96,1,5.2095,-8.671,0,0
361.97,0.10699,4338.1,-12.759,0,2.9249e+06,537.96,1,5.2351,-8.6453,0,0
361.96,0.10729,4350,-13.56,0,2.9248e+06,537.96,1,5.2608,-8.6197,0,0
361.94,0.1076,4362,-14.36,0,2.9247e+06,537.96,1,5.2865,-8.594,0,0
361.93,0.10794,4375.2,-13.31,0,2.9245e+06,537.96,1,5.3121,-8.5684,0,0
361.92,0.10828,4388.5,-12.26,0,2.9244e+06,537.96,1,5.3378,-8.5427,0,0
361.91,0.10862,4401.8,-11.21,0,2.9243e+06,537.96,1,5.3635,-8.517,0,0
361.9,0.10896,4415.1,-10.16,0,2.9241e+06,537.96,1,5.3891,-8.4914,0,0
361.89,0.1093,4428.3,-9.1102,0,2.924e+06,537.96,1,5.4148,-8.4657,0,0
361.88,0.10963,4441.2,-8.2643,0,2.9239e+06,537.95,1,5.4404,-8.44,0,0
361.87,0.10992,4452.3,-8.3516,0,2.9237e+06,537.95,1,5.4661,-8.4144,0,0
361.86,0.11021,4463.4,-8.4389,0,2.9236e+06,537.95,1,5.4918,-8.3887,0,0
361.84,0.1105,4474.5,-8.5261,0,2.9234e+06,537.95,1,5.5174,-8.3631,0,0
361.83,0.11079,4485.5,-8.6134,0,2.9232e+06,537.95,1,5.5431,-8.3374,0,0
361.82,0.11108,4496.6,-8.7007,0,2.9231e+06,537.95,1,5.5688,-8.3117,0,0
361.81,0.11137,4507.9,-8.9031,0,2.9229e+06,537.95,1,5.5944,-8.2861,0,0
361.8,0.11167,4519.7,-9.3115,0,2.9228e+06,537.95,1,5.6201,-8.2604,0,0
361.79,0.11197,4531.5,-9.72,0,2.9227e+06,537.95,1,5.6457,-8.2347,0,0
361.78,0.11228,4543.2,-10.128,0,2.9226e+06,537.95,1,5.6714,-8.2091,0,0
361.77,0.11258,4555,-10.537,0,2.9225e+06,537.94,1,5.6971,-8.1834,0,0
361.76,0.11288,4566.7,-10.945,0,2.9223e+06,537.94,1,5.7227,-8.1578,0,0
361.75,0.11322,4579.5,-11.051,0,2.9222e+06,537.94,1,5.7484,-8.1321,0,0
361.73,0.11357,4593.1,-10.896,0,2.922e+06,537.94,1,5.7741,-8.1064,0,0
361.71,0.11393,4606.7,-10.741,0,2.9218e+06,537.94,1,5.7997,-8.0808,0,0
361.7,0.11429,4620.4,-10.586,0,2.9216e+06,537.94,1,5.8254,-8.0551,0,0
361.68,0.11464,4634,-10.432,0,2.9214e+06,537.94,1,5.851,-8.0294,0,0
361.67,0.115,4647.6,-10.277,0,2.9212e+06,537.93,1,5.8767,-8.0038,0,0
361.65,0.11535,4660.8,-10.235,0,2.921e+06,537.93,1,5.9024,-7.9781,0,0
361.63,0.11569,4673.8,-10.239,0,2.9207e+06,537.93,1,5.928,-7.9525,0,0
361.61,0.11604,4686.8,-10.243,0,2.9205e+06,537.93,1,5.9537,-7.9268,0,0
361.6,0.11638,4699.9,-10.247,0,2.9203e+06,537.93,1,5.9794,-7.9011,0,0
361.58,0.11673,4712.9,-10.25,0,2.9201e+06,537.93,1,6.005,-7.8755,0,0
361.56,0.11707,4725.9,-10.254,0,2.9199e+06,537.92,1,6.0307,-7.8498,0,0
361.54,0.11747,4741,-11.78,0,2.9197e+06,537.92,1,6.0563,-7.8241,0,0
361.53,0.11787,4756.2,-13.485,0,2.9195e+06,537.92,1,6.082,-7.7985,0,0
361.51,0.11826,4771.5,-15.189,0,2.9193e+06,537.92,1,6.1077,-7.7728,0,0
361.5,0.11866,4786.8,-16.893,0,2.9191e+06,537.92,1,6.1333,-7.7472,0,0
361.48,0.11906,4802.1,-18.598,0,2.9189e+06,537.92,1,6.159,-7.7215,0,0
361.47,0.11947,4817.5,-20.08,0,2.9187e+06,537.92,1,6.1847,-7.6958,0,0
361.45,0.11992,4834.8,-18.773,0,2.9185e+06,537.91,1,6.2103,-7.6702,0,0
361.43,0.12037,4852,-17.466,0,2.9182e+06,537.91,1,6.236,-7.6445,0,0
361.41,0.12082,4869.2,-16.159,0,2.918e+06,537.91,1,6.2616,-7.6188,0,0
361.39,0.12128,4886.5,-14.852,0,2.9178e+06,537.91,1,6.2873,-7.5932,0,0
361.37,0.12173,4903.7,-13.545,0,2.9175e+06,537.91,1,6.313,-7.5675,0,0
361.35,0.12216,4920.2,-12.541,0,2.9173e+06,537.91,1,6.3386,-7.5419,0,0
361.34,0.12253,4934.4,-12.43,0,2.9171e+06,537.9,1,6.3643,-7.5162,0,0
361.33,0.12291,4948.7,-12.319,0,2.917e+06,537.9,1,6.39,-7.4905,0,0
361.31,0.12328,4962.9,-12.208,0,2.9168e+06,537.9,1,6.4156,-7.4649,0,0
361.3,0.12365,4977.2,-12.097,0,2.9167e+06,537.9,1,6.4413,-7.4392,0,0
361.29,0.12402,4991.4,-11.986,0,2.9165e+06,537.9,1,6.4669,-7.4135,0,0
361.27,0.12445,5007.8,-12.035,0,2.9163e+06,537.9,1,6.4926,-7.3879,0,0
361.26,0.12495,5026.8,-12.293,0,2.9161e+06,537.9,1,6.5183,-7.3622,0,0
361.24,0.12544,5045.9,-12.552,0,2.9159e+06,537.89,1,6.5439,-7.3366,0,0
361.22,0.12594,5065,-12.81,0,2.9157e+06,537.89,1,6.5696,-7.3109,0,0
361.21,0.12644,5084.1,-13.069,0,2.9155e+06,537.89,1,6.5953,-7.2852,0,0
361.19,0.12693,5103.2,-13.327,0,2.9153e+06,537.89,1,6.6209,-7.2596,0,0
361.17,0.12743,5122.1,-13.768,0,2.9151e+06,537.89,1,6.6466,-7.2339,0,0
361.15,0.12793,5141,-14.324,0,2.9148e+06,537.89,1,6.6722,-7.2082,0,0
361.13,0.12843,5159.9,-14.881,0,2.9146e+06,537.88,1,6.6979,-7.1826,0,0
361.11,0.12893,5178.8,-15.437,0,2.9143e+06,537.88,1,6.7236,-7.1569,0,0
361.09,0.12943,5197.7,-15.994,0,2.9141e+06,537.88,1,6.7492,-7.1313,0,0
361.07,0.12992,5216.6,-16.55,0,2.9139e+06,537.88,1,6.7749,-7.1056,0,0
361.05,0.1305,5238.1,-16.751,0,2.9135e+06,537.88,1,6.8006,-7.0799,0,0
361.02,0.13109,5260.2,-16.856,0,2.9132e+06,537.87,1,6.8262,-7.0543,0,0
360.99,0.13168,5282.3,-16.962,0,2.9129e+06,537.87,1,6.8519,-7.0286,0,0
360.97,0.13227,5304.4,-17.068,0,2.9125e+06,537.87,1,6.8775,-7.0029,0,0
360.94,0.13286,5326.5,-17.173,0,2.9122e+06,537.87,1,6.9032,-6.9773,0,0
360.91,0.13345,5348.6,-17.279,0,2.9119e+06,537.86,1,6.9289,-6.9516,0,0
360.88,0.13403,5370.4,-17.252,0,2.9115e+06,537.86,1,6.9545,-6.926,0,0
360.85,0.13462,5392.1,-17.221,0,2.9112e+06,537.86,1,6.9802,-6.9003,0,0
360.82,0.13521,5413.9,-17.189,0,2.9108e+06,537.86,1,7.0059,-6.8746,0,0
360.8,0.13579,5435.7,-17.158,0,2.9105e+06,537.85,1,7.0315,-6.849,0,0
360.77,0.13638,5457.5,-17.127,0,2.9101e+06,537.85,1,7.0572,-6.8233,0,0
360.74,0.13697,5479.5,-17.104,0,2.9098e+06,537.85,1,7.0828,-6.7976,0,0
360.71,0.13761,5503.3,-17.13,0,2.9094e+06,537.84,1,7.1085,-6.772,0,0
360.68,0.13825,5527,-17.156,0,2.9091e+06,537.84,1,7.1342,-6.7463,0,0
360.65,0.13889,5550.8,-17.182,0,2.9087e+06,537.84,1,7.1598,-6.7207,0,0
360.63,0.13952,5574.6,-17.208,0,2.9084e+06,537.84,1,7.1855,-6.695,0,0
360.6,0.14016,5598.3,-17.234,0,2.908e+06,537.83,1,7.2112,-6.6693,0,0
360.57,0.14079,5621.6,-17.009,0,2.9077e+06,537.83,1,7.2368,-6.6437,0,0
360.53,0.14141,5643.9,-16.268,0,2.9072e+06,537.83,1,7.2625,-6.618,0,0
360.49,0.14203,5666.1,-15.526,0,2.9067e+06,537.82,1,7.2881,-6.5923,0,0
360.45,0.14264,5688.4,-14.785,0,2.9063e+06,537.82,1,7.3138,-6.5667,0,0
360.42,0.14326,5710.6,-14.044,0,2.9058e+06,537.82,1,7.3395,-6.541,0,0
360.38,0.14388,5732.9,-13.302,0,2.9053e+06,537.81,1,7.3651,-6.5154,0,0
360.34,0.14455,5757.2,-13.939,0,2.9049e+06,537.81,1,7.3908,-6.4897,0,0
360.31,0.14526,5783.5,-15.926,0,2.9045e+06,537.81,1,7.4165,-6.464,0,0
360.27,0.14598,5809.7,-17.913,0,2.9041e+06,537.8,1,7.4421,-6.4384,0,0
360.24,0.14669,5836,-19.901,0,2.9037e+06,537.8,1,7.4678,-6.4127,0,0
360.2,0.14741,5862.2,-21.888,0,2.9032e+06,537.8,1,7.4934,-6.387,0,0
360.17,0.14812,5888.5,-23.876,0,2.9028e+06,537.79,1,7.5191,-6.3614,0,0
360.13,0.14889,5916.4,-23.7,0,2.9023e+06,537.79,1,7.5448,-6.3357,0,0
360.08,0.14969,5945,-22.524,0,2.9018e+06,537.79,1,7.5704,-6.3101,0,0
360.03,0.15049,5973.7,-21.349,0,2.9012e+06,537.78,1,7.5961,-6.2844,0,0
359.99,0.15129,6002.3,-20.173,0,2.9006e+06,537.78,1,7.6218,-6.2587,0,0
359.94,0.15208,6031,-18.997,0,2.9001e+06,537.77,1,7.6474,-6.2331,0,0
359.9,0.15288,6059.6,-17.822,0,2.8995e+06,537.77,1,7.6731,-6.2074,0,0
359.85,0.15372,6089.9,-20.469,0,2.899e+06,537.76,1,7.6987,-6.1817,0,0
359.81,0.15457,6120.5,-23.725,0,2.8985e+06,537.76,1,7.7244,-6.1561,0,0
359.77,0.15541,6151,-26.981,0,2.898e+06,537.76,1,7.7501,-6.1304,0,0
359.72,0.15626,6181.6,-30.237,0,2.8975e+06,537.75,1,7.7757,-6.1048,0,0
359.68,0.1571,6212.1,-33.493,0,2.897e+06,537.75,1,7.8014,-6.0791,0,0
359.64,0.15795,6242.9,-36.548,0,2.8964e+06,537.74,1,7.8271,-6.0534,0,0
359.59,0.15895,6279.2,-34.971,0,2.8959e+06,537.74,1,7.8527,-6.0278,0,0
359.55,0.15995,6315.6,-33.394,0,2.8954e+06,537.74,1,7.8784,-6.0021,0,0
359.51,0.16095,6352,-31.817,0,2.8949e+06,537.73,1,7.904,-5.9764,0,0
359.46,0.16195,6388.3,-30.239,0,2.8943e+06,537.73,1,7.9297,-5.9508,0,0
359.42,0.16294,6424.7,-28.662,0,2.8938e+06,537.72,1,7.9554,-5.9251,0,0
359.37,0.16392,6460.1,-27.519,0,2.8932e+06,537.72,1,7.981,-5.8995,0,0
359.32,0.16484,6492.2,-27.909,0,2.8926e+06,537.71,1,8.0067,-5.8738,0,0
359.27,0.16575,6524.3,-28.3,0,2.892e+06,537.71,1,8.0324,-5.8481,0,0
359.21,0.16666,6556.3,-28.69,0,2.8913e+06,537.7,1,8.058,-5.8225,0,0
359.16,0.16757,6588.4,-29.08,0,2.8907e+06,537.7,1,8.0837,-5.7968,0,0
359.11,0.16848,6620.5,-29.471,0,2.8901e+06,537.69,1,8.1093,-5.7711,0,0
359.05,0.16941,6652.9,-29.741,0,2.8894e+06,537.69,1,8.135,-5.7455,0,0
358.99,0.17036,6685.7,-29.83,0,2.8887e+06,537.68,1,8.1607,-5.7198,0,0
358.93,0.17131,6718.6,-29.92,0,2.888e+06,537.68,1,8.1863,-5.6942,0,0
358.87,0.17226,6751.4,-30.01,0,2.8873e+06,537.67,1,8.212,-5.6685,0,0
358.81,0.17321,6784.3,-30.099,0,2.8866e+06,537.67,1,8.2377,-5.6428,0,0
358.76,0.17415,6817.1,-30.189,0,2.8859e+06,537.66,1,8.2633,-5.6172,0,0
358.7,0.17514,6851.3,-30.362,0,2.8852e+06,537.66,1,8.289,-5.5915,0,0
358.63,0.17616,6886.6,-30.598,0,2.8845e+06,537.65,1,8.3146,-5.5658,0,0
358.57,0.17718,6921.8,-30.833,0,2.8838e+06,537.65,1,8.3403,-5.5402,0,0
358.51,0.1782,6957,-31.068,0,2.8831e+06,537.64,1,8.366,-5.5145,0,0
358.45,0.17922,6992.3,-31.304,0,2.8823e+06,537.63,1,8.3916,-5.4889,0,0
358.39,0.18024,7027.5,-31.539,0,2.8816e+06,537.63,1,8.4173,-5.4632,0,0
358.33,0.18133,7064.8,-31.873,0,2.8809e+06,537.62,1,8.443,-5.4375,0,0
358.26,0.18243,7102.8,-32.24,0,2.8801e+06,537.62,1,8.4686,-5.4119,0,0
358.2,0.18354,7140.7,-32.606,0,2.8794e+06,537.61,1,8.4943,-5.3862,0,0
358.13,0.18464,7178.7,-32.972,0,2.8786e+06,537.6,1,8.5199,-5.3605,0,0
358.07,0.18575,7216.7,-33.338,0,2.8778e+06,537.6,1,8.5456,-5.3349,0,0
358.01,0.18685,7254.6,-33.705,0,2.8771e+06,537.59,1,8.5713,-5.3092,0,0
357.93,0.18812,7297.5,-34.539,0,2.8762e+06,537.58,1,8.5969,-5.2836,0,0
357.85,0.18939,7340.8,-35.406,0,2.8753e+06,537.58,1,8.6226,-5.2579,0,0
357.78,0.19067,7384.1,-36.272,0,2.8744e+06,537.57,1,8.6483,-5.2322,0,0
357.7,0.19195,7427.3,-37.138,0,2.8735e+06,537.56,1,8.6739,-5.2066,0,0
357.62,0.19322,7470.6,-38.005,0,2.8726e+06,537.56,1,8.6996,-5.1809,0,0
357.54,0.19454,7515.2,-39.362,0,2.8717e+06,537.55,1,8.7252,-5.1552,0,0
357.45,0.19615,7569.6,-44.5,0,2.8707e+06,537.54,1,8.7509,-5.1296,0,0
357.36,0.19776,7624.1,-49.638,0,2.8696e+06,537.53,1,8.7766,-5.1039,0,0
357.27,0.19937,7678.6,-54.775,0,2.8686e+06,537.52,1,8.8022,-5.0783,0,0
357.18,0.20099,7733.1,-59.913,0,2.8675e+06,537.52,1,8.8279,-5.0526,0,0
357.09,0.2026,7787.6,-65.051,0,2.8665e+06,537.51,1,8.8536,-5.0269,0,0
357,0.20422,7842.3,-67.534,0,2.8654e+06,537.5,1,8.8792,-5.0013,0,0
356.91,0.20586,7897.5,-63.638,0,2.8644e+06,537.49,1,8.9049,-4.9756,0,0
356.82,0.2075,7952.7,-59.742,0,2.8634e+06,537.48,1,8.9305,-4.9499,0,0
356.73,0.20914,8007.9,-55.845,0,2.8624e+06,537.47,1,8.9562,-4.9243,0,0
356.64,0.21079,8063.1,-51.949,0,2.8614e+06,537.47,1,8.9819,-4.8986,0,0
356.55,0.21243,8118.3,-48.053,0,2.8603e+06,537.46,1,9.0075,-4.873,0,0
356.46,0.21405,8172,-45.753,0,2.8593e+06,537.45,1,9.0332,-4.8473,0,0
356.36,0.21565,8224.2,-45.235,0,2.8582e+06,537.44,1,9.0589,-4.8216,0,0
356.27,0.21725,8276.3,-44.717,0,2.8571e+06,537.43,1,9.0845,-4.796,0,0
356.17,0.21884,8328.5,-44.199,0,2.856e+06,537.42,1,9.1102,-4.7703,0,0
356.07,0.22044,8380.7,-43.681,0,2.8549e+06,537.41,1,9.1358,-4.7446,0,0
355.98,0.22204,8432.8,-43.163,0,2.8538e+06,537.4,1,9.1615,-4.719,0,0
355.87,0.22365,8484.1,-42.275,0,2.8526e+06,537.39,1,9.1872,-4.6933,0,0
355.76,0.22527,8534.8,-41.188,0,2.8513e+06,537.38,1,9.2128,-4.6677,0,0
355.64,0.22689,8585.6,-40.102,0,2.85e+06,537.37,1,9.2385,-4.642,0,0
355.53,0.22851,8636.3,-39.015,0,2.8487e+06,537.36,1,9.2642,-4.6163,0,0
355.42,0.23013,8687,-37.929,0,2.8475e+06,537.35,1,9.2898,-4.5907,0,0
355.3,0.23175,8737.8,-36.842,0,2.8462e+06,537.34,1,9.3155,-4.565,0,0
355.22,0.23308,8779.6,-33.232,0,2.8452e+06,537.33,1,9.3411,-4.5393,0,0
355.14,0.23435,8819.6,-29.107,0,2.8443e+06,537.32,1,9.3668,-4.5137,0,0
355.06,0.23562,8859.6,-24.981,0,2.8434e+06,537.32,1,9.3925,-4.488,0,0
354.97,0.23689,8899.6,-20.856,0,2.8425e+06,537.31,1,9.4181,-4.4624,0,0
354.89,0.23816,8939.6,-16.73,0,2.8416e+06,537.3,1,9.4438,-4.4367,0,0
354.81,0.23942,8979.6,-12.665,0,2.8407e+06,537.29,1,9.4695,-4.411,0,0
354.69,0.24071,9015.8,-15.026,0,2.8394e+06,537.28,1,9.4951,-4.3854,0,0
354.57,0.242,9052.1,-17.387,0,2.838e+06,537.27,1,9.5208,-4.3597,0,0
354.45,0.24329,9088.3,-19.748,0,2.8367e+06,537.26,1,9.5464,-4.334,0,0
354.33,0.24458,9124.5,-22.109,0,2.8353e+06,537.25,1,9.5721,-4.3084,0,0
354.2,0.24587,9160.8,-24.47,0,2.834e+06,537.24,1,9.5978,-4.2827,0,0
354.08,0.24724,9199.4,-26.66,0,2.8326e+06,537.22,1,9.6234,-4.2571,0,0
353.92,0.24898,9248.4,-28.114,0,2.8309e+06,537.21,1,9.6491,-4.2314,0,0
353.77,0.25073,9297.5,-29.568,0,2.8292e+06,537.2,1,9.6748,-4.2057,0,0
353.61,0.25247,9346.6,-31.021,0,2.8275e+06,537.18,1,9.7004,-4.1801,0,0
353.46,0.25421,9395.6,-32.475,0,2.8258e+06,537.17,1,9.7261,-4.1544,0,0
353.31,0.25595,9444.7,-33.929,0,2.8242e+06,537.15,1,9.7517,-4.1287,0,0
353.16,0.25775,9495.7,-35.277,0,2.8225e+06,537.14,1,9.7774,-4.1031,0,0
353.01,0.25965,9550.3,-36.444,0,2.8209e+06,537.12,1,9.8031,-4.0774,0,0
352.86,0.26155,9604.8,-37.61,0,2.8194e+06,537.11,1,9.8287,-4.0518,0,0
352.72,0.26345,9659.3,-38.777,0,2.8178e+06,537.1,1,9.8544,-4.0261,0,0
352.57,0.26535,9713.9,-39.944,0,2.8162e+06,537.08,1,9.8801,-4.0004,0,0
352.42,0.26724,9768.4,-41.111,0,2.8146e+06,537.07,1,9.9057,-3.9748,0,0
352.27,0.26928,9826.9,-42.999,0,2.813e+06,537.06,1,9.9314,-3.9491,0,0
352.12,0.27143,9888.6,-45.487,0,2.8114e+06,537.04,1,9.957,-3.9234,0,0
351.96,0.27358,9950.4,-47.975,0,2.8097e+06,537.03,1,9.9827,-3.8978,0,0
351.81,0.27573,10012,-50.463,0,2.8081e+06,537.01,1,10.008,-3.8721,0,0
351.66,0.27788,10074,-52.951,0,2.8065e+06,537,1,10.034,-3.8465,0,0
351.5,0.28003,10136,-55.439,0,2.8048e+06,536.98,1,10.06,-3.8208,0,0
351.33,0.2823,10199,-55.894,0,2.803e+06,536.97,1,10.085,-3.7951,0,0
351.14,0.28462,10262,-55.577,0,2.8011e+06,536.95,1,10.111,-3.7695,0,0
350.96,0.28694,10325,-55.261,0,2.7992e+06,536.93,1,10.137,-3.7438,0,0
350.78,0.28926,10389,-54.944,0,2.7973e+06,536.92,1,10.162,-3.7181,0,0
350.59,0.29158,10452,-54.628,0,2.7953e+06,536.9,1,10.188,-3.6925,0,0
350.41,0.2939,10515,-54.312,0,2.7934e+06,536.88,1,10.214,-3.6668,0,0
350.22,0.29633,10580,-56.407,0,2.7914e+06,536.86,1,10.239,-3.6412,0,0
350.02,0.29878,10645,-58.759,0,2.7894e+06,536.85,1,10.265,-3.6155,0,0
349.83,0.30122,10709,-61.112,0,2.7874e+06,536.83,1,10.291,-3.5898,0,0
349.63,0.30367,10774,-63.464,0,2.7854e+06,536.81,1,10.316,-3.5642,0,0
349.44,0.30611,10839,-65.817,0,2.7834e+06,536.79,1,10.342,-3.5385,0,0
349.24,0.30855,10903,-67.783,0,2.7814e+06,536.77,1,10.368,-3.5128,0,0
349.02,0.31092,10961,-65.467,0,2.7792e+06,536.75,1,10.393,-3.4872,0,0
348.8,0.31329,11018,-63.151,0,2.7769e+06,536.73,1,10.419,-3.4615,0,0
348.58,0.31566,11076,-60.835,0,2.7747e+06,536.71,1,10.445,-3.4359,0,0
348.36,0.31804,11134,-58.519,0,2.7725e+06,536.69,1,10.47,-3.4102,0,0
348.14,0.32041,11192,-56.202,0,2.7703e+06,536.67,1,10.496,-3.3845,0,0
347.91,0.32291,11252,-56.289,0,2.768e+06,536.65,1,10.522,-3.3589,0,0
347.64,0.32576,11318,-63.164,0,2.7653e+06,536.62,1,10.547,-3.3332,0,0
347.37,0.32862,11385,-70.038,0,2.7627e+06,536.6,1,10.573,-3.3075,0,0
347.1,0.33148,11451,-76.913,0,2.76e+06,536.57,1,10.599,-3.2819,0,0
346.83,0.33433,11518,-83.787,0,2.7573e+06,536.55,1,10.624,-3.2562,0,0
346.56,0.33719,11584,-90.662,0,2.7547e+06,536.52,1,10.65,-3.2306,0,0
346.32,0.33998,11651,-92.271,0,2.7523e+06,536.5,1,10.676,-3.2049,0,0
346.11,0.34269,11717,-87.188,0,2.7502e+06,536.48,1,10.701,-3.1792,0,0
345.9,0.34539,11783,-82.105,0,2.7482e+06,536.46,1,10.727,-3.1536,0,0
345.69,0.3481,11850,-77.023,0,2.7461e+06,536.44,1,10.753,-3.1279,0,0
345.48,0.35081,11916,-71.94,0,2.7441e+06,536.42,1,10.778,-3.1022,0,0
345.26,0.35351,11982,-66.857,0,2.7421e+06,536.4,1,10.804,-3.0766,0,0
345,0.35642,12047,-63.148,0,2.7395e+06,536.38,1,10.83,-3.0509,0,0
344.71,0.35944,12112,-60.282,0,2.7367e+06,536.35,1,10.855,-3.0253,0,0
344.41,0.36247,12176,-57.417,0,2.734e+06,536.32,1,10.881,-2.9996,0,0
344.12,0.36549,12240,-54.551,0,2.7312e+06,536.29,1,10.907,-2.9739,0,0
343.82,0.36852,12305,-51.686,0,2.7284e+06,536.27,1,10.932,-2.9483,0,0
343.53,0.37154,12369,-48.82,0,2.7256e+06,536.24,1,10.958,-2.9226,0,0
343.24,0.37443,12428,-47.896,0,2.7229e+06,536.21,1,10.984,-2.8969,0,0
342.95,0.37728,12485,-47.462,0,2.7202e+06,536.18,1,11.009,-2.8713,0,0
342.67,0.38013,12542,-47.028,0,2.7176e+06,536.16,1,11.035,-2.8456,0,0
342.38,0.38298,12599,-46.595,0,2.7149e+06,536.13,1,11.061,-2.82,0,0
342.09,0.38583,12656,-46.161,0,2.7123e+06,536.1,1,11.086,-2.7943,0,0
341.8,0.38868,12713,-45.727,0,2.7096e+06,536.08,1,11.112,-2.7686,0,0
341.47,0.39177,12770,-46.106,0,2.7066e+06,536.05,1,11.138,-2.743,0,0
341.14,0.39487,12827,-46.503,0,2.7037e+06,536.01,1,11.163,-2.7173,0,0
340.81,0.39798,12884,-46.901,0,2.7007e+06,535.98,1,11.189,-2.6916,0,0
340.48,0.40108,12941,-47.299,0,2.6977e+06,535.95,1,11.215,-2.666,0,0
340.15,0.40418,12998,-47.696,0,2.6947e+06,535.92,1,11.24,-2.6403,0,0
339.81,0.40731,13056,-48.535,0,2.6917e+06,535.89,1,11.266,-2.6147,0,0
339.47,0.41063,13116,-51.763,0,2.6887e+06,535.86,1,11.291,-2.589,0,0
339.14,0.41395,13177,-54.991,0,2.6858e+06,535.83,1,11.317,-2.5633,0,0
338.8,0.41727,13237,-58.219,0,2.6828e+06,535.79,1,11.343,-2.5377,0,0
338.46,0.42059,13298,-61.446,0,2.6799e+06,535.76,1,11.368,-2.512,0,0
338.12,0.42391,13358,-64.674,0,2.6769e+06,535.73,1,11.394,-2.4863,0,0
337.76,0.42742,13419,-66.661,0,2.6737e+06,535.7,1,11.42,-2.4607,0,0
337.33,0.4313,13483,-66.183,0,2.6701e+06,535.66,1,11.445,-2.435,0,0
336.91,0.43518,13547,-65.704,0,2.6665e+06,535.62,1,11.471,-2.4094,0,0
336.49,0.43906,13610,-65.226,0,2.663e+06,535.58,1,11.497,-2.3837,0,0
336.06,0.44295,13674,-64.747,0,2.6594e+06,535.54,1,11.522,-2.358,0,0
335.64,0.44683,13737,-64.268,0,2.6558e+06,535.5,1,11.548,-2.3324,0,0
335.22,0.45074,13800,-63.781,0,2.6522e+06,535.46,1,11.574,-2.3067,0,0
334.79,0.45469,13862,-63.285,0,2.6488e+06,535.42,1,11.599,-2.281,0,0
334.37,0.45863,13923,-62.79,0,2.6453e+06,535.38,1,11.625,-2.2554,0,0
333.95,0.46258,13985,-62.294,0,2.6418e+06,535.34,1,11.651,-2.2297,0,0
333.52,0.46652,14047,-61.798,0,2.6383e+06,535.3,1,11.676,-2.2041,0,0
333.1,0.47047,14109,-61.302,0,2.6348e+06,535.26,1,11.702,-2.1784,0,0
332.65,0.47457,14170,-61.002,0,2.6313e+06,535.22,1,11.728,-2.1527,0,0
332.2,0.47876,14231,-60.789,0,2.6277e+06,535.17,1,11.753,-2.1271,0,0
331.75,0.48294,14292,-60.576,0,2.6241e+06,535.13,1,11.779,-2.1014,0,0
331.29,0.48712,14354,-60.363,0,2.6205e+06,535.09,1,11.805,-2.0757,0,0
330.84,0.4913,14415,-60.15,0,2.6169e+06,535.05,1,11.83,-2.0501,0,0
330.39,0.49548,14476,-59.937,0,2.6133e+06,535,1,11.856,-2.0244,0,0
329.9,0.49988,14536,-59.584,0,2.6095e+06,534.96,1,11.882,-1.9988,0,0
329.41,0.50431,14596,-59.21,0,2.6058e+06,534.91,1,11.907,-1.9731,0,0
328.92,0.50874,14655,-58.836,0,2.602e+06,534.87,1,11.933,-1.9474,0,0
328.43,0.51317,14715,-58.462,0,2.5983e+06,534.82,1,11.959,-1.9218,0,0
327.94,0.5176,14774,-58.089,0,2.5945e+06,534.77,1,11.984,-1.8961,0,0
327.45,0.52204,14834,-57.716,0,2.5907e+06,534.73,1,12.01,-1.8704,0,0
326.91,0.52677,14892,-57.36,0,2.5868e+06,534.68,1,12.036,-1.8448,0,0
326.38,0.53149,14951,-57.005,0,2.5829e+06,534.63,1,12.061,-1.8191,0,0
325.85,0.53622,15009,-56.65,0,2.579e+06,534.58,1,12.087,-1.7935,0,0
325.32,0.54094,15068,-56.295,0,2.575e+06,534.53,1,12.113,-1.7678,0,0
324.79,0.54567,15127,-55.939,0,2.5711e+06,534.48,1,12.138,-1.7421,0,0
324.24,0.55047,15185,-55.549,0,2.5672e+06,534.42,1,12.164,-1.7165,0,0
323.67,0.5555,15241,-55.038,0,2.5631e+06,534.37,1,12.19,-1.6908,0,0
323.09,0.56053,15298,-54.528,0,2.5589e+06,534.31,1,12.215,-1.6651,0,0
322.51,0.56556,15354,-54.017,0,2.5548e+06,534.26,1,12.241,-1.6395,0,0
321.93,0.57059,15411,-53.507,0,2.5507e+06,534.21,1,12.267,-1.6138,0,0
321.35,0.57562,15467,-52.997,0,2.5466e+06,534.15,1,12.292,-1.5882,0,0
320.75,0.58075,15523,-52.382,0,2.5425e+06,534.09,1,12.318,-1.5625,0,0
320.13,0.58602,15576,-51.618,0,2.5382e+06,534.03,1,12.344,-1.5368,0,0
319.51,0.59128,15630,-50.853,0,2.534e+06,533.98,1,12.369,-1.5112,0,0
318.89,0.59655,15683,-50.088,0,2.5298e+06,533.92,1,12.395,-1.4855,0,0
318.27,0.60182,15736,-49.323,0,2.5256e+06,533.86,1,12.421,-1.4598,0,0
317.65,0.60709,15790,-48.559,0,2.5213e+06,533.8,1,12.446,-1.4342,0,0
317,0.61254,15842,-48.036,0,2.517e+06,533.74,1,12.472,-1.4085,0,0
316.32,0.61813,15892,-47.684,0,2.5126e+06,533.67,1,12.498,-1.3829,0,0
315.65,0.62372,15943,-47.332,0,2.5082e+06,533.61,1,12.523,-1.3572,0,0
314.97,0.62932,15994,-46.98,0,2.5037e+06,533.54,1,12.549,-1.3315,0,0
314.3,0.63491,16044,-46.628,0,2.4993e+06,533.48,1,12.575,-1.3059,0,0
313.62,0.6405,16095,-46.276,0,2.4949e+06,533.41,1,12.6,-1.2802,0,0
312.91,0.64621,16142,-45.627,0,2.4904e+06,533.35,1,12.626,-1.2545,0,0
312.2,0.65196,16187,-44.888,0,2.4859e+06,533.28,1,12.652,-1.2289,0,0
311.48,0.65771,16233,-44.149,0,2.4814e+06,533.21,1,12.677,-1.2032,0,0
310.76,0.66346,16279,-43.41,0,2.4769e+06,533.14,1,12.703,-1.1776,0,0
310.04,0.66921,16324,-42.671,0,2.4724e+06,533.07,1,12.729,-1.1519,0,0
309.33,0.67496,16370,-41.931,0,2.4679e+06,533,1,12.754,-1.1262,0,0
308.56,0.68098,16413,-41.843,0,2.4633e+06,532.93,1,12.78,-1.1006,0,0
307.8,0.68701,16457,-41.793,0,2.4587e+06,532.85,1,12.806,-1.0749,0,0
307.03,0.69305,16500,-41.743,0,2.4541e+06,532.78,1,12.831,-1.0492,0,0
306.27,0.69908,16543,-41.693,0,2.4495e+06,532.71,1,12.857,-1.0236,0,0
305.5,0.70511,16587,-41.643,0,2.4449e+06,532.63,1,12.883,-0.99792,0,0
304.73,0.71122,16630,-41.679,0,2.4403e+06,532.56,1,12.908,-0.97226,0,0
303.86,0.71778,16670,-42.324,0,2.4353e+06,532.47,1,12.934,-0.9466,0,0
303,0.72435,16711,-42.969,0,2.4304e+06,532.39,1,12.96,-0.92093,0,0
302.14,0.73092,16752,-43.615,0,2.4254e+06,532.31,1,12.985,-0.89527,0,0
301.28,0.73749,16793,-44.26,0,2.4205e+06,532.22,1,13.011,-0.86961,0,0
300.42,0.74406,16833,-44.905,0,2.4155e+06,532.14,1,13.037,-0.84395,0,0
299.53,0.75072,16873,-45.579,0,2.4105e+06,532.05,1,13.062,-0.81828,0,0
298.59,0.7576,16908,-46.319,0,2.4053e+06,531.96,1,13.088,-0.79262,0,0
297.65,0.76448,16943,-47.059,0,2.4001e+06,531.87,1,13.114,-0.76696,0,0
296.71,0.77135,16979,-47.799,0,2.3949e+06,531.77,1,13.139,-0.7413,0,0
295.77,0.77823,17014,-48.539,0,2.3897e+06,531.68,1,13.165,-0.71563,0,0
294.83,0.7851,17049,-49.28,0,2.3845e+06,531.59,1,13.191,-0.68997,0,0
293.87,0.79195,17082,-49.477,0,2.3793e+06,531.49,1,13.216,-0.66431,0,0
292.9,0.79876,17110,-49.09,0,2.3742e+06,531.4,1,13.242,-0.63865,0,0
291.92,0.80558,17139,-48.704,0,2.369e+06,531.3,1,13.268,-0.61298,0,0
290.95,0.81239,17168,-48.317,0,2.3639e+06,531.2,1,13.293,-0.58732,0,0
289.98,0.81921,17197,-47.93,0,2.3587e+06,531.11,1,13.319,-0.56166,0,0
289.01,0.82602,17225,-47.543,0,2.3536e+06,531.01,1,13.344,-0.536,0,0
288.02,0.83275,17250,-46.347,0,2.3485e+06,530.91,1,13.37,-0.51033,0,0
287.03,0.83944,17272,-44.735,0,2.3434e+06,530.81,1,13.396,-0.48467,0,0
286.03,0.84613,17295,-43.123,0,2.3384e+06,530.71,1,13.421,-0.45901,0,0
285.04,0.85282,17317,-41.511,0,2.3333e+06,530.61,1,13.447,-0.43335,0,0
284.05,0.85951,17339,-39.898,0,2.3282e+06,530.51,1,13.473,-0.40768,0,0
283.05,0.86619,17362,-38.286,0,2.3232e+06,530.41,1,13.498,-0.38202,0,0
282.02,0.87287,17379,-36.288,0,2.3181e+06,530.3,1,13.524,-0.35636,0,0
280.98,0.87955,17395,-34.217,0,2.3129e+06,530.2,1,13.55,-0.3307,0,0
279.95,0.88623,17412,-32.145,0,2.3078e+06,530.09,1,13.575,-0.30503,0,0
278.91,0.89291,17428,-30.073,0,2.3027e+06,529.98,1,13.601,-0.27937,0,0
277.87,0.89959,17444,-28.002,0,2.2976e+06,529.88,1,13.627,-0.25371,0,0
276.83,0.90628,17461,-25.947,0,2.2925e+06,529.77,1,13.652,-0.22805,0,0
275.71,0.91309,17470,-24.823,0,2.2872e+06,529.66,1,13.678,-0.20238,0,0
274.6,0.91991,17480,-23.699,0,2.2819e+06,529.54,1,13.704,-0.17672,0,0
273.48,0.92672,17490,-22.575,0,2.2766e+06,529.42,1,13.729,-0.15106,0,0
272.37,0.93354,17500,-21.451,0,2.2712e+06,529.31,1,13.755,-0.1254,0,0
271.25,0.94036,17509,-20.328,0,2.2659e+06,529.19,1,13.781,-0.099733,0,0
270.12,0.94723,17518,-19.426,0,2.2606e+06,529.07,1,13.806,-0.074071,0,0
268.9,0.95434,17521,-19.429,0,2.2549e+06,528.94,1,13.832,-0.048408,0,0
267.69,0.96146,17525,-19.432,0,2.2493e+06,528.81,1,13.858,-0.022746,0,0
266.47,0.96857,17529,-19.435,0,2.2437e+06,528.68,1,13.883,0.0029167,0,0
265.26,0.97568,17532,-19.438,0,2.2381e+06,528.55,1,13.909,0.028579,0,0
264.04,0.9828,17536,-19.442,0,2.2325e+06,528.42,1,13.935,0.054242,0,0
262.75,0.99022,17537,-18.555,0,2.2266e+06,528.29,1,13.96,0.079904,0,0
261.34,0.99817,17533,-16.189,0,2.2203e+06,528.13,1,13.986,0.10557,0,0
259.93,1.0061,17530,-13.824,0,2.2139e+06,527.98,1,14.012,0.13123,0,0
258.51,1.0141,17526,-11.459,0,2.2076e+06,527.82,1,14.037,0.15689,0,0
257.1,1.022,17522,-9.0934,0,2.2013e+06,527.67,1,14.063,0.18255,0,0
255.69,1.03,17519,-6.728,0,2.1949e+06,527.52,1,14.089,0.20822,0,0
254.23,1.038,17511,-6.4608,0,2.1885e+06,527.35,1,14.114,0.23388,0,0
252.76,1.0461,17500,-7.599,0,2.1821e+06,527.19,1,14.14,0.25954,0,0
251.28,1.0541,17489,-8.7372,0,2.1757e+06,527.02,1,14.166,0.2852,0,0
249.81,1.0622,17479,-9.8754,0,2.1693e+06,526.86,1,14.191,0.31087,0,0
248.33,1.0703,17468,-11.014,0,2.1629e+06,526.69,1,14.217,0.33653,0,0
246.86,1.0784,17457,-12.152,0,2.1564e+06,526.53,1,14.243,0.36219,0,0
245.43,1.0859,17440,-10.488,0,2.1504e+06,526.36,1,14.268,0.38785,0,0
244.02,1.0933,17421,-8.2183,0,2.1444e+06,526.2,1,14.294,0.41352,0,0
242.61,1.1008,17402,-5.9482,0,2.1384e+06,526.04,1,14.32,0.43918,0,0
241.19,1.1082,17383,-3.678,0,2.1324e+06,525.88,1,14.345,0.46484,0,0
239.78,1.1156,17365,-1.4079,0,2.1264e+06,525.71,1,14.371,0.4905,0,0
238.38,1.123,17346,0.79902,0,2.1204e+06,525.55,1,14.397,0.51617,0,0
237.15,1.1293,17324,1.6653,0,2.1153e+06,525.4,1,14.422,0.54183,0,0
235.92,1.1355,17303,2.5316,0,2.1102e+06,525.26,1,14.448,0.56749,0,0
234.7,1.1418,17281,3.3979,0,2.1051e+06,525.11,1,14.474,0.59315,0,0
233.47,1.1481,17259,4.2642,0,2.1e+06,524.97,1,14.499,0.61882,0,0
232.24,1.1544,17238,5.1306,0,2.0949e+06,524.82,1,14.525,0.64448,0,0
230.99,1.1608,17215,5.8914,0,2.0897e+06,524.67,1,14.551,0.67014,0,0
229.66,1.1675,17187,6.3645,0,2.0843e+06,524.51,1,14.576,0.6958,0,0
228.33,1.1742,17160,6.8376,0,2.0788e+06,524.35,1,14.602,0.72147,0,0
227,1.1809,17133,7.3107,0,2.0734e+06,524.18,1,14.628,0.74713,0,0
225.68,1.1876,17106,7.7838,0,2.068e+06,524.02,1,14.653,0.77279,0,0
224.35,1.1943,17078,8.2569,0,2.0625e+06,523.86,1,14.679,0.79845,0,0
222.99,1.201,17047,8.8482,0,2.057e+06,523.69,1,14.705,0.82412,0,0
221.6,1.2078,17013,9.5618,0,2.0514e+06,523.52,1,14.73,0.84978,0,0
220.21,1.2145,16978,10.276,0,2.0458e+06,523.34,1,14.756,0.87544,0,0
218.82,1.2212,16943,10.989,0,2.0402e+06,523.17,1,14.782,0.9011,0,0
217.43,1.2279,16909,11.703,0,2.0347e+06,522.99,1,14.807,0.92677,0,0
216.04,1.2346,16874,12.417,0,2.0291e+06,522.82,1,14.833,0.95243,0,0
214.69,1.2409,16836,12.673,0,2.0237e+06,522.64,1,14.859,0.97809,0,0
213.35,1.2469,16797,12.747,0,2.0183e+06,522.47,1,14.884,1.0038,0,0
212.01,1.253,16758,12.821,0,2.013e+06,522.3,1,14.91,1.0294,0,0
210.67,1.2591,16719,12.895,0,2.0077e+06,522.12,1,14.936,1.0551,0,0
209.33,1.2651,16680,12.969,0,2.0024e+06,521.95,1,14.961,1.0807,0,0
208,1.2712,16641,13.043,0,1.997e+06,521.78,1,14.987,1.1064,0,0
206.74,1.2765,16601,13.598,0,1.9921e+06,521.61,1,15.013,1.1321,0,0
205.49,1.2818,16560,14.186,0,1.9871e+06,521.44,1,15.038,1.1577,0,0
204.24,1.287,16520,14.773,0,1.9822e+06,521.27,1,15.064,1.1834,0,0
202.99,1.2923,16480,15.361,0,1.9773e+06,521.11,1,15.09,1.2091,0,0
201.74,1.2975,16440,15.948,0,1.9723e+06,520.94,1,15.115,1.2347,0,0
200.48,1.3027,16398,16.539,0,1.9674e+06,520.77,1,15.141,1.2604,0,0
199.18,1.3076,16352,17.148,0,1.9622e+06,520.59,1,15.167,1.286,0,0
197.88,1.3125,16306,17.757,0,1.9571e+06,520.41,1,15.192,1.3117,0,0
196.58,1.3173,16260,18.366,0,1.952e+06,520.23,1,15.218,1.3374,0,0
195.28,1.3222,16214,18.975,0,1.9469e+06,520.05,1,15.244,1.363,0,0
193.98,1.3271,16168,19.584,0,1.9417e+06,519.87,1,15.269,1.3887,0,0
192.69,1.3316,16122,20.18,0,1.9367e+06,519.7,1,15.295,1.4144,0,0
191.45,1.3356,16075,20.755,0,1.9317e+06,519.52,1,15.321,1.44,0,0
190.2,1.3396,16027,21.331,0,1.9268e+06,519.34,1,15.346,1.4657,0,0
188.95,1.3436,15980,21.906,0,1.9219e+06,519.16,1,15.372,1.4913,0,0
187.7,1.3476,15933,22.481,0,1.9169e+06,518.99,1,15.397,1.517,0,0
186.45,1.3516,15886,23.057,0,1.912e+06,518.81,1,15.423,1.5427,0,0
185.17,1.3551,15835,23.741,0,1.9069e+06,518.62,1,15.449,1.5683,0,0
183.88,1.3584,15784,24.496,0,1.9017e+06,518.43,1,15.474,1.594,0,0
182.59,1.3617,15732,25.252,0,1.8965e+06,518.25,1,15.5,1.6197,0,0
181.29,1.365,15680,26.007,0,1.8914e+06,518.06,1,15.526,1.6453,0,0
180,1.3683,15628,26.762,0,1.8862e+06,517.87,1,15.551,1.671,0,0
178.71,1.3716,15576,27.517,0,1.881e+06,517.68,1,15.577,1.6966,0,0
177.39,1.3742,15521,28.284,0,1.8756e+06,517.48,1,15.603,1.7223,0,0
176.06,1.3766,15465,29.053,0,1.8702e+06,517.28,1,15.628,1.748,0,0
174.74,1.3789,15409,29.823,0,1.8648e+06,517.08,1,15.654,1.7736,0,0
173.41,1.3813,15353,30.592,0,1.8594e+06,516.88,1,15.68,1.7993,0,0
172.09,1.3837,15297,31.362,0,1.854e+06,516.68,1,15.705,1.825,0,0
170.77,1.386,15241,32.124,0,1.8486e+06,516.48,1,15.731,1.8506,0,0
169.44,1.3873,15183,32.76,0,1.843e+06,516.27,1,15.757,1.8763,0,0
168.12,1.3887,15124,33.395,0,1.8374e+06,516.07,1,15.782,1.9019,0,0
166.8,1.39,15066,34.031,0,1.8318e+06,515.86,1,15.808,1.9276,0,0
165.48,1.3913,15008,34.667,0,1.8263e+06,515.65,1,15.834,1.9533,0,0
164.15,1.3927,14949,35.302,0,1.8207e+06,515.45,1,15.859,1.9789,0,0
162.82,1.3937,14890,35.89,0,1.815e+06,515.24,1,15.885,2.0046,0,0
161.46,1.3941,14829,36.352,0,1.809e+06,515.02,1,15.911,2.0303,0,0
160.1,1.3945,14768,36.813,0,1.8031e+06,514.8,1,15.936,2.0559,0,0
158.74,1.3949,14706,37.275,0,1.7971e+06,514.58,1,15.962,2.0816,0,0
157.39,1.3953,14645,37.736,0,1.7911e+06,514.36,1,15.988,2.1072,0,0
156.03,1.3957,14584,38.198,0,1.7852e+06,514.14,1,16.013,2.1329,0,0
154.62,1.3956,14519,38.993,0,1.7788e+06,513.91,1,16.039,2.1586,0,0
153.17,1.395,14451,40.123,0,1.7721e+06,513.66,1,16.065,2.1842,0,0
151.71,1.3944,14384,41.253,0,1.7653e+06,513.42,1,16.09,2.2099,0,0
150.25,1.3938,14316,42.384,0,1.7586e+06,513.17,1,16.116,2.2356,0,0
148.8,1.3932,14248,43.514,0,1.7518e+06,512.93,1,16.142,2.2612,0,0
147.34,1.3926,14180,44.644,0,1.7451e+06,512.69,1,16.167,2.2869,0,0
145.96,1.3913,14113,44.084,0,1.7384e+06,512.45,1,16.193,2.3125,0,0
144.6,1.3898,14046,42.873,0,1.7316e+06,512.21,1,16.219,2.3382,0,0
143.25,1.3883,13980,41.662,0,1.7249e+06,511.98,1,16.244,2.3639,0,0
141.89,1.3868,13913,40.451,0,1.7182e+06,511.74,1,16.27,2.3895,0,0
140.53,1.3853,13846,39.241,0,1.7115e+06,511.5,1,16.296,2.4152,0,0
139.18,1.3838,13779,38.03,0,1.7048e+06,511.27,1,16.321,2.4409,0,0
137.67,1.3821,13708,38.692,0,1.6968e+06,511,1,16.347,2.4665,0,0
136.16,1.3803,13636,39.462,0,1.6888e+06,510.72,1,16.373,2.4922,0,0
134.65,1.3786,13565,40.233,0,1.6807e+06,510.45,1,16.398,2.5178,0,0
133.14,1.3768,13493,41.003,0,1.6726e+06,510.17,1,16.424,2.5435,0,0
131.63,1.3751,13422,41.773,0,1.6646e+06,509.9,1,16.45,2.5692,0,0
130.2,1.3734,13354,42.135,0,1.6569e+06,509.64,1,16.475,2.5948,0,0
129.2,1.3721,13306,40.478,0,1.6512e+06,509.45,1,16.501,2.6205,0,0
128.2,1.3709,13258,38.821,0,1.6454e+06,509.26,1,16.527,2.6462,0,0
127.2,1.3696,13210,37.163,0,1.6397e+06,509.08,1,16.552,2.6718,0,0
126.19,1.3684,13162,35.506,0,1.6339e+06,508.89,1,16.578,2.6975,0,0
125.19,1.3671,13114,33.849,0,1.6282e+06,508.7,1,16.604,2.7231,0,0
124.06,1.3658,13060,33.272,0,1.6215e+06,508.48,1,16.629,2.7488,0,0
122.74,1.3642,12996,34.376,0,1.6133e+06,508.22,1,16.655,2.7745,0,0
121.42,1.3627,12932,35.48,0,1.6052e+06,507.97,1,16.681,2.8001,0,0
120.09,1.3611,12868,36.584,0,1.5971e+06,507.71,1,16.706,2.8258,0,0
118.77,1.3596,12804,37.687,0,1.5889e+06,507.45,1,16.732,2.8515,0,0
117.45,1.358,12740,38.791,0,1.5808e+06,507.19,1,16.758,2.8771,0,0
116.04,1.3565,12670,43.632,0,1.5716e+06,506.91,1,16.783,2.9028,0,0
114.57,1.3549,12596,50.816,0,1.5617e+06,506.61,1,16.809,2.9284,0,0
113.11,1.3533,12521,58.001,0,1.5519e+06,506.31,1,16.835,2.9541,0,0
111.64,1.3517,12447,65.186,0,1.542e+06,506.01,1,16.86,2.9798,0,0
110.18,1.3502,12373,72.37,0,1.5322e+06,505.72,1,16.886,3.0054,0,0
108.71,1.3486,12299,79.555,0,1.5223e+06,505.42,1,16.912,3.0311,0,0
107.41,1.3476,12231,71.925,0,1.5129e+06,505.14,1,16.937,3.0568,0,0
106.13,1.3466,12164,61.422,0,1.5035e+06,504.87,1,16.963,3.0824,0,0
104.85,1.3457,12097,50.919,0,1.4941e+06,504.59,1,16.989,3.1081,0,0
103.58,1.3447,12030,40.417,0,1.4847e+06,504.32,1,17.014,3.1337,0,0
102.3,1.3438,11964,29.914,0,1.4753e+06,504.05,1,17.04,3.1594,0,0
101.04,1.3429,11898,20.351,0,1.466e+06,503.78,1,17.066,3.1851,0,0
100.1,1.3424,11845,25.334,0,1.4585e+06,503.57,1,17.091,3.2107,0,0
99.166,1.3418,11793,30.316,0,1.4511e+06,503.36,1,17.117,3.2364,0,0
98.228,1.3413,11741,35.299,0,1.4437e+06,503.15,1,17.143,3.2621,0,0
97.291,1.3408,11689,40.282,0,1.4362e+06,502.94,1,17.168,3.2877,0,0
96.353,1.3403,11637,45.265,0,1.4288e+06,502.73,1,17.194,3.3134,0,0
95.403,1.3398,11583,49.443,0,1.4211e+06,502.52,1,17.22,3.339,0,0
94.421,1.3396,11526,51.588,0,1.4128e+06,502.29,1,17.245,3.3647,0,0
93.439,1.3394,11470,53.734,0,1.4045e+06,502.06,1,17.271,3.3904,0,0
92.458,1.3392,11413,55.88,0,1.3962e+06,501.83,1,17.297,3.416,0,0
91.476,1.339,11356,58.025,0,1.3879e+06,501.61,1,17.322,3.4417,0,0
90.494,1.3388,11299,60.171,0,1.3796e+06,501.38,1,17.348,3.4674,0,0
89.463,1.3391,11241,58.862,0,1.3706e+06,501.14,1,17.374,3.493,0,0
88.383,1.3399,11181,54.192,0,1.3608e+06,500.87,1,17.399,3.5187,0,0
87.303,1.3408,11121,49.522,0,1.351e+06,500.61,1,17.425,3.5443,0,0
86.223,1.3417,11061,44.852,0,1.3412e+06,500.35,1,17.45,3.57,0,0
85.143,1.3425,11000,40.181,0,1.3314e+06,500.09,1,17.476,3.5957,0,0
84.064,1.3434,10940,35.511,0,1.3216e+06,499.83,1,17.502,3.6213,0,0
83.115,1.3443,10884,33.972,0,1.3125e+06,499.59,1,17.527,3.647,0,0
82.215,1.3452,10830,33.591,0,1.3038e+06,499.36,1,17.553,3.6727,0,0
81.315,1.3462,10775,33.21,0,1.2951e+06,499.14,1,17.579,3.6983,0,0
80.415,1.3471,10721,32.829,0,1.2863e+06,498.91,1,17.604,3.724,0,0
79.515,1.3481,10666,32.448,0,1.2776e+06,498.68,1,17.63,3.7496,0,0
78.614,1.349,10611,32.067,0,1.2688e+06,498.45,1,17.656,3.7753,0,0
77.716,1.3504,10555,29.864,0,1.2596e+06,498.21,1,17.681,3.801,0,0
76.818,1.3519,10498,27.571,0,1.2503e+06,497.98,1,17.707,3.8266,0,0
75.92,1.3533,10441,25.278,0,1.2411e+06,497.74,1,17.733,3.8523,0,0
75.022,1.3548,10384,22.986,0,1.2318e+06,497.5,1,17.758,3.878,0,0
74.124,1.3562,10327,20.693,0,1.2225e+06,497.26,1,17.784,3.9036,0,0
73.242,1.3577,10270,18.663,0,1.2133e+06,497.03,1,17.81,3.9293,0,0
72.435,1.3596,10217,17.862,0,1.2045e+06,496.8,1,17.835,3.9549,0,0
71.629,1.3614,10164,17.061,0,1.1957e+06,496.58,1,17.861,3.9806,0,0
70.823,1.3632,10110,16.261,0,1.1869e+06,496.36,1,17.887,4.0063,0,0
70.017,1.365,10057,15.46,0,1.178e+06,496.13,1,17.912,4.0319,0,0
69.21,1.3668,10003,14.659,0,1.1692e+06,495.91,1,17.938,4.0576,0,0
68.436,1.3686,9950.9,14.22,0,1.1606e+06,495.69,1,17.964,4.0833,0,0
67.71,1.3706,9899.9,14.323,0,1.1522e+06,495.48,1,17.989,4.1089,0,0
66.984,1.3726,9848.8,14.427,0,1.1438e+06,495.27,1,18.015,4.1346,0,0
66.258,1.3746,9797.8,14.53,0,1.1355e+06,495.06,1,18.041,4.1602,0,0
65.531,1.3766,9746.8,14.634,0,1.1271e+06,494.85,1,18.066,4.1859,0,0
64.805,1.3785,9695.8,14.737,0,1.1187e+06,494.64,1,18.092,4.2116,0,0
64.112,1.3807,9645.7,14.895,0,1.1105e+06,494.43,1,18.118,4.2372,0,0
63.437,1.3829,9596.1,15.086,0,1.1024e+06,494.23,1,18.143,4.2629,0,0
62.763,1.3852,9546.5,15.276,0,1.0942e+06,494.02,1,18.169,4.2886,0,0
62.089,1.3874,9496.9,15.467,0,1.0861e+06,493.82,1,18.195,4.3142,0,0
61.415,1.3897,9447.3,15.658,0,1.0779e+06,493.62,1,18.22,4.3399,0,0
60.741,1.3919,9397.7,15.848,0,1.0698e+06,493.41,1,18.246,4.3655,0,0
60.092,1.3943,9347.2,16.344,0,1.0616e+06,493.21,1,18.272,4.3912,0,0
59.449,1.3967,9296.4,16.897,0,1.0535e+06,493,1,18.297,4.4169,0,0
58.805,1.3991,9245.7,17.449,0,1.0454e+06,492.8,1,18.323,4.4425,0,0
58.161,1.4015,9194.9,18.001,0,1.0372e+06,492.6,1,18.349,4.4682,0,0
57.518,1.4039,9144.2,18.553,0,1.0291e+06,492.39,1,18.374,4.4939,0,0
56.88,1.4063,9093.7,19.072,0,1.021e+06,492.19,1,18.4,4.5195,0,0
56.317,1.4086,9046.8,19.134,0,1.0136e+06,492,1,18.426,4.5452,0,0
55.754,1.411,8999.9,19.195,0,1.0062e+06,491.82,1,18.451,4.5708,0,0
55.191,1.4134,8953,19.257,0,9.988e+05,491.63,1,18.477,4.5965,0,0
54.628,1.4157,8906,19.319,0,9.9139e+05,491.45,1,18.503,4.6222,0,0
54.065,1.4181,8859.1,19.381,0,9.8398e+05,491.26,1,18.528,4.6478,0,0
53.511,1.4205,8812.4,19.493,0,9.7663e+05,491.07,1,18.554,4.6735,0,0
52.981,1.4231,8766.4,19.727,0,9.6939e+05,490.89,1,18.58,4.6992,0,0
52.452,1.4257,8720.4,19.962,0,9.6216e+05,490.71,1,18.605,4.7248,0,0
51.922,1.4283,8674.4,20.196,0,9.5493e+05,490.53,1,18.631,4.7505,0,0
51.392,1.4308,8628.4,20.431,0,9.477e+05,490.34,1,18.657,4.7761,0,0
50.862,1.4334,8582.4,20.665,0,9.4047e+05,490.16,1,18.682,4.8018,0,0
50.35,1.436,8536.8,20.911,0,9.3336e+05,489.98,1,18.708,4.8275,0,0
49.855,1.4387,8491.6,21.168,0,9.2636e+05,489.8,1,18.734,4.8531,0,0
49.359,1.4414,8446.5,21.425,0,9.1936e+05,489.62,1,18.759,4.8788,0,0
48.863,1.4441,8401.3,21.681,0,9.1236e+05,489.44,1,18.785,4.9045,0,0
48.368,1.4468,8356.1,21.938,0,9.0536e+05,489.27,1,18.811,4.9301,0,0
47.872,1.4495,8310.9,22.195,0,8.9836e+05,489.09,1,18.836,4.9558,0,0
47.406,1.4522,8267,22.366,0,8.9163e+05,488.92,1,18.862,4.9814,0,0
46.951,1.4549,8223.4,22.507,0,8.8499e+05,488.74,1,18.888,5.0071,0,0
46.496,1.4576,8179.9,22.648,0,8.7835e+05,488.57,1,18.913,5.0328,0,0
46.041,1.4604,8136.3,22.789,0,8.7172e+05,488.4,1,18.939,5.0584,0,0
45.586,1.4631,8092.8,22.93,0,8.6508e+05,488.23,1,18.965,5.0841,0,0
45.13,1.4658,8049.2,23.071,0,8.5844e+05,488.06,1,18.99,5.1098,0,0
44.715,1.4685,8007.7,23.084,0,8.5222e+05,487.9,1,19.016,5.1354,0,0
44.301,1.4712,7966.3,23.09,0,8.4601e+05,487.74,1,19.042,5.1611,0,0
43.888,1.4739,7924.8,23.097,0,8.3981e+05,487.57,1,19.067,5.1867,0,0
43.474,1.4766,7883.4,23.104,0,8.336e+05,487.41,1,19.093,5.2124,0,0
43.06,1.4793,7842,23.111,0,8.2739e+05,487.25,1,19.119,5.2381,0,0
42.655,1.482,7801.1,23.089,0,8.2128e+05,487.09,1,19.144,5.2637,0,0
42.286,1.4846,7762.5,22.937,0,8.156e+05,486.94,1,19.17,5.2894,0,0
41.917,1.4872,7723.9,22.786,0,8.0992e+05,486.79,1,19.196,5.3151,0,0
41.548,1.4898,7685.3,22.634,0,8.0423e+05,486.64,1,19.221,5.3407,0,0
41.178,1.4924,7646.6,22.483,0,7.9855e+05,486.49,1,19.247,5.3664,0,0
40.809,1.495,7608,22.331,0,7.9287e+05,486.34,1,19.273,5.392,0,0
40.458,1.4975,7570.8,22.092,0,7.8741e+05,486.19,1,19.298,5.4177,0,0
40.133,1.5,7535.5,21.725,0,7.8229e+05,486.05,1,19.324,5.4434,0,0
39.808,1.5025,7500.2,21.358,0,7.7717e+05,485.92,1,19.35,5.469,0,0
39.483,1.505,7465,20.991,0,7.7205e+05,485.78,1,19.375,5.4947,0,0
39.158,1.5074,7429.7,20.624,0,7.6693e+05,485.64,1,19.401,5.5204,0,0
38.833,1.5099,7394.4,20.257,0,7.6181e+05,485.5,1,19.427,5.546,0,0
38.533,1.5123,7361.1,19.87,0,7.5703e+05,485.37,1,19.452,5.5717,0,0
38.248,1.5146,7329.1,19.47,0,7.5246e+05,485.25,1,19.478,5.5973,0,0
37.963,1.5169,7297,19.071,0,7.4788e+05,485.12,1,19.503,5.623,0,0
37.679,1.5192,7264.9,18.672,0,7.4331e+05,485,1,19.529,5.6487,0,0
37.394,1.5214,7232.9,18.272,0,7.3873e+05,484.87,1,19.555,5.6743,0,0
37.109,1.5237,7200.8,17.873,0,7.3415e+05,484.75,1,19.58,5.7,0,0
36.819,1.5265,7168.5,17.98,0,7.2942e+05,484.62,1,19.606,5.7257,0,0
36.528,1.5293,7136.3,18.174,0,7.2465e+05,484.48,1,19.632,5.7513,0,0
36.237,1.5322,7104,18.369,0,7.1989e+05,484.35,1,19.657,5.777,0,0
35.946,1.535,7071.7,18.563,0,7.1512e+05,484.22,1,19.683,5.8026,0,0
35.655,1.5379,7039.5,18.757,0,7.1036e+05,484.09,1,19.709,5.8283,0,0
35.365,1.5407,7007.2,19.144,0,7.056e+05,483.95,1,19.734,5.854,0,0
35.084,1.5437,6975.3,21.864,0,7.0092e+05,483.82,1,19.76,5.8796,0,0
34.804,1.5467,6943.3,24.584,0,6.9624e+05,483.69,1,19.786,5.9053,0,0
34.523,1.5497,6911.4,27.304,0,6.9156e+05,483.56,1,19.811,5.931,0,0
34.242,1.5527,6879.5,30.024,0,6.8688e+05,483.43,1,19.837,5.9566,0,0
33.962,1.5557,6847.5,32.744,0,6.822e+05,483.29,1,19.863,5.9823,0,0
33.694,1.5586,6816.5,33.52,0,6.7772e+05,483.17,1,19.888,6.0079,0,0
33.458,1.561,6787.8,29.745,0,6.7371e+05,483.05,1,19.914,6.0336,0,0
33.221,1.5635,6759.1,25.971,0,6.697e+05,482.93,1,19.94,6.0593,0,0
32.985,1.5659,6730.3,22.196,0,6.6569e+05,482.82,1,19.965,6.0849,0,0
32.748,1.5684,6701.6,18.422,0,6.6168e+05,482.7,1,19.991,6.1106,0,0
32.512,1.5708,6672.9,14.647,0,6.5767e+05,482.59,1,20.017,6.1363,0,0
32.284,1.5731,6644.2,15.015,0,6.5378e+05,482.47,1,20.042,6.1619,0,0
32.065,1.5752,6615.4,19.168,0,6.5001e+05,482.36,1,20.068,6.1876,0,0
31.846,1.5773,6586.7,23.321,0,6.4624e+05,482.25,1,20.094,6.2132,0,0
31.627,1.5793,6558,27.474,0,6.4248e+05,482.14,1,20.119,6.2389,0,0
31.408,1.5814,6529.2,31.627,0,6.3871e+05,482.03,1,20.145,6.2646,0,0
31.189,1.5835,6500.5,35.781,0,6.3494e+05,481.92,1,20.171,6.2902,0,0
30.974,1.5857,6472.3,35.615,0,6.312e+05,481.81,1,20.196,6.3159,0,0
30.761,1.5881,6444.3,33.976,0,6.2747e+05,481.7,1,20.222,6.3416,0,0
30.547,1.5904,6416.3,32.336,0,6.2374e+05,481.59,1,20.248,6.3672,0,0
30.333,1.5927,6388.3,30.697,0,6.2001e+05,481.48,1,20.273,6.3929,0,0
30.119,1.595,6360.2,29.058,0,6.1628e+05,481.37,1,20.299,6.4185,0,0
29.905,1.5973,6332.2,27.418,0,6.1255e+05,481.25,1,20.325,6.4442,0,0
29.722,1.5995,6307.9,26.376,0,6.0931e+05,481.16,1,20.35,6.4699,0,0
29.54,1.6016,6283.7,25.352,0,6.0609e+05,481.06,1,20.376,6.4955,0,0
29.357,1.6038,6259.6,24.329,0,6.0287e+05,480.96,1,20.402,6.5212,0,0
29.175,1.6059,6235.4,23.306,0,5.9965e+05,480.86,1,20.427,6.5469,0,0
28.993,1.6081,6211.2,22.282,0,5.9643e+05,480.76,1,20.453,6.5725,0,0
28.815,1.6102,6187.5,21.382,0,5.9327e+05,480.67,1,20.479,6.5982,0,0
28.653,1.6123,6165.8,20.999,0,5.9039e+05,480.58,1,20.504,6.6238,0,0
28.492,1.6143,6144.1,20.615,0,5.875e+05,480.49,1,20.53,6.6495,0,0
28.33,1.6164,6122.5,20.232,0,5.8462e+05,480.4,1,20.556,6.6752,0,0
28.169,1.6184,6100.8,19.849,0,5.8173e+05,480.31,1,20.581,6.7008,0,0
28.007,1.6205,6079.1,19.466,0,5.7885e+05,480.22,1,20.607,6.7265,0,0
27.852,1.6225,6058.1,19.16,0,5.7606e+05,480.14,1,20.633,6.7522,0,0
27.705,1.6245,6038.1,18.962,0,5.7341e+05,480.05,1,20.658,6.7778,0,0
27.558,1.6264,6018.1,18.765,0,5.7076e+05,479.97,1,20.684,6.8035,0,0
27.411,1.6284,5998.1,18.568,0,5.6812e+05,479.89,1,20.71,6.8291,0,0
27.265,1.6304,5978.1,18.371,0,5.6547e+05,479.8,1,20.735,6.8548,0,0
27.118,1.6324,5958.1,18.174,0,5.6282e+05,479.72,1,20.761,6.8805,0,0
26.981,1.6342,5939.3,17.953,0,5.6035e+05,479.64,1,20.787,6.9061,0,0
26.851,1.636,5921.2,17.719,0,5.5798e+05,479.56,1,20.812,6.9318,0,0
26.721,1.6378,5903.1,17.485,0,5.5561e+05,479.49,1,20.838,6.9575,0,0
26.591,1.6396,5885,17.251,0,5.5324e+05,479.41,1,20.864,6.9831,0,0
26.461,1.6414,5866.9,17.017,0,5.5087e+05,479.34,1,20.889,7.0088,0,0
26.331,1.6433,5848.8,16.783,0,5.485e+05,479.26,1,20.915,7.0344,0,0
26.214,1.6448,5832.2,16.475,0,5.4638e+05,479.19,1,20.941,7.0601,0,0
26.101,1.6464,5815.8,16.155,0,5.4429e+05,479.13,1,20.966,7.0858,0,0
25.987,1.648,5799.5,15.835,0,5.422e+05,479.06,1,20.992,7.1114,0,0
25.873,1.6495,5783.1,15.515,0,5.4011e+05,478.99,1,21.018,7.1371,0,0
25.759,1.6511,5766.8,15.195,0,5.3802e+05,478.92,1,21.043,7.1628,0,0
25.647,1.6526,5750.6,14.849,0,5.3597e+05,478.86,1,21.069,7.1884,0,0
25.555,1.6538,5737.1,14.226,0,5.3428e+05,478.8,1,21.095,7.2141,0,0
25.464,1.6551,5723.6,13.603,0,5.3259e+05,478.74,1,21.12,7.2397,0,0
25.372,1.6563,5710.1,12.98,0,5.309e+05,478.69,1,21.146,7.2654,0,0
25.28,1.6575,5696.5,12.357,0,5.2921e+05,478.63,1,21.172,7.2911,0,0
25.189,1.6588,5683,11.734,0,5.2751e+05,478.58,1,21.197,7.3167,0,0
25.101,1.6601,5670.3,11.164,0,5.2589e+05,478.52,1,21.223,7.3424,0,0
25.021,1.6614,5659.3,10.715,0,5.2441e+05,478.48,1,21.249,7.3681,0,0
24.942,1.6628,5648.3,10.266,0,5.2294e+05,478.43,1,21.274,7.3937,0,0
24.862,1.6641,5637.3,9.8171,0,5.2146e+05,478.38,1,21.3,7.4194,0,0
24.783,1.6655,5626.4,9.3679,0,5.1999e+05,478.33,1,21.326,7.445,0,0
24.703,1.6669,5615.4,8.9188,0,5.1851e+05,478.28,1,21.351,7.4707,0,0
24.631,1.6681,5605.4,8.8627,0,5.1718e+05,478.23,1,21.377,7.4964,0,0
24.566,1.6692,5596.2,9.1547,0,5.1596e+05,478.19,1,21.403,7.522,0,0
24.501,1.6703,5587.1,9.4466,0,5.1475e+05,478.15,1,21.428,7.5477,0,0
24.436,1.6715,5578,9.7386,0,5.1354e+05,478.11,1,21.454,7.5734,0,0
24.371,1.6726,5568.8,10.031,0,5.1233e+05,478.07,1,21.48,7.599,0,0
24.306,1.6737,5559.7,10.323,0,5.1112e+05,478.03,1,21.505,7.6247,0,0
24.247,1.6747,5551.1,10.8,0,5.1e+05,477.99,1,21.531,7.6503,0,0
24.189,1.6756,5542.6,11.337,0,5.0892e+05,477.96,1,21.556,7.676,0,0
24.131,1.6766,5534.1,11.875,0,5.0783e+05,477.92,1,21.582,7.7017,0,0
24.073,1.6775,5525.6,12.412,0,5.0675e+05,477.88,1,21.608,7.7273,0,0
24.015,1.6784,5517.2,12.95,0,5.0566e+05,477.85,1,21.633,7.753,0,0
23.957,1.6794,5508.7,13.487,0,5.0458e+05,477.81,1,21.659,7.7787,0,0
23.91,1.6801,5501.7,13.485,0,5.037e+05,477.78,1,21.685,7.8043,0,0
23.863,1.6809,5494.8,13.471,0,5.0282e+05,477.75,1,21.71,7.83,0,0
23.817,1.6816,5487.8,13.456,0,5.0195e+05,477.72,1,21.736,7.8556,0,0
23.77,1.6824,5480.9,13.441,0,5.0107e+05,477.69,1,21.762,7.8813,0,0
23.723,1.6831,5473.9,13.427,0,5.002e+05,477.66,1,21.787,7.907,0,0
23.678,1.6838,5467.2,13.371,0,4.9935e+05,477.63,1,21.813,7.9326,0,0
23.639,1.6845,5461.3,13.149,0,4.9861e+05,477.61,1,21.839,7.9583,0,0
23.6,1.6851,5455.4,12.928,0,4.9787e+05,477.58,1,21.864,7.984,0,0
23.56,1.6857,5449.5,12.707,0,4.9713e+05,477.56,1,21.89,8.0096,0,0
23.521,1.6864,5443.7,12.485,0,4.9639e+05,477.53,1,21.916,8.0353,0,0
23.482,1.687,5437.8,12.264,0,4.9565e+05,477.51,1,21.941,8.0609,0,0
23.446,1.6876,5432.3,12.025,0,4.9497e+05,477.48,1,21.967,8.0866,0,0
23.413,1.6881,5427.5,11.761,0,4.9436e+05,477.46,1,21.993,8.1123,0,0
23.381,1.6887,5422.6,11.497,0,4.9376e+05,477.44,1,22.018,8.1379,0,0
23.349,1.6892,5417.8,11.233,0,4.9315e+05,477.42,1,22.044,8.1636,0,0
23.317,1.6897,5413,10.97,0,4.9254e+05,477.4,1,22.07,8.1893,0,0
23.284,1.6902,5408.1,10.706,0,4.9193e+05,477.38,1,22.095,8.2149,0,0
23.256,1.6907,5403.8,10.437,0,4.9139e+05,477.36,1,22.121,8.2406,0,0
23.229,1.6911,5399.8,10.166,0,4.9089e+05,477.34,1,22.147,8.2662,0,0
23.203,1.6916,5395.7,9.8947,0,4.9039e+05,477.32,1,22.172,8.2919,0,0
23.176,1.692,5391.7,9.6234,0,4.8988e+05,477.31,1,22.198,8.3176,0,0
23.149,1.6925,5387.7,9.3521,0,4.8938e+05,477.29,1,22.224,8.3432,0,0
23.123,1.6929,5383.7,9.0808,0,4.8887e+05,477.27,1,22.249,8.3689,0,0
23.1,1.6933,5380.2,8.5266,0,4.8845e+05,477.26,1,22.275,8.3946,0,0
23.079,1.6936,5376.9,7.9297,0,4.8805e+05,477.24,1,22.301,8.4202,0,0
23.057,1.6939,5373.5,7.3327,0,4.8764e+05,477.23,1,22.326,8.4459,0,0
23.036,1.6942,5370.1,6.7358,0,4.8723e+05,477.21,1,22.352,8.4715,0,0
23.014,1.6946,5366.8,6.1388,0,4.8683e+05,477.2,1,22.378,8.4972,0,0
22.993,1.6949,5363.5,5.5535,0,4.8643e+05,477.19,1,22.403,8.5229,0,0
22.978,1.6951,5361,5.0834,0,4.8613e+05,477.18,1,22.429,8.5485,0,0
22.962,1.6954,5358.6,4.6133,0,4.8584e+05,477.17,1,22.455,8.5742,0,0
22.946,1.6956,5356.1,4.1432,0,4.8554e+05,477.16,1,22.48,8.5999,0,0
22.931,1.6958,5353.7,3.6731,0,4.8524e+05,477.15,1,22.506,8.6255,0,0
22.915,1.6961,5351.2,3.203,0,4.8495e+05,477.14,1,22.532,8.6512,0,0
22.901,1.6963,5349,2.8125,0,4.8468e+05,477.13,1,22.557,8.6768,0,0
22.891,1.6964,5347.4,2.5952,0,4.8449e+05,477.12,1,22.583,8.7025,0,0
22.88,1.6966,5345.7,2.3778,0,4.8429e+05,477.11,1,22.609,8.7282,0,0
22.87,1.6967,5344,2.1605,0,4.8409e+05,477.11,1,22.634,8.7538,0,0
22.86,1.6969,5342.4,1.9431,0,4.839e+05,477.1,1,22.66,8.7795,0,0
22.849,1.697,5340.7,1.7258,0,4.837e+05,477.09,1,22.686,8.8052,0,0
22.841,1.6971,5339.4,1.5455,0,4.8354e+05,477.09,1,22.711,8.8308,0,0
22.834,1.6972,5338.3,1.3969,0,4.8341e+05,477.08,1,22.737,8.8565,0,0
22.828,1.6973,5337.2,1.2484,0,4.8329e+05,477.08,1,22.763,8.8821,0,0
22.821,1.6974,5336.1,1.0998,0,4.8316e+05,477.07,1,22.788,8.9078,0,0
22.814,1.6975,5335,0.95129,0,4.8303e+05,477.07,1,22.814,8.9335,0,0
22.807,1.6976,5333.9,0.80274,0,4.829e+05,477.06,1,22.84,8.9591,0,0
22.802,1.6977,5333.1,0.70924,0,4.8281e+05,477.06,1,22.865,8.9848,0,0
22.798,1.6977,5332.4,0.633,0,4.8272e+05,477.06,1,22.891,9.0105,0,0
22.794,1.6978,5331.8,0.55675,0,4.8264e+05,477.05,1,22.917,9.0361,0,0
22.789,1.6979,5331.1,0.48051,0,4.8256e+05,477.05,1,22.942,9.0618,0,0
22.785,1.6979,5330.4,0.40426,0,4.8247e+05,477.05,1,22.968,9.0874,0,0
22.78,1.698,5329.7,0.32802,0,4.8239e+05,477.05,1,22.994,9.1131,0,0
22.778,1.6981,5329.4,0.29696,0,4.8235e+05,477.04,1,23.019,9.1388,0,0
22.776,1.6981,5329.1,0.26661,0,4.823e+05,477.04,1,23.045,9.1644,0,0
22.774,1.6982,5328.8,0.23627,0,4.8226e+05,477.04,1,23.071,9.1901,0,0
22.771,1.6982,5328.4,0.20592,0,4.8222e+05,477.04,1,23.096,9.2158,0,0
22.769,1.6983,5328.1,0.17558,0,4.8218e+05,477.04,1,23.122,9.2414,0,0
22.767,1.6983,5327.9,0.14636,0,4.8214e+05,477.04,1,23.148,9.2671,0,0
22.767,1.6983,5327.9,0.12147,0,4.8214e+05,477.04,1,23.173,9.2927,0,0
22.767,1.6983,5327.8,0.096571,0,4.8213e+05,477.04,1,23.199,9.3184,0,0
22.766,1.6983,5327.8,0.071675,0,4.8213e+05,477.04,1,23.225,9.3441,0,0
22.766,1.6983,5327.8,0.046779,0,4.8212e+05,477.04,1,23.25,9.3697,0,0
22.766,1.6984,5327.8,0.021882,0,4.8211e+05,477.04,1,23.276,9.3954,0,0
22.766,1.6984,5327.8,-0.0045936,0,4.8212e+05,477.04,1,23.302,9.4211,0,0
22.767,1.6984,5328,-0.033161,0,4.8213e+05,477.04,1,23.327,9.4467,0,0
22.767,1.6984,5328.1,-0.061727,0,4.8214e+05,477.04,1,23.353,9.4724,0,0
22.768,1.6984,5328.3,-0.090293,0,4.8216e+05,477.04,1,23.379,9.498,0,0
22.769,1.6984,5328.4,-0.11886,0,4.8217e+05,477.04,1,23.404,9.5237,0,0
22.77,1.6984,5328.5,-0.14742,0,4.8219e+05,477.04,1,23.43,9.5494,0,0
22.77,1.6984,5328.7,-0.15984,0,4.822e+05,477.04,1,23.456,9.575,0,0
22.771,1.6984,5328.8,-0.16368,0,4.8221e+05,477.04,1,23.481,9.6007,0,0
22.772,1.6984,5329,-0.16753,0,4.8222e+05,477.04,1,23.507,9.6264,0,0
22.772,1.6984,5329.1,-0.17138,0,4.8224e+05,477.04,1,23.533,9.652,0,0
22.773,1.6984,5329.2,-0.17523,0,4.8225e+05,477.04,1,23.558,9.6777,0,0
22.774,1.6984,5329.4,-0.17908,0,4.8226e+05,477.04,1,23.584,9.7033,0,0
22.774,1.6984,5329.4,-0.17548,0,4.8227e+05,477.04,1,23.609,9.729,0,0
22.774,1.6984,5329.5,-0.17084,0,4.8228e+05,477.04,1,23.635,9.7547,0,0
22.775,1.6984,5329.6,-0.16619,0,4.8228e+05,477.04,1,23.661,9.7803,0,0
22.775,1.6984,5329.7,-0.16155,0,4.8229e+05,477.04,1,23.686,9.806,0,0
22.775,1.6984,5329.8,-0.1569,0,4.823e+05,477.04,1,23.712,9.8317,0,0
22.776,1.6984,5329.9,-0.1518,0,4.823e+05,477.04,1,23.738,9.8573,0,0
22.776,1.6984,5329.9,-0.14262,0,4.823e+05,477.04,1,23.763,9.883,0,0
22.776,1.6984,5329.9,-0.13345,0,4.823e+05,477.04,1,23.789,9.9086,0,0
22.775,1.6984,5329.9,-0.12427,0,4.823e+05,477.04,1,23.815,9.9343,0,0
22.775,1.6984,5329.9,-0.11509,0,4.823e+05,477.04,1,23.84,9.96,0,0
22.775,1.6984,5329.9,-0.10592,0,4.823e+05,477.04,1,23.866,9.9856,0,0
22.775,1.6984,5329.9,-0.096836,0,4.8229e+05,477.04,1,23.892,10.011,0,0
22.775,1.6984,5329.8,-0.087959,0,4.8228e+05,477.04,1,23.917,10.037,0,0
22.774,1.6984,5329.8,-0.079082,0,4.8227e+05,477.04,1,23.943,10.063,0,0
22.774,1.6985,5329.7,-0.070205,0,4.8226e+05,477.04,1,23.969,10.088,0,0
22.773,1.6985,5329.7,-0.061328,0,4.8225e+05,477.04,1,23.994,10.114,0,0
22.773,1.6985,5329.6,-0.052451,0,4.8224e+05,477.04,1,24.02,10.14,0,0
22.772,1.6985,5329.5,-0.042901,0,4.8223e+05,477.04,1,24.046,10.165,0,0
22.771,1.6985,5329.4,-0.032793,0,4.8221e+05,477.04,1,24.071,10.191,0,0
22.77,1.6986,5329.2,-0.022684,0,4.8219e+05,477.04,1,24.097,10.217,0,0
22.769,1.6986,5329.1,-0.012575,0,4.8217e+05,477.04,1,24.123,10.242,0,0
22.768,1.6986,5329,-0.0024666,0,4.8215e+05,477.04,1,24.148,10.268,0,0
22.767,1.6986,5328.9,0.0076421,0,4.8214e+05,477.04,1,24.174,10.294,0,0
22.766,1.6986,5328.7,0.013363,0,4.8212e+05,477.04,1,24.2,10.319,0,0
22.765,1.6987,5328.6,0.017765,0,4.821e+05,477.04,1,24.225,10.345,0,0
22.764,1.6987,5328.4,0.022168,0,4.8207e+05,477.04,1,24.251,10.371,0,0
22.763,1.6987,5328.2,0.026571,0,4.8205e+05,477.03,1,24.277,10.396,0,0
22.761,1.6987,5328.1,0.030974,0,4.8203e+05,477.03,1,24.302,10.422,0,0
22.76,1.6988,5327.9,0.035377,0,4.8201e+05,477.03,1,24.328,10.448,0,0
22.759,1.6988,5327.7,0.041675,0,4.8199e+05,477.03,1,24.354,10.473,0,0
22.758,1.6988,5327.5,0.047988,0,4.8196e+05,477.03,1,24.379,10.499,0,0
22.756,1.6988,5327.3,0.054302,0,4.8193e+05,477.03,1,24.405,10.525,0,0
22.755,1.6989,5327.1,0.060615,0,4.8191e+05,477.03,1,24.431,10.55,0,0
22.753,1.6989,5326.9,0.066928,0,4.8188e+05,477.03,1,24.456,10.576,0,0
22.752,1.6989,5326.7,0.071881,0,4.8185e+05,477.03,1,24.482,10.602,0,0
22.751,1.6989,5326.5,0.071875,0,4.8183e+05,477.03,1,24.508,10.627,0,0
22.749,1.699,5326.3,0.07187,0,4.818e+05,477.03,1,24.533,10.653,0,0
22.748,1.699,5326.1,0.071864,0,4.8177e+05,477.03,1,24.559,10.679,0,0
22.746,1.699,5325.8,0.071858,0,4.8174e+05,477.02,1,24.585,10.704,0,0
22.745,1.6991,5325.6,0.071853,0,4.8171e+05,477.02,1,24.61,10.73,0,0
22.743,1.6991,5325.4,0.072344,0,4.8168e+05,477.02,1,24.636,10.755,0,0
22.741,1.6991,5325.2,0.073471,0,4.8165e+05,477.02,1,24.662,10.781,0,0
22.74,1.6992,5324.9,0.074598,0,4.8162e+05,477.02,1,24.687,10.807,0,0
22.738,1.6992,5324.7,0.075725,0,4.8159e+05,477.02,1,24.713,10.832,0,0
22.736,1.6992,5324.4,0.076852,0,4.8156e+05,477.02,1,24.739,10.858,0,0
22.735,1.6992,5324.2,0.07798,0,4.8153e+05,477.02,1,24.764,10.884,0,0
22.733,1.6993,5324,0.076692,0,4.815e+05,477.02,1,24.79,10.909,0,0
22.732,1.6993,5323.8,0.074168,0,4.8148e+05,477.01,1,24.816,10.935,0,0
22.731,1.6993,5323.6,0.071644,0,4.8146e+05,477.01,1,24.841,10.961,0,0
22.73,1.6993,5323.4,0.069119,0,4.8143e+05,477.01,1,24.867,10.986,0,0
22.729,1.6994,5323.2,0.066595,0,4.8141e+05,477.01,1,24.893,11.012,0,0
22.727,1.6994,5323.1,0.064071,0,4.8139e+05,477.01,1,24.918,11.038,0,0
22.726,1.6994,5322.9,0.054716,0,4.8137e+05,477.01,1,24.944,11.063,0,0
22.726,1.6994,5322.8,0.044468,0,4.8135e+05,477.01,1,24.97,11.089,0,0
22.725,1.6994,5322.7,0.03422,0,4.8134e+05,477.01,1,24.995,11.115,0,0
22.724,1.6994,5322.6,0.023973,0,4.8132e+05,477.01,1,25.021,11.14,0,0
22.723,1.6995,5322.4,0.013725,0,4.813e+05,477.01,1,25.047,11.166,0,0
22.722,1.6995,5322.3,0.0041325,0,4.8129e+05,477.01,1,25.072,11.192,0,0
22.722,1.6995,5322.2,-3.1431e-05,0,4.8128e+05,477.01,1,25.098,11.217,0,0
22.721,1.6995,5322.2,-0.0041955,0,4.8127e+05,477.01,1,25.124,11.243,0,0
22.721,1.6995,5322.1,-0.0083594,0,4.8126e+05,477.01,1,25.149,11.269,0,0
22.72,1.6995,5322,-0.012523,0,4.8125e+05,477.01,1,25.175,11.294,0,0
22.72,1.6995,5322,-0.016687,0,4.8124e+05,477.01,1,25.201,11.32,0,0
22.719,1.6995,5321.9,-0.022485,0,4.8124e+05,477.01,1,25.226,11.346,0,0
22.719,1.6995,5321.9,-0.031591,0,4.8123e+05,477.01,1,25.252,11.371,0,0
22.719,1.6995,5321.9,-0.040697,0,4.8123e+05,477.01,1,25.278,11.397,0,0
22.719,1.6995,5321.9,-0.049803,0,4.8123e+05,477.01,1,25.303,11.423,0,0
22.719,1.6995,5321.9,-0.058909,0,4.8123e+05,477.01,1,25.329,11.448,0,0
22.719,1.6995,5321.9,-0.068015,0,4.8123e+05,477.01,1,25.355,11.474,0,0
22.719,1.6995,5321.9,-0.077219,0,4.8123e+05,477.01,1,25.38,11.5,0,0
22.72,1.6995,5322,-0.086502,0,4.8124e+05,477.01,1,25.406,11.525,0,0
22.72,1.6995,5322,-0.095785,0,4.8125e+05,477.01,1,25.432,11.551,0,0
22.72,1.6995,5322.1,-0.10507,0,4.8125e+05,477.01,1,25.457,11.577,0,0
22.721,1.6995,5322.2,-0.11435,0,4.8126e+05,477.01,1,25.483,11.602,0,0
22.721,1.6995,5322.2,-0.12363,0,4.8127e+05,477.01,1,25.509,11.628,0,0
22.721,1.6995,5322.3,-0.14331,0,4.8127e+05,477.01,1,25.534,11.654,0,0
22.722,1.6995,5322.3,-0.16596,0,4.8128e+05,477.01,1,25.56,11.679,0,0
22.722,1.6995,5322.4,-0.18862,0,4.8129e+05,477.01,1,25.586,11.705,0,0
22.723,1.6995,5322.5,-0.21128,0,4.813e+05,477.01,1,25.611,11.731,0,0
22.723,1.6995,5322.6,-0.23393,0,4.8131e+05,477.01,1,25.637,11.756,0,0
22.724,1.6995,5322.6,-0.25659,0,4.8131e+05,477.01,1,25.662,11.782,0,0
