Mach,Pressure,Temperature,p,vtkValidPointMask,arc_length,Points:0,Points:1,Points:2,entropy,total enthalpt
0,0.17801,895280.0,541.88,0.99036,1,0.0,0.0,0,0,705.1114026236298,350018.19946607377
1,0.17801,895280.0,541.88,0.99036,1,0.00012294,0.00012294,0,0,705.1114026236298,350018.19946607377
2,0.17802,895280.0,541.88,0.99035,1,0.00024587,0.00024587,0,0,705.1114026236298,350018.2130632649
3,0.17802,895280.0,541.88,0.99035,1,0.00036881,0.00036881,0,0,705.1114026236298,350018.2130632649
4,0.17802,895280.0,541.88,0.99035,1,0.00049175,0.00049175,0,0,705.1114026236298,350018.2130632649
5,0.17803,895280.0,541.88,0.99035,1,0.00061469,0.00061469,0,0,705.1114026236298,350018.22666121984
6,0.17803,895270.0,541.88,0.99035,1,0.00073762,0.00073762,0,0,705.1126459770248,350018.7636780842
7,0.17804,895270.0,541.88,0.99035,1,0.00086056,0.00086056,0,0,705.1126459770248,350018.77727714233
8,0.17805,895270.0,541.88,0.99035,1,0.0009835,0.0009835,0,0,705.1126459770248,350018.7908769643
9,0.17806,895270.0,541.88,0.99034,1,0.0011064,0.0011064,0,0,705.1126459770248,350018.8044775501
10,0.17808,895270.0,541.88,0.99034,1,0.0012294,0.0012294,0,0,705.1126459770248,350018.83168101317
11,0.17809,895270.0,541.88,0.99034,1,0.0013523,0.0013523,0,0,705.1126459770248,350018.8452838905
12,0.1781,895270.0,541.88,0.99034,1,0.0014752,0.0014752,0,0,705.1126459770248,350018.8588875317
13,0.17813,895270.0,541.88,0.99034,1,0.0015982,0.0015982,0,0,705.1126459770248,350018.8997030382
14,0.17815,895260.0,541.88,0.99034,1,0.0017211,0.0017211,0,0,705.1138893081484,350019.4639230989
15,0.17817,895260.0,541.88,0.99033,1,0.0018441,0.0018441,0,0,705.1138893081484,350019.4911409903
16,0.17819,895260.0,541.88,0.99033,1,0.001967,0.001967,0,0,705.1138893081484,350019.5183619371
17,0.17821,895260.0,541.88,0.99033,1,0.0020899,0.0020899,0,0,705.1138893081484,350019.5455859393
18,0.17824,895250.0,541.88,0.99032,1,0.0022129,0.0022129,0,0,705.1151326170025,350020.1234215997
19,0.17827,895250.0,541.88,0.99032,1,0.0023358,0.0023358,0,0,705.1151326170025,350020.1642712259
20,0.1783,895250.0,541.88,0.99032,1,0.0024587,0.0024587,0,0,705.1151326170025,350020.20512772707
21,0.17833,895250.0,541.88,0.99032,1,0.0025817,0.0025817,0,0,705.1151326170025,350020.2459911031
22,0.17836,895240.0,541.88,0.99031,1,0.0027046,0.0027046,0,0,705.1163759035893,350020.82384432835
23,0.17839,895240.0,541.88,0.99031,1,0.0028276,0.0028276,0,0,705.1163759035893,350020.8647224741
24,0.17843,895240.0,541.88,0.9903,1,0.0029505,0.0029505,0,0,705.1163759035893,350020.91923736304
25,0.17847,895230.0,541.88,0.9903,1,0.0030734,0.0030734,0,0,705.1176191679103,350021.51073615864
26,0.1785,895230.0,541.88,0.9903,1,0.0031964,0.0031964,0,0,705.1176191679103,350021.5516405335
27,0.17854,895220.0,541.88,0.99029,1,0.0033193,0.0033193,0,0,705.118862409969,350022.14314943115
28,0.17858,895220.0,541.88,0.99029,1,0.0034422,0.0034422,0,0,705.118862409969,350022.1977128763
29,0.17862,895220.0,541.88,0.99028,1,0.0035652,0.0035652,0,0,705.118862409969,350022.2522885445
30,0.17867,895210.0,541.88,0.99028,1,0.0036881,0.0036881,0,0,705.1201056297664,350022.85747375136
31,0.17871,895210.0,541.88,0.99027,1,0.003811,0.003811,0,0,705.1201056297664,350022.9120782834
32,0.17876,895200.0,541.88,0.99027,1,0.003934,0.003934,0,0,705.1213488273048,350023.5172876085
33,0.17881,895200.0,541.88,0.99026,1,0.0040569,0.0040569,0,0,705.1213488273048,350023.585581265
34,0.17885,895190.0,541.88,0.99026,1,0.0041799,0.0041799,0,0,705.1225920025868,350024.17715445365
35,0.1789,895190.0,541.88,0.99025,1,0.0043028,0.0043028,0,0,705.1225920025868,350024.2454841933
36,0.17896,895180.0,541.88,0.99025,1,0.0044257,0.0044257,0,0,705.1238351556149,350024.86441832996
37,0.17901,895180.0,541.88,0.99024,1,0.0045487,0.0045487,0,0,705.1238351556149,350024.93279179465
38,0.17907,895170.0,541.87,0.99024,1,0.0046716,0.0046716,0,0,705.0819254150379,350002.1424477449
39,0.17912,895170.0,541.87,0.99023,1,0.0047945,0.0047945,0,0,705.0819254150379,350002.210850495
40,0.17918,895160.0,541.87,0.99022,1,0.0049175,0.0049175,0,0,705.0831687974223,350002.829998811
41,0.17924,895160.0,541.87,0.99022,1,0.0050404,0.0050404,0,0,705.0831687974223,350002.91213686764
42,0.1793,895150.0,541.87,0.99021,1,0.0051634,0.0051634,0,0,705.0844121575365,350003.53133129864
43,0.17937,895140.0,541.87,0.9902,1,0.0052863,0.0052863,0,0,705.0856554953833,350004.16424449906
44,0.17943,895140.0,541.87,0.99019,1,0.0054092,0.0054092,0,0,705.0856554953833,350004.2464737423
45,0.17949,895130.0,541.87,0.99019,1,0.0055322,0.0055322,0,0,705.086898810965,350004.86573579384
46,0.17956,895120.0,541.87,0.99018,1,0.0056551,0.0056551,0,0,705.0881421042834,350005.49873182183
47,0.17963,895120.0,541.87,0.99017,1,0.005778,0.005778,0,0,705.0881421042834,350005.5947750071
48,0.17971,895110.0,541.87,0.99016,1,0.005901,0.005901,0,0,705.0893853753403,350006.2415672635
49,0.17978,895100.0,541.87,0.99016,1,0.0060239,0.0060239,0,0,705.0906286241385,350006.8746632111
50,0.17985,895090.0,541.87,0.99015,1,0.0061469,0.0061469,0,0,705.0918718506796,350007.50778636476
51,0.17992,895090.0,541.87,0.99014,1,0.0062698,0.0062698,0,0,705.0918718506796,350007.6039918345
52,0.18,895080.0,541.87,0.99013,1,0.0063927,0.0063927,0,0,705.0931150549662,350008.2509344215
53,0.18008,895070.0,541.87,0.99012,1,0.0065157,0.0065157,0,0,705.094358237,350008.8979163709
54,0.18016,895060.0,541.87,0.99012,1,0.0066386,0.0066386,0,0,705.0956013967841,350009.5449376875
55,0.18024,895060.0,541.87,0.99011,1,0.0067615,0.0067615,0,0,705.0956013967841,350009.65508757153
56,0.18032,895050.0,541.87,0.9901,1,0.0068845,0.0068845,0,0,705.0968445343193,350010.3021999093
57,0.18041,895040.0,541.87,0.99009,1,0.0070074,0.0070074,0,0,705.0980876496088,350010.96313671255
58,0.1805,895030.0,541.87,0.99008,1,0.0071303,0.0071303,0,0,705.0993307426542,350011.62412657717
59,0.18059,895020.0,541.87,0.99007,1,0.0072533,0.0072533,0,0,705.1005738134579,350012.2851695086
60,0.18068,895010.0,541.87,0.99006,1,0.0073762,0.0073762,0,0,705.1018168620218,350012.9462655128
61,0.18077,895000.0,541.87,0.99005,1,0.0074992,0.0074992,0,0,705.1030598883483,350013.60741459497
62,0.18086,894990.0,541.87,0.99004,1,0.0076221,0.0076221,0,0,705.1043028924395,350014.26861676096
63,0.18095,894980.0,541.87,0.99003,1,0.007745,0.007745,0,0,705.1055458742973,350014.92987201625
64,0.18105,894970.0,541.87,0.99002,1,0.007868,0.007868,0,0,705.106788833924,350015.6050167719
65,0.18115,894960.0,541.87,0.99001,1,0.0079909,0.0079909,0,0,705.108031771322,350016.28022983903
66,0.18125,894960.0,541.87,0.98999,1,0.0081138,0.0081138,0,0,705.108031771322,350016.4187158023
67,0.18135,894950.0,541.87,0.98998,1,0.0082368,0.0082368,0,0,705.1092746864934,350017.0940770693
68,0.18144,894940.0,541.87,0.98997,1,0.0083597,0.0083597,0,0,705.1105175794399,350017.75563865266
69,0.18155,894920.0,541.87,0.98996,1,0.0084827,0.0084827,0,0,705.1130032986676,350018.98176535807
70,0.18166,894910.0,541.87,0.98995,1,0.0086056,0.0086056,0,0,705.1142461249533,350019.6712051849
71,0.18177,894900.0,541.87,0.98994,1,0.0087285,0.0087285,0,0,705.1154889290227,350020.36073010764
72,0.18187,894890.0,541.87,0.98992,1,0.0088515,0.0088515,0,0,705.116731710878,350021.03643752413
73,0.18198,894880.0,541.87,0.98991,1,0.0089744,0.0089744,0,0,705.1179744705215,350021.7261239074
74,0.18209,894870.0,541.87,0.9899,1,0.0090973,0.0090973,0,0,705.1192172079557,350022.4158954098
75,0.18221,894860.0,541.87,0.98989,1,0.0092203,0.0092203,0,0,705.1204599231824,350023.11968091625
76,0.18232,894850.0,541.87,0.98988,1,0.0093432,0.0093432,0,0,705.1217026162037,350023.8096314369
77,0.18244,894840.0,541.87,0.98986,1,0.0094661,0.0094661,0,0,705.1229452870216,350024.51361425535
78,0.18256,894820.0,541.86,0.98985,1,0.0095891,0.0095891,0,0,705.0822848430635,350002.34833621985
79,0.18267,894810.0,541.86,0.98984,1,0.009712,0.009712,0,0,705.0835277205848,350003.03866499785
80,0.1828,894800.0,541.86,0.98982,1,0.009835,0.009835,0,0,705.0847705758897,350003.7570244002
81,0.18292,894790.0,541.86,0.98981,1,0.0099579,0.0099579,0,0,705.0860134089799,350004.46152362815
82,0.18305,894770.0,541.86,0.98979,1,0.010081,0.010081,0,0,705.0884990085274,350005.7168558657
83,0.18318,894760.0,541.86,0.98978,1,0.010204,0.010204,0,0,705.0897417749887,350006.4355642505
84,0.1833,894750.0,541.86,0.98977,1,0.010327,0.010327,0,0,705.0909845192442,350007.14038205065
85,0.18343,894740.0,541.86,0.98975,1,0.01045,0.01045,0,0,705.0922272412963,350007.85932669893
86,0.18356,894720.0,541.86,0.98974,1,0.010573,0.010573,0,0,705.0947126187987,350009.11507408414
87,0.1837,894710.0,541.86,0.98972,1,0.010696,0.010696,0,0,705.0959552742543,350009.84829994576
88,0.18383,894690.0,541.86,0.98971,1,0.010818,0.010818,0,0,705.0984405185808,350011.1042582469
89,0.18397,894680.0,541.86,0.98969,1,0.010941,0.010941,0,0,705.0996831074581,350011.83775229705
90,0.1841,894670.0,541.86,0.98968,1,0.011064,0.011064,0,0,705.1009256741457,350012.5573132146
91,0.18424,894650.0,541.86,0.98966,1,0.011187,0.011187,0,0,705.1034107409666,350013.8276839041
92,0.18439,894640.0,541.86,0.98964,1,0.01131,0.01131,0,0,705.1046532411016,350014.5756912116
93,0.18453,894620.0,541.86,0.98963,1,0.011433,0.011433,0,0,705.1071381748363,350015.84631754307
94,0.18468,894610.0,541.86,0.98961,1,0.011556,0.011556,0,0,705.1083806084392,350016.59463854745
95,0.18482,894590.0,541.86,0.9896,1,0.011679,0.011679,0,0,705.1108654091266,350017.865520617
96,0.18497,894580.0,541.86,0.98958,1,0.011802,0.011802,0,0,705.1121077762153,350018.61415539234
97,0.18512,894560.0,541.86,0.98956,1,0.011925,0.011925,0,0,705.1145924438948,350019.89945222717
98,0.18527,894550.0,541.86,0.98954,1,0.012048,0.012048,0,0,705.1158347444884,350020.6484126733
99,0.18543,894530.0,541.86,0.98953,1,0.012171,0.012171,0,0,705.1183192791975,350021.94818456
100,0.18558,894520.0,541.86,0.98951,1,0.012294,0.012294,0,0,705.119561513317,350022.69748258154
101,0.18574,894500.0,541.86,0.98949,1,0.012417,0.012417,0,0,705.1220459150941,350023.9975828773
102,0.18589,894480.0,541.86,0.98947,1,0.01254,0.01254,0,0,705.1245302282712,350025.28362032684
103,0.18606,894470.0,541.85,0.98945,1,0.012663,0.012663,0,0,705.0826337707927,350002.6591517045
104,0.18622,894450.0,541.85,0.98944,1,0.012785,0.012785,0,0,705.0851184965645,350003.9600012479
105,0.18638,894430.0,541.85,0.98942,1,0.012908,0.012908,0,0,705.0876031336936,350005.26100938814
106,0.18655,894420.0,541.85,0.9894,1,0.013031,0.013031,0,0,705.0888454190225,350006.039977902
107,0.18671,894400.0,541.85,0.98938,1,0.013154,0.013154,0,0,705.0913299232177,350007.3413405632
108,0.18688,894380.0,541.85,0.98936,1,0.013277,0.013277,0,0,705.0938143388141,350008.65715887025
109,0.18705,894360.0,541.85,0.98934,1,0.0134,0.0134,0,0,705.0962986658259,350009.9731625866
110,0.18722,894340.0,541.85,0.98932,1,0.013523,0.013523,0,0,705.0987829042722,350011.28935175313
111,0.1874,894330.0,541.85,0.9893,1,0.013646,0.013646,0,0,705.1000249902881,350012.0837008684
112,0.18757,894310.0,541.85,0.98928,1,0.013769,0.013769,0,0,705.102509095917,350013.4002986429
113,0.18774,894290.0,541.85,0.98926,1,0.013892,0.013892,0,0,705.1049931130227,350014.71708198177
114,0.18792,894270.0,541.85,0.98924,1,0.014015,0.014015,0,0,705.1074770416208,350016.04843137285
115,0.18811,894250.0,541.85,0.98922,1,0.014138,0.014138,0,0,705.1099608817301,350017.3943903302
116,0.18829,894230.0,541.85,0.9892,1,0.014261,0.014261,0,0,705.1124446333666,350018.72618198383
117,0.18847,894210.0,541.85,0.98918,1,0.014384,0.014384,0,0,705.1149282965479,350020.05818759114
118,0.18866,894200.0,541.85,0.98915,1,0.014507,0.014507,0,0,705.1161700949731,350020.8686321082
119,0.18884,894180.0,541.85,0.98913,1,0.01463,0.01463,0,0,705.1186536255026,350022.20110368956
120,0.18904,894160.0,541.85,0.98911,1,0.014752,0.014752,0,0,705.1211370676201,350023.5627288156
121,0.18923,894140.0,541.85,0.98909,1,0.014875,0.014875,0,0,705.1236204213419,350024.9101429773
122,0.18943,894110.0,541.84,0.98906,1,0.014998,0.014998,0,0,705.084214101538,350003.40913822874
123,0.18962,894090.0,541.84,0.98904,1,0.015121,0.015121,0,0,705.0866977786521,350004.75727112463
124,0.18982,894070.0,541.84,0.98902,1,0.015244,0.015244,0,0,705.0891813673442,350006.12017798965
125,0.19002,894050.0,541.84,0.989,1,0.015367,0.015367,0,0,705.0916648676316,350007.4833601534
126,0.19023,894030.0,541.84,0.98897,1,0.01549,0.01549,0,0,705.094148279531,350008.86138052284
127,0.19043,894010.0,541.84,0.98895,1,0.015613,0.015613,0,0,705.0966316030597,350010.2251294798
128,0.19064,893990.0,541.84,0.98892,1,0.015736,0.015736,0,0,705.099114838234,350011.60374959005
129,0.19085,893970.0,541.84,0.9889,1,0.015859,0.015859,0,0,705.1015979850725,350012.98267805774
130,0.19105,893940.0,541.84,0.98888,1,0.015982,0.015982,0,0,705.1053225397344,350014.8833616374
131,0.19127,893920.0,541.84,0.98885,1,0.016105,0.016105,0,0,705.1078054658053,350016.2775144289
132,0.19148,893900.0,541.84,0.98882,1,0.016228,0.016228,0,0,705.1102883035982,350017.65734609513
133,0.1917,893870.0,541.84,0.9888,1,0.016351,0.016351,0,0,705.1140123948053,350019.58816236403
134,0.19192,893850.0,541.84,0.98877,1,0.016474,0.016474,0,0,705.11649501198,350020.98330471927
135,0.19214,893830.0,541.84,0.98875,1,0.016596,0.016596,0,0,705.1189775409366,350022.3787902017
136,0.19236,893800.0,541.84,0.98872,1,0.016719,0.016719,0,0,705.1227011690006,350024.31053364224
137,0.19258,893780.0,541.83,0.98869,1,0.016842,0.016842,0,0,705.0820588588347,350002.31043765857
138,0.19281,893760.0,541.83,0.98867,1,0.016965,0.016965,0,0,705.0845416224477,350003.7219261466
139,0.19304,893730.0,541.83,0.98864,1,0.017088,0.017088,0,0,705.088265602447,350005.66977707826
140,0.19327,893710.0,541.83,0.98861,1,0.017211,0.017211,0,0,705.0907481455248,350007.08200265584
141,0.1935,893680.0,541.83,0.98859,1,0.017334,0.017334,0,0,705.0944717948012,350009.03053312254
142,0.19373,893660.0,541.83,0.98856,1,0.017457,0.017457,0,0,705.0969541174495,350010.4434961186
143,0.19397,893630.0,541.83,0.98853,1,0.01758,0.01758,0,0,705.1006774361616,350012.40756733576
144,0.19421,893600.0,541.83,0.9885,1,0.017703,0.017703,0,0,705.1044005566117,350014.37199876684
145,0.19445,893580.0,541.83,0.98847,1,0.017826,0.017826,0,0,705.106882526794,350015.8009940193
146,0.19469,893550.0,541.83,0.98844,1,0.017949,0.017949,0,0,705.1106053169348,350017.7661820947
147,0.19493,893530.0,541.83,0.98841,1,0.018072,0.018072,0,0,705.1130870669643,350019.1959909792
148,0.19518,893500.0,541.83,0.98839,1,0.018195,0.018195,0,0,705.1168095269543,350021.1768944752
149,0.19543,893470.0,541.83,0.98835,1,0.018318,0.018318,0,0,705.1205317889304,350023.1581985544
150,0.19568,893450.0,541.83,0.98832,1,0.018441,0.018441,0,0,705.1230131869352,350024.60425492947
151,0.19593,893420.0,541.82,0.98829,1,0.018563,0.018563,0,0,705.0836178678028,350003.1935501736
152,0.19618,893390.0,541.82,0.98826,1,0.018686,0.018686,0,0,705.0873404151941,350005.1764565406
153,0.19643,893360.0,541.82,0.98823,1,0.018809,0.018809,0,0,705.091062764589,350007.15976381005
154,0.1967,893330.0,541.82,0.9882,1,0.018932,0.018932,0,0,705.094784916045,350009.1736274468
155,0.19696,893310.0,541.82,0.98817,1,0.019055,0.019055,0,0,705.097266240411,350010.637241225
156,0.19723,893280.0,541.82,0.98814,1,0.019178,0.019178,0,0,705.1009880620951,350012.6520885158
157,0.19749,893250.0,541.82,0.98811,1,0.019301,0.019301,0,0,705.1047096859928,350014.6522790893
158,0.19776,893220.0,541.82,0.98807,1,0.019424,0.019424,0,0,705.1084311121612,350016.66807602695
159,0.19802,893190.0,541.82,0.98804,1,0.019547,0.019547,0,0,705.1121523406566,350018.66917364893
160,0.1983,893160.0,541.82,0.98801,1,0.01967,0.01967,0,0,705.1158733715372,350020.70112793567
161,0.19857,893130.0,541.82,0.98797,1,0.019793,0.019793,0,0,705.1195942048591,350022.7183832079
162,0.19885,893100.0,541.82,0.98794,1,0.019916,0.019916,0,0,705.1233148406798,350024.75137645315
163,0.19913,893070.0,541.81,0.98791,1,0.020039,0.020039,0,0,705.0839251095921,350003.39533101
164,0.1994,893040.0,541.81,0.98787,1,0.020162,0.020162,0,0,705.0876461621014,350005.4144456026
165,0.19969,893000.0,541.81,0.98784,1,0.020285,0.020285,0,0,705.0926072582012,350008.00011790474
166,0.19997,892970.0,541.81,0.9878,1,0.020408,0.020408,0,0,705.0963278499154,350010.03555451875
167,0.20026,892940.0,541.81,0.98777,1,0.02053,0.02053,0,0,705.1000482442407,350012.0868851871
168,0.20055,892910.0,541.81,0.98773,1,0.020653,0.020653,0,0,705.1037684412346,350014.1387934981
169,0.20084,892880.0,541.81,0.98769,1,0.020776,0.020776,0,0,705.1074884409542,350016.1912796207
170,0.20113,892840.0,541.81,0.98766,1,0.020899,0.020899,0,0,705.1124481338065,350018.77960017987
171,0.20143,892810.0,541.81,0.98762,1,0.021022,0.021022,0,0,705.1161676734403,350020.8486662902
172,0.20173,892780.0,541.81,0.98758,1,0.021145,0.021145,0,0,705.1198870159885,350022.91835832206
173,0.20204,892740.0,541.8,0.98755,1,0.021268,0.021268,0,0,705.0817421911715,350002.15280907985
174,0.20234,892710.0,541.8,0.98751,1,0.021391,0.021391,0,0,705.0854618840766,350004.2240889075
175,0.20264,892670.0,541.8,0.98747,1,0.021514,0.021514,0,0,705.0904211680473,350006.8312041307
176,0.20295,892640.0,541.8,0.98743,1,0.021637,0.021637,0,0,705.0941404011731,350008.91928094084
177,0.20326,892600.0,541.8,0.98739,1,0.02176,0.02176,0,0,705.0990990723112,350011.5431626698
178,0.20358,892570.0,541.8,0.98735,1,0.021883,0.021883,0,0,705.1028178459673,350013.64818702824
179,0.20389,892530.0,541.8,0.98731,1,0.022006,0.022006,0,0,705.1077759046856,350016.2733338452
180,0.20421,892500.0,541.8,0.98727,1,0.022129,0.022129,0,0,705.1114942191809,350018.3797543309
181,0.20453,892460.0,541.8,0.98723,1,0.022252,0.022252,0,0,705.1164516658923,350021.02187278715
182,0.20485,892420.0,541.8,0.98719,1,0.022375,0.022375,0,0,705.121408763069,350023.664639859
183,0.20518,892380.0,541.79,0.98715,1,0.022497,0.022497,0,0,705.0832691934786,350002.94069716276
184,0.20551,892350.0,541.79,0.98711,1,0.02262,0.02262,0,0,705.0869873333936,350005.0660750418
185,0.20584,892310.0,541.79,0.98707,1,0.022743,0.022743,0,0,705.091944547475,350007.72717942577
186,0.20617,892270.0,541.79,0.98703,1,0.022866,0.022866,0,0,705.0969014121896,350010.38898630976
187,0.2065,892230.0,541.79,0.98698,1,0.022989,0.022989,0,0,705.1018579276696,350013.0514960026
188,0.20684,892190.0,541.79,0.98694,1,0.023112,0.023112,0,0,705.1068140940507,350015.7305990403
189,0.20718,892150.0,541.79,0.9869,1,0.023235,0.023235,0,0,705.1117699114675,350018.4104601277
190,0.20753,892110.0,541.79,0.98685,1,0.023358,0.023358,0,0,705.116725380053,350021.10702597944
191,0.20787,892080.0,541.79,0.98681,1,0.023481,0.023481,0,0,705.1204417526532,350023.2537612002
192,0.20821,892040.0,541.78,0.98676,1,0.023604,0.023604,0,0,705.0823070652424,350002.55597482226
193,0.20856,891990.0,541.78,0.98672,1,0.023727,0.023727,0,0,705.0885014927294,350005.79017055774
194,0.20892,891950.0,541.78,0.98667,1,0.02385,0.02385,0,0,705.0934566424958,350008.50646647846
195,0.20928,891910.0,541.78,0.98663,1,0.023973,0.023973,0,0,705.0984114437646,350011.2236360161
196,0.20963,891870.0,541.78,0.98658,1,0.024096,0.024096,0,0,705.1033658966701,350013.92556480074
197,0.20999,891830.0,541.78,0.98653,1,0.024219,0.024219,0,0,705.1083200013456,350016.6444533689
198,0.21035,891790.0,541.78,0.98649,1,0.024342,0.024342,0,0,705.1132737579265,350019.36421661376
199,0.21072,891740.0,541.78,0.98644,1,0.024464,0.024464,0,0,705.1194654643461,350022.635499953
200,0.21109,891700.0,541.77,0.98639,1,0.024587,0.024587,0,0,705.0813356510282,350001.9963847935
201,0.21147,891650.0,541.77,0.98634,1,0.02471,0.02471,0,0,705.0875277212747,350005.28625800915
202,0.21184,891610.0,541.77,0.98629,1,0.024833,0.024833,0,0,705.0924809861505,350008.02630574896
203,0.21222,891570.0,541.77,0.98625,1,0.024956,0.024956,0,0,705.0974339033298,350010.78361078707
204,0.21259,891520.0,541.77,0.9862,1,0.025079,0.025079,0,0,705.1036245610596,350014.0598991626
205,0.21298,891480.0,541.77,0.98615,1,0.025202,0.025202,0,0,705.1085766964114,350016.8355075628
206,0.21337,891430.0,541.77,0.98609,1,0.025325,0.025325,0,0,705.1147663772787,350020.1464138937
207,0.21376,891380.0,541.77,0.98604,1,0.025448,0.025448,0,0,705.1209555158096,350023.45827961894
208,0.21415,891340.0,541.76,0.98599,1,0.025571,0.025571,0,0,705.0828309308333,350002.86349908187
209,0.21453,891290.0,541.76,0.98594,1,0.025694,0.025694,0,0,705.0890204328078,350006.1614316471
210,0.21493,891240.0,541.76,0.98589,1,0.025817,0.025817,0,0,705.0952093926512,350009.4933410235
211,0.21533,891190.0,541.76,0.98583,1,0.02594,0.02594,0,0,705.1013978106246,350012.82627633127
212,0.21574,891140.0,541.76,0.98578,1,0.026063,0.026063,0,0,705.1075856869868,350016.1768447795
213,0.21614,891100.0,541.76,0.98573,1,0.026186,0.026186,0,0,705.1125355982921,350018.97787096084
214,0.21655,891050.0,541.76,0.98567,1,0.026309,0.026309,0,0,705.1187225004112,350022.33065024734
215,0.21695,891000.0,541.75,0.98562,1,0.026431,0.026431,0,0,705.0818400882983,350002.2974727502
216,0.21737,890950.0,541.75,0.98556,1,0.026554,0.026554,0,0,705.0880272453052,350005.6697316068
217,0.21779,890900.0,541.75,0.9855,1,0.026677,0.026677,0,0,705.0942138614267,350009.0431538307
218,0.21821,890840.0,541.75,0.98545,1,0.0268,0.0268,0,0,705.1016370871695,350012.9515986742
219,0.21863,890790.0,541.75,0.98539,1,0.026923,0.026923,0,0,705.1078225142579,350016.3272933326
220,0.21905,890740.0,541.75,0.98533,1,0.027046,0.027046,0,0,705.1140074012907,350019.70415327
221,0.21947,890690.0,541.75,0.98528,1,0.027169,0.027169,0,0,705.120191748528,350023.0821791042
222,0.21991,890640.0,541.74,0.98522,1,0.027292,0.027292,0,0,705.0833140359217,350003.12827141216
223,0.22035,890580.0,541.74,0.98516,1,0.027415,0.027415,0,0,705.0907354935874,350007.0769449642
224,0.22079,890530.0,541.74,0.9851,1,0.027538,0.027538,0,0,705.096919448188,350010.49316064175
225,0.22122,890470.0,541.74,0.98504,1,0.027661,0.027661,0,0,705.1043394819492,350014.4272210674
226,0.22166,890420.0,541.74,0.98498,1,0.027784,0.027784,0,0,705.1105222505892,350017.8459641895
227,0.2221,890360.0,541.74,0.98492,1,0.027907,0.027907,0,0,705.1179408619488,350021.799478816
228,0.22256,890310.0,541.73,0.98485,1,0.02803,0.02803,0,0,705.0810673650732,350001.8911269474
229,0.22302,890250.0,541.73,0.98479,1,0.028153,0.028153,0,0,705.0884861528044,350005.8822605513
230,0.22347,890190.0,541.73,0.98473,1,0.028276,0.028276,0,0,705.0959041653846,350009.8574987132
231,0.22393,890140.0,541.73,0.98466,1,0.028398,0.028398,0,0,705.1020852507262,350013.3179218595
232,0.22438,890080.0,541.73,0.9846,1,0.028521,0.028521,0,0,705.1095018433532,350017.29579146474
233,0.22485,890020.0,541.73,0.98454,1,0.028644,0.028644,0,0,705.1169176620921,350021.30961405
234,0.22532,889960.0,541.72,0.98447,1,0.028767,0.028767,0,0,705.0812845859862,350001.9641177686
235,0.22579,889900.0,541.72,0.9844,1,0.02889,0.02889,0,0,705.0887004523402,350005.98147646186
236,0.22627,889840.0,541.72,0.98434,1,0.029013,0.029013,0,0,705.0961155453974,350010.01771194994
237,0.22674,889780.0,541.72,0.98427,1,0.029136,0.029136,0,0,705.1035298656016,350014.03794692043
238,0.22721,889720.0,541.72,0.9842,1,0.029259,0.029259,0,0,705.110943413398,350018.05960204784
239,0.2277,889660.0,541.72,0.98414,1,0.029382,0.029382,0,0,705.1183561892315,350022.1178308398
240,0.22819,889590.0,541.71,0.98407,1,0.029505,0.029505,0,0,705.0839628073493,350003.3532628535
241,0.22868,889530.0,541.71,0.984,1,0.029628,0.029628,0,0,705.091375502721,350007.41527753376
242,0.22917,889470.0,541.71,0.98393,1,0.029751,0.029751,0,0,705.0987874267914,350011.4788742519
243,0.22966,889410.0,541.71,0.98386,1,0.029874,0.029874,0,0,705.1061985800048,350015.5440540238
244,0.23016,889340.0,541.71,0.98378,1,0.029997,0.029997,0,0,705.1148439517359,350020.1613425488
245,0.23067,889270.0,541.71,0.98371,1,0.03012,0.03012,0,0,705.1234882755529,350024.7979710038
246,0.23118,889210.0,541.7,0.98364,1,0.030243,0.030243,0,0,705.0878639420804,350005.5499114407
247,0.23169,889140.0,541.7,0.98356,1,0.030365,0.030365,0,0,705.0965081731049,350010.1906563075
248,0.2322,889080.0,541.7,0.98349,1,0.030488,0.030488,0,0,705.103916680699,350014.3004210062
249,0.23272,889010.0,541.7,0.98342,1,0.030611,0.030611,0,0,705.1125589680145,350018.9624479161
250,0.23324,888940.0,541.7,0.98334,1,0.030734,0.030734,0,0,705.1212002097197,350023.62617103494
251,0.23377,888870.0,541.69,0.98327,1,0.030857,0.030857,0,0,705.086814138072,350004.95906437514
252,0.2343,888800.0,541.69,0.98319,1,0.03098,0.03098,0,0,705.0954551385582,350009.64515615447
253,0.23483,888730.0,541.69,0.98311,1,0.031103,0.031103,0,0,705.1040950945331,350014.3330348254
254,0.23536,888660.0,541.69,0.98304,1,0.031226,0.031226,0,0,705.1127340066964,350019.0227018191
255,0.23589,888590.0,541.69,0.98296,1,0.031349,0.031349,0,0,705.1213718757487,350023.71415856545
256,0.23644,888520.0,541.68,0.98288,1,0.031472,0.031472,0,0,705.0869893369234,350005.0965909112
257,0.23698,888450.0,541.68,0.9828,1,0.031595,0.031595,0,0,705.0956269660434,350009.8108599432
258,0.23753,888370.0,541.68,0.98271,1,0.031718,0.031718,0,0,705.1054972662836,350015.0774829646
259,0.23808,888300.0,541.68,0.98263,1,0.031841,0.031841,0,0,705.114132663369,350019.8139095165
260,0.23863,888230.0,541.68,0.98255,1,0.031964,0.031964,0,0,705.1227670199347,350024.5523120233
261,0.23919,888150.0,541.67,0.98247,1,0.032087,0.032087,0,0,705.0896216328066,350006.49910317606
262,0.23976,888070.0,541.67,0.98238,1,0.032209,0.032209,0,0,705.0994889415962,350011.8112496317
263,0.24033,888000.0,541.67,0.9823,1,0.032332,0.032332,0,0,705.108121723294,350016.59358375537
264,0.2409,887920.0,541.67,0.98221,1,0.032455,0.032455,0,0,705.117986487891,350021.90982196707
265,0.24147,887840.0,541.66,0.98213,1,0.032578,0.032578,0,0,705.0848437722241,350003.88685313263
266,0.24204,887770.0,541.66,0.98204,1,0.032701,0.032701,0,0,705.0934749813189,350008.6763288932
267,0.24262,887690.0,541.66,0.98196,1,0.032824,0.032824,0,0,705.1033379502333,350014.01839669497
268,0.24321,887610.0,541.66,0.98187,1,0.032947,0.032947,0,0,705.1131995654212,350019.38141427963
269,0.2438,887530.0,541.66,0.98178,1,0.03307,0.03307,0,0,705.1230598279182,350024.74663653603
270,0.2444,887450.0,541.65,0.98169,1,0.033193,0.033193,0,0,705.0899205254352,350006.7954244847
271,0.24499,887360.0,541.65,0.9816,1,0.033316,0.033316,0,0,705.1010125421235,350012.6974273255
272,0.24558,887280.0,541.65,0.98151,1,0.033439,0.033439,0,0,705.1108706772926,350018.07015159976
273,0.24619,887200.0,541.65,0.98141,1,0.033562,0.033562,0,0,705.1207274627423,350023.4832693934
274,0.24681,887110.0,541.64,0.98132,1,0.033685,0.033685,0,0,705.0888231078943,350006.11457505915
275,0.24742,887030.0,541.64,0.98122,1,0.033808,0.033808,0,0,705.0986791192153,350011.5333927085
276,0.24804,886940.0,541.64,0.98113,1,0.033931,0.033931,0,0,705.1097655209787,350017.5049489057
277,0.24865,886850.0,541.64,0.98103,1,0.034054,0.034054,0,0,705.1208502184185,350023.4595458851
278,0.24928,886770.0,541.63,0.98094,1,0.034176,0.034176,0,0,705.0877168013817,350005.5927567812
279,0.24991,886680.0,541.63,0.98084,1,0.034299,0.034299,0,0,705.0988006308656,350011.591864184
280,0.25055,886590.0,541.63,0.98074,1,0.034422,0.034422,0,0,705.1098827586303,350017.61286983715
281,0.25118,886500.0,541.63,0.98064,1,0.034545,0.034545,0,0,705.1209631861406,350023.6169290045
282,0.25182,886410.0,541.62,0.98054,1,0.034668,0.034668,0,0,705.0890639461581,350006.3148560317
283,0.25245,886320.0,541.62,0.98044,1,0.034791,0.034791,0,0,705.100143320007,350012.3249072874
284,0.2531,886220.0,541.62,0.98034,1,0.034914,0.034914,0,0,705.112451744569,350018.90730277693
285,0.25376,886130.0,541.62,0.98023,1,0.035037,0.035037,0,0,705.1235275365277,350024.98142883624
286,0.25442,886030.0,541.61,0.98013,1,0.03516,0.03516,0,0,705.0928616045626,350008.264095744
287,0.25508,885940.0,541.61,0.98002,1,0.035283,0.035283,0,0,705.1039361583933,350014.3447186086
288,0.25573,885850.0,541.61,0.97992,1,0.035406,0.035406,0,0,705.115009019265,350020.4082545752
289,0.25639,885750.0,541.6,0.97981,1,0.035529,0.035529,0,0,705.0843448128195,350003.70235723746
290,0.25707,885650.0,541.6,0.9797,1,0.035652,0.035652,0,0,705.0966465145725,350010.3624256576
291,0.25776,885550.0,541.6,0.97959,1,0.035775,0.035775,0,0,705.1089461300433,350017.0453631618
292,0.25844,885450.0,541.6,0.97948,1,0.035898,0.035898,0,0,705.1212436612234,350023.7111341713
293,0.25912,885350.0,541.59,0.97937,1,0.036021,0.036021,0,0,705.0905817876273,350007.06122633116
294,0.25981,885250.0,541.59,0.97926,1,0.036143,0.036143,0,0,705.102877743138,350013.7540114761
295,0.2605,885150.0,541.59,0.97915,1,0.036266,0.036266,0,0,705.1151716183368,350020.44974611735
296,0.26121,885050.0,541.58,0.97903,1,0.036389,0.036389,0,0,705.0845115700848,350003.8731702137
297,0.26192,884940.0,541.58,0.97892,1,0.036512,0.036512,0,0,705.0980329895148,350011.14657078986
298,0.26263,884840.0,541.58,0.9788,1,0.036635,0.036635,0,0,705.1103230089772,350017.8933355463
299,0.26333,884730.0,541.58,0.97869,1,0.036758,0.036758,0,0,705.123839634803,350025.15228036605
300,0.26404,884630.0,541.57,0.97857,1,0.036881,0.036881,0,0,705.0931820187465,350008.59328851633
301,0.26477,884520.0,541.57,0.97845,1,0.037004,0.037004,0,0,705.106696694387,350015.9212824221
302,0.26551,884410.0,541.57,0.97833,1,0.037127,0.037127,0,0,705.1202088655577,350023.2731999131
303,0.26624,884300.0,541.56,0.97821,1,0.03725,0.03725,0,0,705.0907814802051,350007.2986426888
304,0.26698,884190.0,541.56,0.97808,1,0.037373,0.037373,0,0,705.1042914789558,350014.65845492424
305,0.26771,884080.0,541.56,0.97796,1,0.037496,0.037496,0,0,705.1177989787292,350022.0007517495
306,0.26845,883960.0,541.55,0.97784,1,0.037619,0.037619,0,0,705.0896010044582,350006.5901399189
307,0.26921,883850.0,541.55,0.97771,1,0.037742,0.037742,0,0,705.1031061108254,350014.00311877107
308,0.26997,883730.0,541.55,0.97758,1,0.037865,0.037865,0,0,705.1178361106752,350021.9485562659
309,0.27073,883610.0,541.54,0.97745,1,0.037988,0.037988,0,0,705.0896392825795,350006.59449321835
310,0.27149,883500.0,541.54,0.97732,1,0.03811,0.03811,0,0,705.1031392826038,350014.01937062823
311,0.27224,883380.0,541.54,0.97719,1,0.038233,0.038233,0,0,705.1178637186737,350021.9552177644
312,0.27301,883260.0,541.53,0.97706,1,0.038356,0.038356,0,0,705.0896680383325,350006.63722742564
313,0.27379,883140.0,541.53,0.97692,1,0.038479,0.038479,0,0,705.1043896319763,350014.6452779544
314,0.27458,883020.0,541.53,0.97679,1,0.038602,0.038602,0,0,705.1191082728429,350022.6784625647
315,0.27536,882890.0,541.52,0.97665,1,0.038725,0.038725,0,0,705.0921401812517,350007.925729769
316,0.27614,882770.0,541.52,0.97652,1,0.038848,0.038848,0,0,705.1068557424659,350015.9461040318
317,0.27693,882650.0,541.52,0.97638,1,0.038971,0.038971,0,0,705.1215683584977,350023.99182585
318,0.27773,882520.0,541.51,0.97624,1,0.039094,0.039094,0,0,705.094600935668,350009.29797348613
319,0.27854,882390.0,541.51,0.9761,1,0.039217,0.039217,0,0,705.1105361441712,350017.9241435577
320,0.27935,882260.0,541.5,0.97596,1,0.03934,0.03934,0,0,705.0835695104453,350003.2632209195
321,0.28016,882140.0,541.5,0.97581,1,0.039463,0.039463,0,0,705.0982757462589,350011.37076624605
322,0.28097,882010.0,541.5,0.97567,1,0.039586,0.039586,0,0,705.1142041918804,350020.01009837934
323,0.28178,881880.0,541.49,0.97553,1,0.039709,0.039709,0,0,705.0872382215128,350005.36578050454
324,0.28262,881740.0,541.49,0.97538,1,0.039832,0.039832,0,0,705.1043879406249,350014.6082114074
325,0.28346,881610.0,541.49,0.97523,1,0.039955,0.039955,0,0,705.1203091151532,350023.32730565115
326,0.28429,881470.0,541.48,0.97508,1,0.040077,0.040077,0,0,705.0945683443902,350009.27191991656
327,0.28513,881340.0,541.48,0.97493,1,0.0402,0.0402,0,0,705.110485692991,350018.0008678944
328,0.28597,881200.0,541.47,0.97478,1,0.040323,0.040323,0,0,705.0847454118827,350003.97968219774
329,0.28682,881060.0,541.47,0.97463,1,0.040446,0.040446,0,0,705.1018829177024,350013.2681198511
330,0.28769,880920.0,541.47,0.97447,1,0.040569,0.040569,0,0,705.1190164607953,350022.60589093674
331,0.28855,880780.0,541.46,0.97431,1,0.040692,0.040692,0,0,705.0932762157425,350008.64786633797
332,0.28942,880630.0,541.46,0.97415,1,0.040815,0.040815,0,0,705.1116287384402,350018.52284991764
333,0.29029,880490.0,541.45,0.97399,1,0.040938,0.040938,0,0,705.0858889277367,350004.6002539213
334,0.29116,880350.0,541.45,0.97384,1,0.041061,0.041061,0,0,705.1030134359605,350013.9589454181
335,0.29205,880200.0,541.45,0.97367,1,0.041184,0.041184,0,0,705.1213567473914,350023.89445711597
336,0.29294,880050.0,541.44,0.97351,1,0.041307,0.041307,0,0,705.0968396502612,350010.5633652303
337,0.29384,879900.0,541.44,0.97334,1,0.04143,0.04143,0,0,705.1151776922223,350020.53272008774
338,0.29473,879750.0,541.43,0.97318,1,0.041553,0.041553,0,0,705.0906606549098,350007.21499965305
339,0.29563,879600.0,541.43,0.97301,1,0.041676,0.041676,0,0,705.1089934386707,350017.19536171824
340,0.29652,879450.0,541.42,0.97284,1,0.041799,0.041799,0,0,705.0844764643286,350003.8910308877
341,0.29745,879290.0,541.42,0.97267,1,0.041922,0.041922,0,0,705.1040256770419,350014.47847797466
342,0.29837,879130.0,541.42,0.97249,1,0.042044,0.042044,0,0,705.12356977621,350025.0473422627
343,0.2993,878970.0,541.41,0.97232,1,0.042167,0.042167,0,0,705.1002733156853,350012.3829402531
344,0.30022,878820.0,541.41,0.97214,1,0.04229,0.04229,0,0,705.1185902341123,350022.4376825183
345,0.30115,878660.0,541.4,0.97197,1,0.042413,0.042413,0,0,705.0952934289217,350009.78758432035
346,0.30208,878500.0,541.4,0.97179,1,0.042536,0.042536,0,0,705.114825436304,350020.4031552691
347,0.30303,878330.0,541.39,0.9716,1,0.042659,0.042659,0,0,705.09274873478,350008.3404283737
348,0.30399,878160.0,541.39,0.97142,1,0.042782,0.042782,0,0,705.1134944165136,350019.56460660615
349,0.30494,878000.0,541.38,0.97124,1,0.042905,0.042905,0,0,705.0901966608317,350006.9916869471
350,0.30589,877830.0,541.38,0.97105,1,0.043028,0.043028,0,0,705.1109354521474,350018.20394952426
351,0.30685,877660.0,541.37,0.97087,1,0.043151,0.043151,0,0,705.0888569117147,350006.1950678594
352,0.30782,877490.0,541.37,0.97068,1,0.043274,0.043274,0,0,705.109588493675,350017.4678317796
353,0.3088,877320.0,541.36,0.97048,1,0.043397,0.043397,0,0,705.0875089997306,350005.5229102779
354,0.30979,877140.0,541.36,0.97029,1,0.04352,0.04352,0,0,705.1094522951123,350017.38162205415
355,0.31077,876970.0,541.35,0.9701,1,0.043643,0.043643,0,0,705.0873717670855,350005.45255057566
356,0.31176,876790.0,541.35,0.9699,1,0.043766,0.043766,0,0,705.1093071142013,350017.3240268949
357,0.31274,876620.0,541.34,0.96971,1,0.043889,0.043889,0,0,705.0872255595352,350005.410833943
358,0.31375,876430.0,541.34,0.96951,1,0.044011,0.044011,0,0,705.1103709830194,350017.8686582452
359,0.31477,876250.0,541.33,0.9693,1,0.044134,0.044134,0,0,705.0895062198161,350006.5949546476
360,0.31579,876070.0,541.33,0.9691,1,0.044257,0.044257,0,0,705.1114250288335,350018.5672122153
361,0.3168,875880.0,541.32,0.9689,1,0.04438,0.04438,0,0,705.0917761296789,350007.80899094767
362,0.31782,875700.0,541.32,0.96869,1,0.044503,0.044503,0,0,705.1136863522484,350019.7948311741
363,0.31884,875510.0,541.31,0.96849,1,0.044626,0.044626,0,0,705.0940353247685,350009.0782802925
364,0.31989,875320.0,541.31,0.96827,1,0.044749,0.044749,0,0,705.1171535591982,350021.67705358414
365,0.32094,875120.0,541.3,0.96806,1,0.044872,0.044872,0,0,705.0987167203202,350011.5768220845
366,0.32198,874930.0,541.3,0.96784,1,0.044995,0.044995,0,0,705.1218252054205,350024.1642906452
367,0.32303,874740.0,541.29,0.96763,1,0.045118,0.045118,0,0,705.1021695830185,350013.5585836108
368,0.32407,874540.0,541.28,0.96741,1,0.045241,0.045241,0,0,705.0837298906508,350003.45945082203
369,0.32514,874340.0,541.28,0.96719,1,0.045364,0.045364,0,0,705.1080417109234,350016.66898631095
370,0.32622,874140.0,541.27,0.96697,1,0.045487,0.045487,0,0,705.0895990291589,350006.6907840042
371,0.32729,873940.0,541.27,0.96674,1,0.04561,0.04561,0,0,705.1139002730235,350019.9150610658
372,0.32837,873730.0,541.26,0.96652,1,0.045733,0.045733,0,0,705.0966693352586,350010.4775217446
373,0.32945,873530.0,541.26,0.96629,1,0.045855,0.045855,0,0,705.1209596511563,350023.74258639483
374,0.33052,873330.0,541.25,0.96607,1,0.045978,0.045978,0,0,705.1025108960965,350013.7751247138
375,0.33163,873110.0,541.24,0.96583,1,0.046101,0.046101,0,0,705.0864900684867,350004.966641553
376,0.33274,872900.0,541.24,0.9656,1,0.046224,0.046224,0,0,705.1119798921145,350018.85633456917
377,0.33385,872690.0,541.23,0.96536,1,0.046347,0.046347,0,0,705.0947411119017,350009.545355968
378,0.33496,872470.0,541.23,0.96512,1,0.04647,0.04647,0,0,705.1214321771013,350023.97205062903
379,0.33607,872260.0,541.22,0.96489,1,0.046593,0.046593,0,0,705.1041894769977,350014.68043815845
380,0.33719,872040.0,541.21,0.96465,1,0.046716,0.046716,0,0,705.0881590669769,350005.94729139894
381,0.33833,871820.0,541.21,0.9644,1,0.046839,0.046839,0,0,705.1148334906131,350020.4790035715
382,0.33946,871590.0,541.2,0.96415,1,0.046962,0.046962,0,0,705.1000105122226,350012.3133486168
383,0.3406,871370.0,541.19,0.9639,1,0.047085,0.047085,0,0,705.0839745497358,350003.66473393224
384,0.34174,871140.0,541.19,0.96365,1,0.047208,0.047208,0,0,705.1118430449917,350018.7423023386
385,0.34288,870920.0,541.18,0.9634,1,0.047331,0.047331,0,0,705.0958022929055,350010.11391731014
386,0.34404,870690.0,541.18,0.96315,1,0.047454,0.047454,0,0,705.1236567414663,350025.2624000888
387,0.34521,870450.0,541.17,0.96289,1,0.047577,0.047577,0,0,705.1100325289977,350017.77732799354
388,0.34639,870220.0,541.16,0.96263,1,0.0477,0.0477,0,0,705.0951964011806,350009.81125381036
389,0.34756,869980.0,541.16,0.96237,1,0.047822,0.047822,0,0,705.1242415272852,350025.533462558
390,0.34873,869740.0,541.15,0.96211,1,0.047945,0.047945,0,0,705.110609463978,350018.08043844934
391,0.3499,869510.0,541.14,0.96185,1,0.048068,0.048068,0,0,705.0957663573291,350010.11921312613
392,0.3511,869260.0,541.13,0.96157,1,0.048191,0.048191,0,0,705.0833409342591,350003.2924973357
393,0.35231,869010.0,541.13,0.9613,1,0.048314,0.048314,0,0,705.1135689426816,350019.68234653125
394,0.35351,868770.0,541.12,0.96102,1,0.048437,0.048437,0,0,705.0999272176215,350012.35823152174
395,0.35472,868520.0,541.11,0.96075,1,0.04856,0.04856,0,0,705.0874925028588,350005.5933489725
396,0.35592,868270.0,541.11,0.96048,1,0.048683,0.048683,0,0,705.1176979142584,350021.9822468243
397,0.35713,868020.0,541.1,0.9602,1,0.048806,0.048806,0,0,705.105255621155,350015.2392568095
398,0.35837,867760.0,541.09,0.95991,1,0.048929,0.048929,0,0,705.0940189831383,350009.112926861
399,0.3596,867500.0,541.08,0.95962,1,0.049052,0.049052,0,0,705.0827800129928,350002.97009418136
400,0.36084,867240.0,541.08,0.95934,1,0.049175,0.049175,0,0,705.114162708063,350020.0303186375
401,0.36207,866980.0,541.07,0.95905,1,0.049298,0.049298,0,0,705.102915058219,350013.91001040296
402,0.36331,866720.0,541.06,0.95876,1,0.049421,0.049421,0,0,705.0916651012185,350007.8311645654
403,0.36456,866450.0,541.06,0.95847,1,0.049544,0.049544,0,0,705.1242285149223,350025.46680758713
404,0.36582,866180.0,541.05,0.95817,1,0.049667,0.049667,0,0,705.1141752562987,350019.9871536482
405,0.36709,865910.0,541.04,0.95786,1,0.049789,0.049789,0,0,705.1041192137112,350014.5497761982
406,0.36835,865640.0,541.03,0.95756,1,0.049912,0.049912,0,0,705.0940603952474,350009.0956441704
407,0.36962,865360.0,541.02,0.95726,1,0.050035,0.050035,0,0,705.085203565434,350004.2009104722
408,0.37088,865090.0,541.02,0.95696,1,0.050158,0.050158,0,0,705.1177251246381,350021.91621317266
409,0.37218,864810.0,541.01,0.95665,1,0.050281,0.050281,0,0,705.1088575376541,350017.1349025663
410,0.37348,864520.0,541.0,0.95633,1,0.050404,0.050404,0,0,705.1011903769877,350012.8833178262
411,0.37478,864240.0,540.99,0.95601,1,0.050527,0.050527,0,0,705.0923159836805,350008.1287775596
412,0.37609,863950.0,540.98,0.9557,1,0.05065,0.05065,0,0,705.0846414693638,350003.9341127926
413,0.37739,863670.0,540.98,0.95538,1,0.050773,0.050773,0,0,705.1183218007255,350022.3388533299
414,0.3787,863380.0,540.97,0.95506,1,0.050896,0.050896,0,0,705.1106353264788,350018.16889895056
415,0.38003,863080.0,540.96,0.95473,1,0.051019,0.051019,0,0,705.1041471017855,350014.5893790342
416,0.38136,862780.0,540.95,0.9544,1,0.051142,0.051142,0,0,705.097654513492,350011.02355180174
417,0.38269,862480.0,540.94,0.95407,1,0.051265,0.051265,0,0,705.0911575748052,350007.4714438541
418,0.38402,862180.0,540.93,0.95374,1,0.051388,0.051388,0,0,705.08465629893,350003.9330817812
419,0.38535,861890.0,540.93,0.95341,1,0.051511,0.051511,0,0,705.1194806891116,350023.0115313691
420,0.3867,861580.0,540.92,0.95307,1,0.051634,0.051634,0,0,705.1141665199601,350020.0757967744
421,0.38807,861270.0,540.91,0.95273,1,0.051756,0.051756,0,0,705.1088474345116,350017.2171118599
422,0.38943,860950.0,540.9,0.95238,1,0.051879,0.051879,0,0,705.1047230589456,350014.85535448894
423,0.3908,860640.0,540.89,0.95203,1,0.052002,0.052002,0,0,705.0993938667706,350012.02545219753
424,0.39216,860330.0,540.88,0.95169,1,0.052125,0.052125,0,0,705.0940602112502,350009.1785389869
425,0.39353,860010.0,540.87,0.95134,1,0.052248,0.052248,0,0,705.0899199272736,350006.8912376671
426,0.39492,859690.0,540.86,0.95098,1,0.052371,0.052371,0,0,705.0857741511047,350004.6825714037
427,0.39632,859360.0,540.85,0.95062,1,0.052494,0.052494,0,0,705.0828208495756,350003.0342040156
428,0.39772,859030.0,540.85,0.95025,1,0.052617,0.052617,0,0,705.1223434024375,350024.49515873153
429,0.39911,858700.0,540.84,0.94989,1,0.05274,0.05274,0,0,705.1193724043613,350022.8411734511
430,0.40051,858370.0,540.83,0.94953,1,0.052863,0.052863,0,0,705.1163953135135,350021.234471674
431,0.40191,858040.0,540.82,0.94916,1,0.052986,0.052986,0,0,705.1134121496841,350019.6426453722
432,0.40334,857700.0,540.81,0.94878,1,0.053109,0.053109,0,0,705.1116188970383,350018.6767136663
433,0.40477,857360.0,540.8,0.9484,1,0.053232,0.053232,0,0,705.1098189016984,350017.72614617896
434,0.4062,857010.0,540.79,0.94802,1,0.053355,0.053355,0,0,705.109207407828,350017.30263220397
435,0.40762,856670.0,540.78,0.94764,1,0.053478,0.053478,0,0,705.1073936330683,350016.3493240384
436,0.40905,856330.0,540.77,0.94726,1,0.053601,0.053601,0,0,705.1055731837298,350015.4447439102
437,0.4105,855970.0,540.76,0.94687,1,0.053723,0.053723,0,0,705.1061343123396,350015.64508405933
438,0.41196,855610.0,540.75,0.94648,1,0.053846,0.053846,0,0,705.1066873092941,350015.894506372
439,0.41342,855260.0,540.74,0.94608,1,0.053969,0.053969,0,0,705.1060388800254,350015.64893273875
440,0.41488,854900.0,540.73,0.94568,1,0.054092,0.054092,0,0,705.1065760887976,350015.9298251262
441,0.41634,854540.0,540.72,0.94528,1,0.054215,0.054215,0,0,705.1071052496433,350016.2264094317
442,0.4178,854180.0,540.71,0.94489,1,0.054338,0.054338,0,0,705.1076263907268,350016.5387295475
443,0.41929,853800.0,540.7,0.94447,1,0.054461,0.054461,0,0,705.1105230606084,350017.98983020615
444,0.42078,853430.0,540.69,0.94406,1,0.054584,0.054584,0,0,705.1122188240769,350018.94722497923
445,0.42227,853050.0,540.68,0.94364,1,0.054707,0.054707,0,0,705.115096799257,350020.43018863397
446,0.42376,852680.0,540.67,0.94323,1,0.05483,0.05483,0,0,705.1167747549014,350021.4200020338
447,0.42526,852300.0,540.66,0.94281,1,0.054953,0.054953,0,0,705.1196341701796,350022.9701214738
448,0.42676,851920.0,540.65,0.94239,1,0.055076,0.055076,0,0,705.1224841487068,350024.5365232377
449,0.42828,851530.0,540.63,0.94196,1,0.055199,0.055199,0,0,705.0841565362567,350003.66324445745
450,0.42981,851140.0,540.62,0.94153,1,0.055322,0.055322,0,0,705.0881826943048,350005.8802490907
451,0.43133,850750.0,540.61,0.94109,1,0.055445,0.055445,0,0,705.0921986698687,350008.0784227423
452,0.43286,850360.0,540.6,0.94066,1,0.055568,0.055568,0,0,705.0962045013416,350010.3290434189
453,0.43438,849960.0,540.59,0.94023,1,0.05569,0.05569,0,0,705.1013879902325,350013.0681450666
454,0.43592,849560.0,540.58,0.93978,1,0.055813,0.055813,0,0,705.1065605483581,350015.8957635724
455,0.43748,849150.0,540.57,0.93933,1,0.055936,0.055936,0,0,705.1129090868094,350019.31987671147
456,0.43904,848740.0,540.56,0.93887,1,0.056059,0.056059,0,0,705.1192458888361,350022.7610684822
457,0.4406,848330.0,540.54,0.93842,1,0.056182,0.056182,0,0,705.0832651626677,350003.2089948207
458,0.44215,847920.0,540.53,0.93797,1,0.056305,0.056305,0,0,705.0895854662249,350006.651002114
459,0.44371,847510.0,540.52,0.93751,1,0.056428,0.056428,0,0,705.0958941573073,350010.146867214
460,0.4453,847080.0,540.51,0.93704,1,0.056551,0.056551,0,0,705.1045608913349,350014.7829438345
461,0.44688,846650.0,540.5,0.93657,1,0.056674,0.056674,0,0,705.1132142567714,350019.39907428453
462,0.44847,846230.0,540.49,0.93609,1,0.056797,0.056797,0,0,705.1206704666218,350023.564350161
463,0.45006,845800.0,540.47,0.93562,1,0.05692,0.05692,0,0,705.0870323336815,350005.26160137943
464,0.45165,845370.0,540.46,0.93514,1,0.057043,0.057043,0,0,705.0956535629709,350009.9707486858
465,0.45325,844940.0,540.45,0.93466,1,0.057166,0.057166,0,0,705.1042616259859,350014.7353283609
466,0.45487,844490.0,540.44,0.93417,1,0.057289,0.057289,0,0,705.1152208842644,350020.60260464426
467,0.45649,844040.0,540.42,0.93367,1,0.057412,0.057412,0,0,705.0839273385061,350003.5097533731
468,0.45811,843590.0,540.41,0.93318,1,0.057535,0.057535,0,0,705.0948641905061,350009.4158241884
469,0.45974,843150.0,540.4,0.93268,1,0.057657,0.057657,0,0,705.1046053029525,350014.87456588267
470,0.46136,842700.0,540.39,0.93219,1,0.05778,0.05778,0,0,705.1155129507401,350020.81662015954
471,0.463,842240.0,540.37,0.93168,1,0.057903,0.057903,0,0,705.0853760751261,350004.39315593353
472,0.46465,841770.0,540.36,0.93116,1,0.058026,0.058026,0,0,705.0986203559034,350011.4974065966
473,0.46631,841300.0,540.35,0.93065,1,0.058149,0.058149,0,0,705.1118479740406,350018.65875390545
474,0.46796,840840.0,540.34,0.93013,1,0.058272,0.058272,0,0,705.1238804917119,350025.2968005487
475,0.46962,840370.0,540.32,0.92961,1,0.058395,0.058395,0,0,705.0948952320892,350009.5449329516
476,0.47127,839900.0,540.31,0.92909,1,0.058518,0.058518,0,0,705.1080816133359,350016.725579411
477,0.47295,839410.0,540.3,0.92856,1,0.058641,0.058641,0,0,705.1236059411222,350025.0470607893
478,0.47464,838930.0,540.28,0.92802,1,0.058764,0.058764,0,0,705.095777089997,350009.98623543343
479,0.47633,838440.0,540.27,0.92748,1,0.058887,0.058887,0,0,705.111273349579,350018.3886790787
480,0.47802,837950.0,540.25,0.92694,1,0.05901,0.05901,0,0,705.0846076934749,350003.8775232955
481,0.47971,837460.0,540.24,0.9264,1,0.059133,0.059133,0,0,705.1000756084363,350012.3212394597
482,0.4814,836970.0,540.23,0.92585,1,0.059256,0.059256,0,0,705.115525413674,350020.7838240362
483,0.48312,836460.0,540.21,0.92529,1,0.059379,0.059379,0,0,705.0911850923699,350007.46661856753
484,0.48484,835950.0,540.2,0.92472,1,0.059502,0.059502,0,0,705.1089538599832,350017.09353084466
485,0.48656,835440.0,540.18,0.92416,1,0.059624,0.059624,0,0,705.084596936028,350003.8255460276
486,0.48828,834930.0,540.17,0.92359,1,0.059747,0.059747,0,0,705.1023341191298,350013.49447689
487,0.49,834420.0,540.16,0.92303,1,0.05987,0.05987,0,0,705.1200514418078,350023.1825957246
488,0.49174,833900.0,540.14,0.92245,1,0.059993,0.059993,0,0,705.0968388693785,350010.5696057873
489,0.4935,833370.0,540.13,0.92186,1,0.060116,0.060116,0,0,705.1168676695165,350021.4649398838
490,0.49525,832830.0,540.11,0.92128,1,0.060239,0.060239,0,0,705.0959794457884,350009.9407897228
491,0.49701,832300.0,540.1,0.92069,1,0.060362,0.060362,0,0,705.1159728047456,350020.8791698316
492,0.49876,831770.0,540.08,0.9201,1,0.060485,0.060485,0,0,705.0938940049439,350008.9076578202
493,0.50052,831240.0,540.07,0.91951,1,0.060608,0.060608,0,0,705.1138528564004,350019.88983992935
494,0.5023,830690.0,540.05,0.9189,1,0.060731,0.060731,0,0,705.0940938032649,350009.09211125865
495,0.50409,830130.0,540.04,0.91829,1,0.060854,0.060854,0,0,705.1175233373431,350021.7373873846
496,0.50588,829580.0,540.02,0.91767,1,0.060977,0.060977,0,0,705.097741953805,350011.03454170376
497,0.50766,829020.0,540.01,0.91706,1,0.0611,0.0611,0,0,705.121131911823,350023.6799965607
498,0.50945,828470.0,539.99,0.91645,1,0.061223,0.061223,0,0,705.1013285259021,350013.0294644931
499,0.51124,827910.0,539.98,0.91583,1,0.061346,0.061346,0,0,705.1246793332833,350025.76249721186
500,0.51307,827330.0,539.96,0.91519,1,0.061469,0.061469,0,0,705.1083529865768,350016.8265498083
501,0.51489,826750.0,539.94,0.91455,1,0.061591,0.061591,0,0,705.0920172614284,350007.8748627597
502,0.51672,826170.0,539.93,0.9139,1,0.061714,0.061714,0,0,705.1176417704575,350021.8436513297
503,0.51854,825590.0,539.91,0.91326,1,0.061837,0.061837,0,0,705.1012798169372,350012.94500818127
504,0.52037,825010.0,539.89,0.91262,1,0.06196,0.06196,0,0,705.0849087382511,350004.11983222247
505,0.52221,824420.0,539.88,0.91197,1,0.062083,0.062083,0,0,705.1116371770861,350018.6978939248
506,0.52406,823810.0,539.86,0.9113,1,0.062206,0.062206,0,0,705.0987298297721,350011.4973969165
507,0.52592,823210.0,539.84,0.91063,1,0.062329,0.062329,0,0,705.0846481986831,350003.8779473922
508,0.52777,822610.0,539.83,0.90996,1,0.062452,0.062452,0,0,705.1124749533617,350019.0651007646
509,0.52962,822000.0,539.81,0.9093,1,0.062575,0.062575,0,0,705.0995262131804,350011.94696676725
510,0.53148,821400.0,539.79,0.90863,1,0.062698,0.062698,0,0,705.0854050072818,350004.41177917196
511,0.53337,820770.0,539.78,0.90794,1,0.062821,0.062821,0,0,705.1166488908813,350021.3309169861
512,0.53526,820140.0,539.76,0.90724,1,0.062944,0.062944,0,0,705.1059787634507,350015.4653206862
513,0.53715,819510.0,539.74,0.90654,1,0.063067,0.063067,0,0,705.0952959538181,350009.62942883314
514,0.53904,818880.0,539.73,0.90585,1,0.06319,0.06319,0,0,705.1264665350818,350026.62035998236
515,0.54093,818260.0,539.71,0.90515,1,0.063313,0.063313,0,0,705.1145917371447,350020.3497133302
516,0.54282,817620.0,539.69,0.90445,1,0.063435,0.063435,0,0,705.105021804534,350015.0899272114
517,0.54475,816960.0,539.67,0.90372,1,0.063558,0.063558,0,0,705.0977540198418,350011.0299839234
518,0.54667,816310.0,539.65,0.90299,1,0.063681,0.063681,0,0,705.0893141301801,350006.46299669583
519,0.54859,815650.0,539.64,0.90227,1,0.063804,0.063804,0,0,705.1238384864736,350025.19087966514
520,0.55051,814990.0,539.62,0.90154,1,0.063927,0.063927,0,0,705.1165179524763,350021.16946168814
521,0.55243,814340.0,539.6,0.90082,1,0.06405,0.06405,0,0,705.1080273605845,350016.68990610086
522,0.55437,813670.0,539.58,0.90007,1,0.064173,0.064173,0,0,705.1018334063956,350013.3152287482
523,0.55633,812980.0,539.56,0.89932,1,0.064296,0.064296,0,0,705.0979332653271,350011.04503204516
524,0.55828,812300.0,539.54,0.89856,1,0.064419,0.064419,0,0,705.0928620024995,350008.2687795612
525,0.56024,811620.0,539.52,0.8978,1,0.064542,0.064542,0,0,705.0877747928137,350005.57295516814
526,0.5622,810930.0,539.51,0.89705,1,0.064665,0.064665,0,0,705.1255821228119,350026.1390838439
527,0.56415,810250.0,539.49,0.89629,1,0.064788,0.064788,0,0,705.1204540412521,350023.4520054494
528,0.56614,809540.0,539.47,0.89551,1,0.064911,0.064911,0,0,705.1187659971191,350022.4552432483
529,0.56813,808830.0,539.45,0.89472,1,0.065034,0.065034,0,0,705.1170596014148,350021.49002184474
530,0.57012,808120.0,539.43,0.89393,1,0.065157,0.065157,0,0,705.1153350277607,350020.5565185495
531,0.57211,807400.0,539.41,0.89315,1,0.06528,0.06528,0,0,705.1147427072573,350020.14001104835
532,0.5741,806690.0,539.39,0.89236,1,0.065402,0.065402,0,0,705.1129817849252,350019.27014437056
533,0.5761,805970.0,539.37,0.89156,1,0.065525,0.065525,0,0,705.1123524315896,350018.9682444227
534,0.57812,805230.0,539.35,0.89074,1,0.065648,0.065648,0,0,705.1140019519303,350019.76979133504
535,0.58014,804490.0,539.33,0.88992,1,0.065771,0.065771,0,0,705.1156310442311,350020.6033371318
536,0.58216,803750.0,539.31,0.88911,1,0.065894,0.065894,0,0,705.1172399103729,350021.46907857334
537,0.58418,803010.0,539.29,0.88829,1,0.066017,0.066017,0,0,705.1188287516716,350022.3672119523
538,0.5862,802270.0,539.27,0.88747,1,0.06614,0.06614,0,0,705.1203977689103,350023.29793310206
539,0.58824,801510.0,539.25,0.88663,1,0.066263,0.066263,0,0,705.1242391944611,350025.3315569693
540,0.59029,800740.0,539.22,0.88578,1,0.066386,0.066386,0,0,705.0875810008068,350005.2555520982
541,0.59235,799970.0,539.2,0.88492,1,0.066509,0.066509,0,0,705.0925339450998,350007.9473873848
542,0.5944,799200.0,539.18,0.88407,1,0.066632,0.066632,0,0,705.097464671331,350010.61898286134
543,0.59646,798430.0,539.16,0.88321,1,0.066755,0.066755,0,0,705.1023734113337,350013.3772455997
544,0.59852,797650.0,539.14,0.88236,1,0.066878,0.066878,0,0,705.1084038308785,350016.64977081015
545,0.6006,796860.0,539.12,0.88148,1,0.067001,0.067001,0,0,705.1155545225314,350020.5441260921
546,0.60269,796060.0,539.1,0.88059,1,0.067124,0.067124,0,0,705.123824068954,350025.00646944117
547,0.60477,795260.0,539.07,0.87971,1,0.067247,0.067247,0,0,705.0905152652583,350006.805289593
548,0.60686,794450.0,539.05,0.87882,1,0.067369,0.067369,0,0,705.0998880667004,350011.8191815455
549,0.60895,793650.0,539.03,0.87794,1,0.067492,0.067492,0,0,705.1080951437007,350016.3876434892
550,0.61104,792850.0,539.01,0.87704,1,0.067615,0.067615,0,0,705.116278666097,350020.9904645853
551,0.61316,792010.0,538.98,0.87612,1,0.067738,0.067738,0,0,705.0874838424475,350005.0851089623
552,0.61528,791180.0,538.96,0.8752,1,0.067861,0.067861,0,0,705.0990467989279,350011.3629492884
553,0.6174,790350.0,538.94,0.87428,1,0.067984,0.067984,0,0,705.1105836592869,350017.6751696931
554,0.61953,789510.0,538.92,0.87335,1,0.068107,0.068107,0,0,705.1232328367282,350024.5555399598
555,0.62165,788680.0,538.89,0.87243,1,0.06823,0.06823,0,0,705.0932450266371,350008.33545317623
556,0.62379,787830.0,538.87,0.87149,1,0.068353,0.068353,0,0,705.1069895759638,350015.8241092436
557,0.62594,786960.0,538.85,0.87053,1,0.068476,0.068476,0,0,705.122980056908,350024.3567538156
558,0.62809,786100.0,538.82,0.86958,1,0.068599,0.068599,0,0,705.0963638795388,350009.8621288563
559,0.63025,785230.0,538.8,0.86862,1,0.068722,0.068722,0,0,705.1123079404757,350018.52709054656
560,0.6324,784370.0,538.78,0.86766,1,0.068845,0.068845,0,0,705.1270885324506,350026.6944093214
561,0.63455,783500.0,538.75,0.8667,1,0.068968,0.068968,0,0,705.1015662106227,350012.80155964935
562,0.63673,782600.0,538.73,0.86571,1,0.069091,0.069091,0,0,705.1208391638955,350023.11780619714
563,0.63892,781710.0,538.7,0.86472,1,0.069214,0.069214,0,0,705.0975585254547,350010.4946923483
564,0.6411,780810.0,538.68,0.86373,1,0.069336,0.069336,0,0,705.116781750019,350020.88704089494
565,0.64329,779910.0,538.65,0.86273,1,0.069459,0.069459,0,0,705.0946065396898,350008.8254455793
566,0.64547,779010.0,538.63,0.86174,1,0.069582,0.069582,0,0,705.1137808317887,350019.29464161355
567,0.64766,778100.0,538.6,0.86074,1,0.069705,0.069705,0,0,705.0927098251134,350007.7938199331
568,0.64988,777170.0,538.58,0.8597,1,0.069828,0.069828,0,0,705.1152288059097,350019.9975658496
569,0.65209,776240.0,538.55,0.85867,1,0.069951,0.069951,0,0,705.0963900238487,350009.6497277592
570,0.65431,775310.0,538.53,0.85764,1,0.070074,0.070074,0,0,705.1188564362258,350021.9319550874
571,0.65652,774380.0,538.5,0.85661,1,0.070197,0.070197,0,0,705.0999873542711,350011.673546487
572,0.65874,773440.0,538.48,0.85558,1,0.07032,0.07032,0,0,705.1235316406646,350024.5057179871
573,0.66097,772490.0,538.45,0.85453,1,0.070443,0.070443,0,0,705.1068901235216,350015.4010373184
574,0.66322,771520.0,538.42,0.85346,1,0.070566,0.070566,0,0,705.0924939379357,350007.40768133546
575,0.66547,770560.0,538.4,0.85239,1,0.070689,0.070689,0,0,705.1182196536834,350021.4877408666
576,0.66771,769590.0,538.37,0.85132,1,0.070812,0.070812,0,0,705.1037896413922,350013.52288447344
577,0.66996,768620.0,538.34,0.85025,1,0.070935,0.070935,0,0,705.0893482911857,350005.66917679354
578,0.67221,767660.0,538.32,0.84918,1,0.071058,0.071058,0,0,705.1149990975375,350019.8744267609
579,0.67449,766660.0,538.29,0.84807,1,0.071181,0.071181,0,0,705.1039028225482,350013.70759063034
580,0.67677,765660.0,538.26,0.84696,1,0.071303,0.071303,0,0,705.092793711756,350007.58999593137
581,0.67905,764650.0,538.24,0.84586,1,0.071426,0.071426,0,0,705.1239925349925,350024.4496087399
582,0.68133,763650.0,538.21,0.84475,1,0.071549,0.071549,0,0,705.1128479115258,350018.4255763829
583,0.68362,762650.0,538.18,0.84364,1,0.071672,0.071672,0,0,705.1016917053508,350012.5167105982
584,0.6859,761640.0,538.15,0.84252,1,0.071795,0.071795,0,0,705.0916474868503,350007.0594042781
585,0.68822,760600.0,538.13,0.84137,1,0.071918,0.071918,0,0,705.1261114693398,350025.7483871418
586,0.69053,759560.0,538.1,0.84023,1,0.072041,0.072041,0,0,705.119398971888,350021.9783097679
587,0.69284,758520.0,538.07,0.83908,1,0.072164,0.072164,0,0,705.1126731541973,350018.2587517387
588,0.69516,757490.0,538.04,0.83793,1,0.072287,0.072287,0,0,705.1048132275097,350014.19257630856
589,0.69747,756450.0,538.01,0.83678,1,0.07241,0.07241,0,0,705.0980625868036,350010.57581879373
590,0.69979,755390.0,537.98,0.83561,1,0.072533,0.072533,0,0,705.093540792786,350008.0042996854
591,0.70213,754320.0,537.96,0.83442,1,0.072656,0.072656,0,0,705.1312104465752,350028.4853589826
592,0.70447,753250.0,537.93,0.83324,1,0.072779,0.072779,0,0,705.1277707445062,350026.6089004347
593,0.7068,752180.0,537.9,0.83205,1,0.072902,0.072902,0,0,705.1243180482444,350024.71668296156
594,0.70914,751100.0,537.87,0.83087,1,0.073025,0.073025,0,0,705.121971382863,350023.40664806264
595,0.71147,750030.0,537.84,0.82968,1,0.073148,0.073148,0,0,705.1184938119746,350021.6189674068
596,0.71384,748930.0,537.81,0.82846,1,0.07327,0.07327,0,0,705.1183577962973,350021.5431717115
597,0.7162,747820.0,537.78,0.82723,1,0.073393,0.073393,0,0,705.119325562933,350021.9119326357
598,0.71857,746710.0,537.75,0.82601,1,0.073516,0.073516,0,0,705.1202795973435,350022.40303029964
599,0.72093,745600.0,537.72,0.82478,1,0.073639,0.073639,0,0,705.1212204813525,350022.8776125225
600,0.7233,744490.0,537.69,0.82356,1,0.073762,0.073762,0,0,705.1221487956096,350023.4760380494
601,0.72567,743380.0,537.66,0.82232,1,0.073885,0.073885,0,0,705.1230651196101,350024.1289187816
602,0.72806,742230.0,537.63,0.82105,1,0.074008,0.074008,0,0,705.1284305842698,350026.81276093156
603,0.73046,741090.0,537.6,0.81979,1,0.074131,0.074131,0,0,705.1326672390215,350029.1635651507
604,0.73285,739940.0,537.56,0.81852,1,0.074254,0.074254,0,0,705.097067738626,350009.6282681952
605,0.73524,738800.0,537.53,0.81725,1,0.074377,0.074377,0,0,705.1012907610694,350012.02332393266
606,0.73763,737650.0,537.5,0.81599,1,0.0745,0.0745,0,0,705.1066160062105,350014.93085118977
607,0.74004,736490.0,537.47,0.8147,1,0.074623,0.074623,0,0,705.1130429224509,350018.4958951838
608,0.74246,735300.0,537.44,0.81339,1,0.074746,0.074746,0,0,705.1227965950013,350023.5586674166
609,0.74488,734120.0,537.41,0.81208,1,0.074869,0.074869,0,0,705.1314244839867,350028.22079765145
610,0.7473,732940.0,537.37,0.81078,1,0.074992,0.074992,0,0,705.0991711079464,350010.64789956855
611,0.74972,731760.0,537.34,0.80947,1,0.075115,0.075115,0,0,705.1077875652784,350015.42913474806
612,0.75214,730580.0,537.31,0.80816,1,0.075237,0.075237,0,0,705.1163935405049,350020.26759954344
613,0.75458,729360.0,537.28,0.80682,1,0.07536,0.07536,0,0,705.1294336896002,350027.13015631697
614,0.75703,728150.0,537.24,0.80547,1,0.075483,0.075483,0,0,705.1005275011105,350011.40364957374
615,0.75948,726930.0,537.21,0.80413,1,0.075606,0.075606,0,0,705.1135565387,350018.46214899526
616,0.76193,725710.0,537.18,0.80278,1,0.075729,0.075729,0,0,705.1265750474605,350025.5787200727
617,0.76437,724490.0,537.14,0.80143,1,0.075852,0.075852,0,0,705.0987944307885,350010.428322797
618,0.76683,723270.0,537.11,0.80008,1,0.075975,0.075975,0,0,705.1118059461918,350017.7451740755
619,0.7693,722020.0,537.08,0.79869,1,0.076098,0.076098,0,0,705.1281362779378,350026.55470425525
620,0.77177,720760.0,537.04,0.79731,1,0.076221,0.076221,0,0,705.1048109870801,350013.64394217206
621,0.77424,719510.0,537.01,0.79592,1,0.076344,0.076344,0,0,705.1211346982748,350022.57796136575
622,0.77671,718260.0,536.98,0.79453,1,0.076467,0.076467,0,0,705.137450594516,350031.57213373267
623,0.77918,717010.0,536.94,0.79315,1,0.07659,0.07659,0,0,705.1130391512859,350018.4145841148
624,0.78166,715730.0,536.91,0.79174,1,0.076713,0.076713,0,0,705.1326762133065,350028.96505925467
625,0.78415,714450.0,536.87,0.79032,1,0.076836,0.076836,0,0,705.1116086482631,350017.4550191874
626,0.78664,713160.0,536.84,0.78889,1,0.076959,0.076959,0,0,705.1323510407458,350028.66150785994
627,0.78913,711870.0,536.8,0.78746,1,0.077082,0.077082,0,0,705.1124129852923,350017.7412823093
628,0.79163,710580.0,536.77,0.78604,1,0.077204,0.077204,0,0,705.1331561205778,350029.15733038704
629,0.79412,709290.0,536.73,0.78461,1,0.077327,0.077327,0,0,705.1132434448216,350018.37964959664
630,0.79664,707970.0,536.7,0.78315,1,0.07745,0.07745,0,0,705.1373087348328,350031.4329410059
631,0.79916,706640.0,536.66,0.78168,1,0.077573,0.077573,0,0,705.1218472756912,350022.833233701
632,0.80168,705310.0,536.62,0.78021,1,0.077696,0.077696,0,0,705.1064054249358,350014.3088632275
633,0.8042,703990.0,536.59,0.77875,1,0.077819,0.077819,0,0,705.1304847991762,350027.5648712182
634,0.80672,702660.0,536.55,0.77728,1,0.077942,0.077942,0,0,705.1150739414318,350019.1869836906
635,0.80924,701320.0,536.51,0.7758,1,0.078065,0.078065,0,0,705.100790331586,350011.3314609766
636,0.81178,699960.0,536.48,0.77429,1,0.078188,0.078188,0,0,705.1293108955281,350026.74276477203
637,0.81432,698600.0,536.44,0.77279,1,0.078311,0.078311,0,0,705.1172717064843,350020.0931472975
638,0.81686,697240.0,536.4,0.77128,1,0.078434,0.078434,0,0,705.1052567244315,350013.52149959956
639,0.8194,695880.0,536.37,0.76977,1,0.078557,0.078557,0,0,705.1338042376468,350029.14181840816
640,0.82194,694510.0,536.33,0.76827,1,0.07868,0.07868,0,0,705.1229334964405,350023.16510179685
641,0.82449,693130.0,536.29,0.76674,1,0.078803,0.078803,0,0,705.1131935113759,350017.79637942684
642,0.82705,691740.0,536.25,0.7652,1,0.078926,0.078926,0,0,705.1045849130634,350013.03634369245
643,0.82961,690350.0,536.22,0.76366,1,0.079048,0.079048,0,0,705.1364963706694,350030.445030007
644,0.83217,688950.0,536.18,0.76211,1,0.079171,0.079171,0,0,705.1290379758411,350026.2817458804
645,0.83473,687560.0,536.14,0.76057,1,0.079294,0.079294,0,0,705.120506667528,350021.75754620205
646,0.83729,686160.0,536.1,0.75903,1,0.079417,0.079417,0,0,705.1131102150382,350017.75649266236
647,0.83987,684740.0,536.06,0.75745,1,0.07954,0.07954,0,0,705.1079525528844,350014.89592720865
648,0.84245,683310.0,536.03,0.75587,1,0.079663,0.079663,0,0,705.1443659024594,350034.61574524204
649,0.84503,681880.0,535.99,0.7543,1,0.079786,0.079786,0,0,705.1403676097192,350032.35445958754
650,0.84761,680450.0,535.95,0.75272,1,0.079909,0.079909,0,0,705.1364048157342,350030.1762715069
651,0.85019,679030.0,535.91,0.75114,1,0.080032,0.080032,0,0,705.1313759134327,350027.6424923749
652,0.85277,677590.0,535.87,0.74955,1,0.080155,0.080155,0,0,705.128590352146,350026.07158341707
653,0.85537,676130.0,535.83,0.74793,1,0.080278,0.080278,0,0,705.1280490510818,350025.6441830197
654,0.85797,674670.0,535.79,0.74632,1,0.080401,0.080401,0,0,705.1275477211667,350025.30183644925
655,0.86056,673210.0,535.75,0.7447,1,0.080524,0.080524,0,0,705.1270876115458,350024.95316759945
656,0.86316,671750.0,535.71,0.74308,1,0.080647,0.080647,0,0,705.1266699722107,350024.78236500424
657,0.86576,670290.0,535.67,0.74147,1,0.08077,0.08077,0,0,705.1262960540246,350024.69848923845
658,0.86837,668810.0,535.63,0.73983,1,0.080893,0.080893,0,0,705.1281723585338,350025.66893125366
659,0.87099,667320.0,535.59,0.73818,1,0.081015,0.081015,0,0,705.1311975954901,350027.2571227023
660,0.87361,665820.0,535.55,0.73653,1,0.081138,0.081138,0,0,705.1353731506393,350029.3697155479
661,0.87622,664330.0,535.51,0.73488,1,0.081261,0.081261,0,0,705.1384950930116,350031.040359432
662,0.87884,662840.0,535.47,0.73323,1,0.081384,0.081384,0,0,705.1416674063378,350032.8949739626
663,0.88146,661340.0,535.43,0.73157,1,0.081507,0.081507,0,0,705.1459942308013,350035.2748458229
664,0.88409,659820.0,535.38,0.72989,1,0.08163,0.08163,0,0,705.1123245723603,350016.75251673284
665,0.88673,658300.0,535.34,0.72821,1,0.081753,0.081753,0,0,705.1189763930892,350020.38098938955
666,0.88936,656770.0,535.3,0.72652,1,0.081876,0.081876,0,0,705.1267875855224,350024.43831048737
667,0.892,655250.0,535.26,0.72483,1,0.081999,0.081999,0,0,705.1335535098988,350028.2506231536
668,0.89463,653730.0,535.22,0.72315,1,0.082122,0.082122,0,0,705.1403786371053,350032.0583611344
669,0.89727,652190.0,535.18,0.72145,1,0.082245,0.082245,0,0,705.149471234874,350036.92307193927
670,0.89992,650640.0,535.13,0.71974,1,0.082368,0.082368,0,0,705.1195406945038,350020.4919814629
671,0.90256,649090.0,535.09,0.71802,1,0.082491,0.082491,0,0,705.1298749977893,350025.9822587084
672,0.90521,647540.0,535.05,0.7163,1,0.082614,0.082614,0,0,705.1402752342696,350031.66620699177
673,0.90785,645980.0,535.0,0.71458,1,0.082737,0.082737,0,0,705.1116902436922,350015.87505659263
674,0.9105,644430.0,534.96,0.71287,1,0.08286,0.08286,0,0,705.1222381879821,350021.7560298089
675,0.91316,642860.0,534.92,0.71113,1,0.082982,0.082982,0,0,705.135065715594,350028.6965133165
676,0.91583,641280.0,534.88,0.70938,1,0.083105,0.083105,0,0,705.1490708673717,350036.2661624702
677,0.9185,639700.0,534.83,0.70763,1,0.083228,0.083228,0,0,705.1230376401746,350022.05688038195
678,0.92117,638120.0,534.79,0.70588,1,0.083351,0.083351,0,0,705.1372054849428,350029.82955797797
679,0.92384,636530.0,534.74,0.70413,1,0.083474,0.083474,0,0,705.1124649085436,350016.2663425383
680,0.9265,634950.0,534.7,0.70238,1,0.083597,0.083597,0,0,705.1268022336528,350024.1407890341
681,0.92918,633350.0,534.66,0.70061,1,0.08372,0.08372,0,0,705.1434331977131,350033.18079078244
682,0.93185,631750.0,534.61,0.69884,1,0.083843,0.083843,0,0,705.1200884681097,350020.3710180608
683,0.93453,630150.0,534.57,0.69706,1,0.083966,0.083966,0,0,705.1369009747498,350029.6197156687
684,0.9372,628540.0,534.52,0.69529,1,0.084089,0.084089,0,0,705.1148691904936,350017.4590013228
685,0.93988,626940.0,534.48,0.69352,1,0.084212,0.084212,0,0,705.1318704632042,350026.9188219234
686,0.94256,625330.0,534.44,0.69174,1,0.084335,0.084335,0,0,705.1500708125644,350036.909733241
687,0.94525,623690.0,534.39,0.68993,1,0.084458,0.084458,0,0,705.1316814371354,350026.5762167464
688,0.94795,622060.0,534.34,0.68812,1,0.084581,0.084581,0,0,705.1123025743905,350016.0398393962
689,0.95064,620420.0,534.3,0.6863,1,0.084704,0.084704,0,0,705.1341395369436,350027.74348953634
690,0.95334,618780.0,534.25,0.68449,1,0.084827,0.084827,0,0,705.1161017827045,350017.8633998173
691,0.95604,617140.0,534.21,0.68268,1,0.084949,0.084949,0,0,705.1381547267009,350029.89385888784
692,0.95874,615500.0,534.16,0.68086,1,0.085072,0.085072,0,0,705.1203575621793,350020.2465330793
693,0.96145,613840.0,534.12,0.67903,1,0.085195,0.085195,0,0,705.1448550840036,350033.4590439427
694,0.96416,612190.0,534.07,0.6772,1,0.085318,0.085318,0,0,705.1284179576917,350024.5824711742
695,0.96687,610530.0,534.03,0.67537,1,0.085441,0.085441,0,0,705.15315007666,350038.01978125883
696,0.96958,608880.0,533.98,0.67354,1,0.085564,0.085564,0,0,705.1369711969833,350029.3820994971
697,0.97229,607220.0,533.93,0.67171,1,0.085687,0.085687,0,0,705.122041425748,350021.29175063316
698,0.97501,605550.0,533.89,0.66986,1,0.08581,0.08581,0,0,705.148259014205,350035.6106752963
699,0.97772,603880.0,533.84,0.668,1,0.085933,0.085933,0,0,705.1347148422082,350028.18588297686
700,0.98043,602200.0,533.79,0.66615,1,0.086056,0.086056,0,0,705.1224295347612,350021.3084994498
701,0.98315,600530.0,533.75,0.6643,1,0.086179,0.086179,0,0,705.149042171792,350035.97894446494
702,0.98586,598850.0,533.7,0.66245,1,0.086302,0.086302,0,0,705.1370445736811,350029.3464190531
703,0.98858,597170.0,533.65,0.66059,1,0.086425,0.086425,0,0,705.1251991387156,350022.9552712143
704,0.9913,595480.0,533.61,0.65872,1,0.086548,0.086548,0,0,705.1544591280871,350038.827351791
705,0.99402,593790.0,533.56,0.65684,1,0.086671,0.086671,0,0,705.1440323375165,350033.1077487477
706,0.99674,592090.0,533.51,0.65497,1,0.086794,0.086794,0,0,705.1348830506491,350027.9379544318
707,0.99947,590400.0,533.46,0.6531,1,0.086916,0.086916,0,0,705.1247787186514,350022.59348505054
708,1.0022,588700.0,533.42,0.65122,1,0.087039,0.087039,0,0,705.1557531442642,350039.4908891525
709,1.0049,587010.0,533.37,0.64934,1,0.087162,0.087162,0,0,705.1459704995112,350034.047575558
710,1.0076,585310.0,533.32,0.64746,1,0.087285,0.087285,0,0,705.1374768298489,350029.1536123126
711,1.0103,583610.0,533.27,0.64558,1,0.087408,0.087408,0,0,705.1291553760493,350024.38905571506
712,1.013,581910.0,533.22,0.6437,1,0.087531,0.087531,0,0,705.1210083828195,350019.7545769261
713,1.0158,580210.0,533.18,0.64182,1,0.087654,0.087654,0,0,705.152785902494,350038.1186805145
714,1.0185,578510.0,533.13,0.63994,1,0.087777,0.087777,0,0,705.1449853296426,350033.7459713085
715,1.0212,576780.0,533.08,0.63803,1,0.0879,0.0879,0,0,705.1407387344117,350030.76185878465
716,1.024,575060.0,533.03,0.63613,1,0.088023,0.088023,0,0,705.1355556230742,350028.71347719815
717,1.0267,573330.0,532.98,0.63422,1,0.088146,0.088146,0,0,705.1316876951421,350025.99832995987
718,1.0294,571610.0,532.93,0.63231,1,0.088269,0.088269,0,0,705.1268864407443,350022.9977679712
719,1.0322,569880.0,532.88,0.6304,1,0.088392,0.088392,0,0,705.1234069436208,350021.7883269369
720,1.0349,568150.0,532.83,0.62849,1,0.088515,0.088515,0,0,705.1201258016035,350019.4789574781
721,1.0377,566410.0,532.79,0.62655,1,0.088638,0.088638,0,0,705.1578477277305,350040.5874659018
722,1.0404,564660.0,532.74,0.62462,1,0.088761,0.088761,0,0,705.1572231397278,350039.38199073356
723,1.0432,562910.0,532.69,0.62269,1,0.088883,0.088883,0,0,705.1568082693819,350039.57341301
724,1.0459,561170.0,532.64,0.62076,1,0.089006,0.089006,0,0,705.1554735935628,350038.2278340534
725,1.0487,559420.0,532.59,0.61883,1,0.089129,0.089129,0,0,705.1554851211035,350038.7085950487
726,1.0514,557680.0,532.54,0.6169,1,0.089252,0.089252,0,0,705.154580191247,350037.64301820233
727,1.0542,555940.0,532.49,0.61497,1,0.089375,0.089375,0,0,705.1538936078598,350037.99993865937
728,1.0569,554190.0,532.44,0.61305,1,0.089498,0.089498,0,0,705.1545641850468,350037.63308585185
729,1.0597,552450.0,532.39,0.61112,1,0.089621,0.089621,0,0,705.1543233196902,350038.2853631978
730,1.0624,550710.0,532.34,0.60919,1,0.089744,0.089744,0,0,705.1543088374459,350037.7882073339
731,1.0652,548960.0,532.29,0.60726,1,0.089867,0.089867,0,0,705.1556627763148,350039.15392959455
732,1.0679,547210.0,532.24,0.60532,1,0.08999,0.08999,0,0,705.1572507161031,350039.3598538532
733,1.0707,545460.0,532.19,0.60338,1,0.090113,0.090113,0,0,705.1590754519543,350041.0258107216
734,1.0734,543710.0,532.13,0.60145,1,0.090236,0.090236,0,0,705.121583129276,350019.9793028269
735,1.0762,541960.0,532.08,0.59951,1,0.090359,0.090359,0,0,705.1238985530432,350021.95363138104
736,1.0789,540200.0,532.03,0.59757,1,0.090482,0.090482,0,0,705.127604274809,350023.1623320294
737,1.0817,538450.0,531.98,0.59563,1,0.090605,0.090605,0,0,705.1304142525521,350025.44212842645
738,1.0844,536690.0,531.93,0.59368,1,0.090728,0.090728,0,0,705.134622697073,350026.9457896145
739,1.0871,534930.0,531.88,0.59174,1,0.09085,0.09085,0,0,705.1390875269225,350028.5949833075
740,1.0899,533180.0,531.83,0.5898,1,0.090973,0.090973,0,0,705.1426618307033,350031.3350682537
741,1.0926,531420.0,531.78,0.58785,1,0.091096,0.091096,0,0,705.1476471559616,350033.2832232193
742,1.0954,529660.0,531.73,0.58591,1,0.091219,0.091219,0,0,705.152897875694,350036.7485415566
743,1.0981,527900.0,531.68,0.58396,1,0.091342,0.091342,0,0,705.1584170428364,350038.9981179191
744,1.1009,526140.0,531.63,0.58201,1,0.091465,0.091465,0,0,705.1642077328473,350042.77779759583
745,1.1037,524370.0,531.57,0.58006,1,0.091588,0.091588,0,0,705.1319653181449,350025.64753511606
746,1.1064,522610.0,531.52,0.57811,1,0.091711,0.091711,0,0,705.1383179475366,350028.36220654286
747,1.1092,520850.0,531.47,0.57616,1,0.091834,0.091834,0,0,705.1449514421452,350032.62642872066
748,1.1119,519080.0,531.42,0.57421,1,0.091957,0.091957,0,0,705.1530295425101,350036.0610727624
749,1.1147,517320.0,531.37,0.57226,1,0.09208,0.09208,0,0,705.1602357124398,350040.6461350274
750,1.1174,515560.0,531.31,0.57031,1,0.092203,0.092203,0,0,705.1283084184658,350022.52187150024
751,1.1202,513800.0,531.26,0.56837,1,0.092326,0.092326,0,0,705.1361067847581,350027.4356894118
752,1.1229,512040.0,531.21,0.56642,1,0.092449,0.092449,0,0,705.1442020928295,350031.08709766023
753,1.1257,510280.0,531.16,0.56447,1,0.092572,0.092572,0,0,705.1525976392023,350036.32713473344
754,1.1284,508520.0,531.11,0.56252,1,0.092694,0.092694,0,0,705.1612967469143,350040.29424171866
755,1.1312,506760.0,531.05,0.56057,1,0.092817,0.092817,0,0,705.1309179478812,350024.43142549606
756,1.134,505000.0,531.0,0.55863,1,0.09294,0.09294,0,0,705.1402420737419,350030.17369570246
757,1.1367,503240.0,530.95,0.55668,1,0.093063,0.093063,0,0,705.149879854305,350034.627176892
758,1.1395,501470.0,530.9,0.55473,1,0.093186,0.093186,0,0,705.1610104279993,350041.11266657285
759,1.1422,499710.0,530.84,0.55278,1,0.093309,0.093309,0,0,705.1319331837897,350024.476630077
760,1.145,497950.0,530.79,0.55083,1,0.093432,0.093432,0,0,705.1425419447651,350030.8916311253
761,1.1477,496190.0,530.74,0.54888,1,0.093555,0.093555,0,0,705.1534782530571,350035.99656685936
762,1.1505,494430.0,530.68,0.54693,1,0.093678,0.093678,0,0,705.125413713004,350021.35289387545
763,1.1533,492660.0,530.63,0.54498,1,0.093801,0.093801,0,0,705.1382074592927,350028.6933753713
764,1.156,490900.0,530.58,0.54303,1,0.093924,0.093924,0,0,705.1501570796145,350034.29758437036
765,1.1588,489140.0,530.53,0.54109,1,0.094047,0.094047,0,0,705.1624486264916,350041.5695186047
766,1.1615,487380.0,530.47,0.53914,1,0.09417,0.09417,0,0,705.1357833332091,350026.1278212032
767,1.1643,485620.0,530.42,0.53719,1,0.094293,0.094293,0,0,705.1487772072876,350033.748635141
768,1.1671,483860.0,530.37,0.53525,1,0.094416,0.094416,0,0,705.1621241052005,350041.5454572911
769,1.1698,482110.0,530.31,0.5333,1,0.094539,0.094539,0,0,705.1353520718798,350026.2176777286
770,1.1726,480350.0,530.26,0.53136,1,0.094661,0.094661,0,0,705.1494218346631,350034.3671562102
771,1.1753,478600.0,530.21,0.52942,1,0.094784,0.094784,0,0,705.1626574218566,350040.74340636365
772,1.1781,476850.0,530.15,0.52748,1,0.094907,0.094907,0,0,705.1369977297117,350027.48657901015
773,1.1808,475090.0,530.1,0.52555,1,0.09503,0.09503,0,0,705.1521757435647,350034.61619028734
774,1.1836,473340.0,530.04,0.52361,1,0.095153,0.095153,0,0,705.1272794505761,350021.7266149587
775,1.1864,471590.0,529.99,0.52167,1,0.095276,0.095276,0,0,705.1420123835519,350030.3602591867
776,1.1891,469850.0,529.94,0.51974,1,0.095399,0.095399,0,0,705.1559170211569,350037.1938958254
777,1.1919,468110.0,529.88,0.51782,1,0.095522,0.095522,0,0,705.1309762040264,350024.45172919444
778,1.1946,466380.0,529.83,0.5159,1,0.095645,0.095645,0,0,705.1444394317134,350031.22745990765
779,1.1974,464640.0,529.78,0.51398,1,0.095768,0.095768,0,0,705.1595010437065,350040.1732769035
780,1.2001,462900.0,529.72,0.51206,1,0.095891,0.095891,0,0,705.1357492363245,350026.395860524
781,1.2028,461170.0,529.67,0.51014,1,0.096014,0.096014,0,0,705.1503871091628,350033.69671250286
782,1.2056,459440.0,529.62,0.50823,1,0.096137,0.096137,0,0,705.1654209430474,350042.7792091921
783,1.2083,457730.0,529.56,0.50633,1,0.09626,0.09626,0,0,705.1392231899678,350028.3193966085
784,1.211,456010.0,529.51,0.50443,1,0.096383,0.096383,0,0,705.1538385234995,350035.74261165655
785,1.2138,454290.0,529.46,0.50254,1,0.096506,0.096506,0,0,705.1688577680079,350044.96759765747
786,1.2165,452570.0,529.4,0.50064,1,0.096628,0.096628,0,0,705.1451184804396,350031.4636469817
787,1.2192,450860.0,529.35,0.49874,1,0.096751,0.096751,0,0,705.1597328113123,350039.014579806
788,1.2219,449160.0,529.29,0.49686,1,0.096874,0.096874,0,0,705.134370936739,350025.0599921088
789,1.2246,447470.0,529.24,0.49499,1,0.096997,0.096997,0,0,705.1473450266213,350032.15264956886
790,1.2273,445770.0,529.19,0.49311,1,0.09712,0.09712,0,0,705.1619687897987,350039.8306921258
791,1.23,444080.0,529.13,0.49123,1,0.097243,0.097243,0,0,705.13663588913,350026.018175414
792,1.2327,442380.0,529.08,0.48936,1,0.097366,0.097366,0,0,705.1521076351205,350034.0570613867
793,1.2355,440690.0,529.03,0.48749,1,0.097489,0.097489,0,0,705.1667622474636,350043.54326865624
794,1.2382,439010.0,528.97,0.48563,1,0.097612,0.097612,0,0,705.1414793002424,350029.8836447681
795,1.2409,437330.0,528.92,0.48377,1,0.097735,0.097735,0,0,705.15574757294,350037.65630075044
796,1.2436,435650.0,528.87,0.48191,1,0.097858,0.097858,0,0,705.1704475284997,350045.60968572646
797,1.2463,433960.0,528.81,0.48005,1,0.097981,0.097981,0,0,705.1477386722204,350032.91696850676
798,1.249,432280.0,528.76,0.47819,1,0.098104,0.098104,0,0,705.1633234061909,350041.237522104
799,1.2517,430610.0,528.71,0.47634,1,0.098227,0.098227,0,0,705.1780927750342,350049.33270640514
800,1.2544,428940.0,528.65,0.47449,1,0.09835,0.09835,0,0,705.1542238013562,350036.3883297603
801,1.2571,427270.0,528.6,0.47264,1,0.098473,0.098473,0,0,705.1698917460964,350044.85378273187
802,1.2598,425600.0,528.54,0.4708,1,0.098595,0.098595,0,0,705.1469414467591,350032.28903666284
803,1.2625,423930.0,528.49,0.46895,1,0.098718,0.098718,0,0,705.1635256548496,350041.1267209586
804,1.2652,422260.0,528.43,0.4671,1,0.098841,0.098841,0,0,705.1415118118997,350028.94352476276
805,1.2679,420600.0,528.38,0.46527,1,0.098964,0.098964,0,0,705.157754762031,350037.7477793321
806,1.2706,418940.0,528.33,0.46343,1,0.099087,0.099087,0,0,705.1744635877569,350046.7378370137
807,1.2733,417280.0,528.27,0.46159,1,0.09921,0.09921,0,0,705.1525995543241,350034.72077514644
808,1.276,415610.0,528.22,0.45975,1,0.099333,0.099333,0,0,705.1715433532722,350044.49557014275
809,1.2787,413950.0,528.17,0.45791,1,0.099456,0.099456,0,0,705.1896860398127,350054.0499949495
810,1.2814,412300.0,528.11,0.45608,1,0.099579,0.099579,0,0,705.1679973000282,350042.2033145227
811,1.2841,410640.0,528.06,0.45425,1,0.099702,0.099702,0,0,705.18711684933,350052.1377335567
812,1.2869,408990.0,528.0,0.45243,1,0.099825,0.099825,0,0,705.1664196121405,350042.4730619384
813,1.2896,407340.0,527.95,0.4506,1,0.099948,0.099948,0,0,705.1852375793484,350052.38792016165
814,1.2923,405690.0,527.89,0.44877,1,0.10007,0.10007,0,0,705.1655482034139,350041.32719685574
815,1.295,404040.0,527.84,0.44695,1,0.10019,0.10019,0,0,705.1853732751869,350051.6257991652
816,1.2977,402410.0,527.78,0.44514,1,0.10032,0.10032,0,0,705.1640983980998,350040.14209129877
817,1.3004,400780.0,527.73,0.44334,1,0.10044,0.10044,0,0,705.1823257454055,350050.0105999227
818,1.3031,399140.0,527.67,0.44153,1,0.10056,0.10056,0,0,705.1633867617137,350039.3289358499
819,1.3058,397510.0,527.62,0.43973,1,0.10069,0.10069,0,0,705.1826402733248,350049.58471802645
820,1.3085,395880.0,527.56,0.43792,1,0.10081,0.10081,0,0,705.1634352063998,350038.89114796196
821,1.3112,394260.0,527.51,0.43613,1,0.10093,0.10093,0,0,705.1824105165601,350049.1279935831
822,1.3139,392650.0,527.45,0.43435,1,0.10105,0.10105,0,0,705.161616612627,350038.0159280929
823,1.3166,391040.0,527.4,0.43257,1,0.10118,0.10118,0,0,705.1803125393648,350048.2353510486
824,1.3193,389440.0,527.34,0.43079,1,0.1013,0.1013,0,0,705.1592467106186,350037.1141095781
825,1.322,387830.0,527.29,0.42901,1,0.10142,0.10142,0,0,705.1789988527056,350047.72582083073
826,1.3247,386220.0,527.23,0.42724,1,0.10155,0.10155,0,0,705.1603399927069,350037.4134560801
827,1.3274,384640.0,527.18,0.42549,1,0.10167,0.10167,0,0,705.1771509674804,350047.1941744358
828,1.3301,383070.0,527.12,0.42375,1,0.10179,0.10179,0,0,705.1542078958303,350035.6502495421
829,1.3327,381500.0,527.07,0.42201,1,0.10191,0.10191,0,0,705.1707310385322,350043.5187722726
830,1.3354,379920.0,527.02,0.42027,1,0.10204,0.10204,0,0,705.1891340508113,350053.8846461108
831,1.3381,378350.0,526.96,0.41853,1,0.10216,0.10216,0,0,705.1678025600987,350042.9378258051
832,1.3407,376780.0,526.91,0.4168,1,0.10228,0.10228,0,0,705.1859386224681,350051.3752475928
833,1.3434,375250.0,526.85,0.4151,1,0.10241,0.10241,0,0,705.1602663214584,350039.192369748
834,1.346,373710.0,526.8,0.41339,1,0.10253,0.10253,0,0,705.1753996354684,350046.783378224
835,1.3486,372170.0,526.75,0.41169,1,0.10265,0.10265,0,0,705.1910685424872,350054.5599775693
836,1.3513,370630.0,526.69,0.40999,1,0.10278,0.10278,0,0,705.168377598659,350043.38106627803
837,1.3539,369090.0,526.64,0.40829,1,0.1029,0.1029,0,0,705.1851376214952,350051.5396097731
838,1.3565,367580.0,526.58,0.40662,1,0.10302,0.10302,0,0,705.1594259634122,350037.5810422497
839,1.3591,366080.0,526.53,0.40496,1,0.10314,0.10314,0,0,705.1717661255016,350044.479479207
840,1.3617,364580.0,526.48,0.4033,1,0.10327,0.10327,0,0,705.1846401204903,350051.5648137796
841,1.3643,363090.0,526.42,0.40164,1,0.10339,0.10339,0,0,705.1577861143547,350037.36176384846
842,1.3669,361590.0,526.37,0.39999,1,0.10351,0.10351,0,0,705.1717436328622,350044.8252365186
843,1.3695,360090.0,526.32,0.39833,1,0.10364,0.10364,0,0,705.186250135323,350052.4767039781
844,1.3721,358620.0,526.26,0.3967,1,0.10376,0.10376,0,0,705.1582499855972,350038.03097305883
845,1.3747,357150.0,526.21,0.39508,1,0.10388,0.10388,0,0,705.1696593630666,350044.8327734905
846,1.3772,355680.0,526.16,0.39346,1,0.104,0.104,0,0,705.1816117187504,350049.8209489834
847,1.3798,354210.0,526.1,0.39183,1,0.10413,0.10413,0,0,705.1552565119093,350035.9477134906
848,1.3824,352750.0,526.05,0.39021,1,0.10425,0.10425,0,0,705.1669019206184,350042.90294525
849,1.385,351280.0,526.0,0.38859,1,0.10437,0.10437,0,0,705.180514168517,350050.4578893914
850,1.3875,349830.0,525.94,0.38698,1,0.1045,0.1045,0,0,705.1530068163244,350034.318978769
851,1.3901,348370.0,525.89,0.38537,1,0.10462,0.10462,0,0,705.1663246331756,350041.8403443238
852,1.3927,346920.0,525.84,0.38376,1,0.10474,0.10474,0,0,705.1787819697006,350049.14135839796
853,1.3953,345460.0,525.78,0.38215,1,0.10487,0.10487,0,0,705.1544018424817,350036.0166173572
854,1.3979,344010.0,525.73,0.38054,1,0.10499,0.10499,0,0,705.1680008027242,350043.7021828975
855,1.4005,342550.0,525.68,0.37893,1,0.10511,0.10511,0,0,705.1836132843627,350051.99003707006
856,1.4031,341100.0,525.62,0.37732,1,0.10523,0.10523,0,0,705.159550124198,350039.0408026145
857,1.4057,339640.0,525.57,0.37571,1,0.10536,0.10536,0,0,705.1763445044203,350047.7155288816
858,1.4083,338190.0,525.51,0.3741,1,0.10548,0.10548,0,0,705.1534737973344,350035.1599314301
859,1.4109,336730.0,525.46,0.37249,1,0.1056,0.1056,0,0,705.1714725263847,350044.2228943523
860,1.4136,335270.0,525.4,0.37088,1,0.10573,0.10573,0,0,705.1512753849772,350034.5609194521
861,1.4162,333810.0,525.35,0.36926,1,0.10585,0.10585,0,0,705.1705055985518,350044.01976386283
862,1.4189,332350.0,525.29,0.36765,1,0.10597,0.10597,0,0,705.1515590160742,350034.77301965945
863,1.4216,330890.0,525.24,0.36603,1,0.10609,0.10609,0,0,705.1720444963506,350046.7346824913
864,1.4242,329430.0,525.18,0.36442,1,0.10622,0.10622,0,0,705.1543725116701,350035.79903682607
865,1.4269,327970.0,525.13,0.3628,1,0.10634,0.10634,0,0,705.176137661105,350048.1718043525
866,1.4296,326520.0,525.07,0.36119,1,0.10646,0.10646,0,0,705.1582809259268,350039.353254413
867,1.4323,325060.0,525.02,0.35958,1,0.10659,0.10659,0,0,705.1813464197259,350052.1447549508
868,1.4349,323610.0,524.96,0.35798,1,0.10671,0.10671,0,0,705.164801027997,350041.6146005071
869,1.4376,322160.0,524.9,0.35637,1,0.10683,0.10683,0,0,705.1489202867602,350033.429627065
870,1.4403,320710.0,524.85,0.35477,1,0.10696,0.10696,0,0,705.1724822302882,350046.4335609847
871,1.443,319260.0,524.79,0.35316,1,0.10708,0.10708,0,0,705.1579469342199,350038.6757501695
872,1.4457,317850.0,524.74,0.3516,1,0.1072,0.1072,0,0,705.1768172946529,350050.4464363145
873,1.4483,316440.0,524.68,0.35004,1,0.10732,0.10732,0,0,705.1575739450603,350039.2924386151
874,1.451,315020.0,524.63,0.34848,1,0.10745,0.10745,0,0,705.1792691537788,350051.891397967
875,1.4537,313610.0,524.57,0.34692,1,0.10757,0.10757,0,0,705.1613545889359,350043.32642012456
876,1.4563,312200.0,524.52,0.34536,1,0.10769,0.10769,0,0,705.1828649741951,350053.7463647242
877,1.4589,310830.0,524.46,0.34384,1,0.10782,0.10782,0,0,705.1601653175518,350041.75167704315
878,1.4614,309540.0,524.41,0.34241,1,0.10794,0.10794,0,0,705.1645547274042,350045.39195688814
879,1.4638,308240.0,524.36,0.34098,1,0.10806,0.10806,0,0,705.1710631631133,350047.42488024203
880,1.4663,306950.0,524.31,0.33954,1,0.10818,0.10818,0,0,705.1766153875798,350051.42377019883
881,1.4688,305650.0,524.25,0.33811,1,0.10831,0.10831,0,0,705.1455690745765,350035.0777987949
882,1.4713,304350.0,524.2,0.33667,1,0.10843,0.10843,0,0,705.1538640815808,350039.86039924785
883,1.4736,303170.0,524.16,0.33536,1,0.10855,0.10855,0,0,705.1827740592248,350056.31978568574
884,1.4758,302010.0,524.11,0.33408,1,0.10868,0.10868,0,0,705.1703282496613,350048.9314880789
885,1.4781,300860.0,524.06,0.33281,1,0.1088,0.1088,0,0,705.1568080836762,350043.51044511056
886,1.4804,299710.0,524.02,0.33153,1,0.10892,0.10892,0,0,705.1825014460103,350059.17624548974
887,1.4826,298550.0,523.97,0.33026,1,0.10905,0.10905,0,0,705.1715388429843,350052.2334595992
888,1.4848,297440.0,523.92,0.32902,1,0.10917,0.10917,0,0,705.1531779970344,350043.3536850167
889,1.4866,296510.0,523.89,0.328,1,0.10929,0.10929,0,0,705.184196671665,350059.9319554701
890,1.4884,295590.0,523.85,0.32698,1,0.10941,0.10941,0,0,705.175238845167,350055.2643689898
891,1.4903,294660.0,523.81,0.32595,1,0.10954,0.10954,0,0,705.1681974402258,350053.3769824821
892,1.4921,293740.0,523.77,0.32493,1,0.10966,0.10966,0,0,705.1598958177005,350048.9080017922
893,1.4939,292810.0,523.73,0.32391,1,0.10978,0.10978,0,0,705.1535219897548,350044.953727336
894,1.4955,292010.0,523.7,0.32302,1,0.10991,0.10991,0,0,705.1653748042376,350052.02687066706
895,1.4969,291310.0,523.67,0.32224,1,0.11003,0.11003,0,0,705.1614369222517,350050.43447961105
896,1.4983,290600.0,523.64,0.32146,1,0.11015,0.11015,0,0,705.159299801427,350049.31819015415
897,1.4997,289900.0,523.61,0.32069,1,0.11027,0.11027,0,0,705.1557537735562,350047.84257565084
898,1.5011,289200.0,523.58,0.31991,1,0.1104,0.1104,0,0,705.1524038066082,350046.4253547537
899,1.5025,288500.0,523.56,0.31913,1,0.11052,0.11052,0,0,705.1879509584944,350065.97484945116
900,1.5035,287980.0,523.53,0.31856,1,0.11064,0.11064,0,0,705.1558824270999,350047.9550521206
901,1.5045,287480.0,523.51,0.31801,1,0.11077,0.11077,0,0,705.1593851134185,350050.0367793841
902,1.5055,286980.0,523.49,0.31746,1,0.11089,0.11089,0,0,705.1629893142052,350052.1480941069
903,1.5066,286480.0,523.47,0.3169,1,0.11101,0.11101,0,0,705.1666954033074,350056.59302651597
904,1.5076,285980.0,523.45,0.31635,1,0.11114,0.11114,0,0,705.1705037565118,350058.7659088151
905,1.5084,285540.0,523.43,0.31587,1,0.11126,0.11126,0,0,705.1646534494622,350053.8392410816
906,1.509,285240.0,523.42,0.31553,1,0.11138,0.11138,0,0,705.1747808676593,350059.35222234624
907,1.5096,284940.0,523.41,0.3152,1,0.1115,0.1115,0,0,705.184945168669,350064.87565265666
908,1.5101,284640.0,523.39,0.31486,1,0.11163,0.11163,0,0,705.1564543768926,350047.1964576506
909,1.5107,284330.0,523.38,0.31453,1,0.11175,0.11175,0,0,705.1683250649842,350053.15878182
910,1.5113,284030.0,523.37,0.31419,1,0.11187,0.11187,0,0,705.178602442936,350058.71275551664
911,1.5115,283930.0,523.36,0.31408,1,0.112,0.112,0,0,705.1562427129079,350046.6336934812
912,1.5116,283910.0,523.36,0.31406,1,0.11212,0.11212,0,0,705.1595094367223,350049.7873491453
913,1.5117,283890.0,523.36,0.31403,1,0.11224,0.11224,0,0,705.1627763179781,350052.9412232122
914,1.5119,283860.0,523.36,0.31401,1,0.11236,0.11236,0,0,705.1676769351213,350058.83064023213
915,1.512,283840.0,523.36,0.31399,1,0.11249,0.11249,0,0,705.1709442100929,350061.9851567175
916,1.5121,283830.0,523.36,0.31397,1,0.11261,0.11261,0,0,705.1725779066509,350064.72087614523
917,1.512,283860.0,523.36,0.314,1,0.11273,0.11273,0,0,705.1676769351213,350061.14714793896
918,1.512,283890.0,523.37,0.31404,1,0.11286,0.11286,0,0,705.2014667872872,350080.7895098881
919,1.5119,283920.0,523.37,0.31407,1,0.11298,0.11298,0,0,705.1965666356568,350077.2160559568
920,1.5118,283950.0,523.37,0.31411,1,0.1131,0.1131,0,0,705.1916668382495,350073.64284263615
921,1.5118,283980.0,523.37,0.31414,1,0.11322,0.11322,0,0,705.18676739498,350072.38591993216
922,1.5116,284050.0,523.37,0.31422,1,0.11335,0.11335,0,0,705.1753367374027,350064.8213087704
923,1.5114,284150.0,523.38,0.31433,1,0.11347,0.11347,0,0,705.1977016040448,350076.90066627663
924,1.5112,284260.0,523.38,0.31444,1,0.11359,0.11359,0,0,705.1797477632872,350067.66245273553
925,1.5109,284360.0,523.38,0.31456,1,0.11372,0.11372,0,0,705.163430211352,350056.53006656707
926,1.5107,284470.0,523.39,0.31467,1,0.11384,0.11384,0,0,705.1841772592319,350068.1948658385
927,1.5105,284570.0,523.39,0.31479,1,0.11396,0.11396,0,0,705.1678683108854,350059.37939303345
928,1.5103,284650.0,523.39,0.31488,1,0.11409,0.11409,0,0,705.1548239714465,350051.4026918997
929,1.5101,284740.0,523.4,0.31498,1,0.11421,0.11421,0,0,705.1788445125496,350063.908999154
930,1.5099,284820.0,523.4,0.31507,1,0.11433,0.11433,0,0,705.1658057897545,350055.9344270057
931,1.5097,284900.0,523.4,0.31516,1,0.11445,0.11445,0,0,705.1527695678257,350047.96087715926
932,1.5095,284990.0,523.41,0.31525,1,0.11458,0.11458,0,0,705.1767997656742,350060.470801041
933,1.5093,285060.0,523.41,0.31533,1,0.1147,0.1147,0,0,705.1653978403787,350052.9181195682
934,1.5092,285110.0,523.41,0.31539,1,0.11482,0.11482,0,0,705.1572547781309,350048.514052045
935,1.5091,285160.0,523.42,0.31544,1,0.11495,0.11495,0,0,705.1878058842672,350065.0118131413
936,1.509,285210.0,523.42,0.3155,1,0.11507,0.11507,0,0,705.1796649567077,350060.60833977134
937,1.5089,285260.0,523.42,0.31556,1,0.11519,0.11519,0,0,705.1715250030284,350056.2051300816
938,1.5088,285310.0,523.42,0.31561,1,0.11531,0.11531,0,0,705.163386022838,350051.8021840529
939,1.5088,285320.0,523.42,0.31562,1,0.11544,0.11544,0,0,705.1617583435841,350051.3834864686
940,1.5088,285310.0,523.42,0.31561,1,0.11556,0.11556,0,0,705.163386022838,350051.8021840529
941,1.5088,285310.0,523.42,0.3156,1,0.11568,0.11568,0,0,705.163386022838,350051.8021840529
942,1.5088,285300.0,523.42,0.31559,1,0.11581,0.11581,0,0,705.1650137410157,350052.2208781632
943,1.5088,285290.0,523.42,0.31558,1,0.11593,0.11593,0,0,705.1666414981207,350052.63956879964
944,1.5088,285280.0,523.42,0.31557,1,0.11605,0.11605,0,0,705.1682692941555,350053.0582559622
945,1.5088,285270.0,523.42,0.31556,1,0.11618,0.11618,0,0,705.1698971291233,350053.4769396511
946,1.5088,285260.0,523.42,0.31555,1,0.1163,0.1163,0,0,705.1715250030284,350053.89561986626
947,1.5088,285250.0,523.43,0.31554,1,0.11642,0.11642,0,0,705.2118460459357,350075.2160341908
948,1.5088,285240.0,523.43,0.31553,1,0.11654,0.11654,0,0,705.2134739605633,350075.63467691035
949,1.5088,285230.0,523.43,0.31552,1,0.11667,0.11667,0,0,705.2151019141382,350076.05331615737
950,1.5089,285230.0,523.43,0.31552,1,0.11679,0.11679,0,0,705.2151019141382,350078.36297160207
951,1.5089,285230.0,523.43,0.31552,1,0.11691,0.11691,0,0,705.2151019141382,350078.36297160207
952,1.5089,285230.0,523.43,0.31552,1,0.11704,0.11704,0,0,705.2151019141382,350078.36297160207
953,1.5089,285230.0,523.43,0.31552,1,0.11716,0.11716,0,0,705.2151019141382,350078.36297160207
954,1.5089,285220.0,523.43,0.31551,1,0.11728,0.11728,0,0,705.216729906663,350078.78162711754
955,1.5089,285220.0,523.43,0.31551,1,0.1174,0.1174,0,0,705.216729906663,350078.78162711754
956,1.5088,285240.0,523.42,0.31553,1,0.11753,0.11753,0,0,705.1747808676593,350054.7329698762
957,1.5088,285250.0,523.42,0.31554,1,0.11765,0.11765,0,0,705.1731529158727,350054.314296608
958,1.5088,285260.0,523.42,0.31556,1,0.11777,0.11777,0,0,705.1715250030284,350053.89561986626
959,1.5088,285280.0,523.42,0.31557,1,0.1179,0.1179,0,0,705.1682692941555,350053.0582559622
960,1.5087,285290.0,523.42,0.31559,1,0.11802,0.11802,0,0,705.1666414981207,350050.33027087495
961,1.5087,285310.0,523.42,0.3156,1,0.11814,0.11814,0,0,705.163386022838,350049.4929256132
962,1.5087,285330.0,523.42,0.31563,1,0.11827,0.11827,0,0,705.1601307032507,350048.6555664561
963,1.5086,285350.0,523.42,0.31565,1,0.11839,0.11839,0,0,705.1568755393342,350045.50916698744
964,1.5086,285370.0,523.42,0.31567,1,0.11851,0.11851,0,0,705.1536205310623,350044.6718195219
965,1.5085,285390.0,523.42,0.3157,1,0.11863,0.11863,0,0,705.1503656784116,350041.5256637595
966,1.5085,285410.0,523.42,0.31572,1,0.11876,0.11876,0,0,705.1471109813556,350040.6883279822
967,1.5084,285430.0,523.42,0.31574,1,0.11888,0.11888,0,0,705.14385643987,350037.54241591506
968,1.5084,285450.0,523.43,0.31576,1,0.119,0.119,0,0,705.1792959273616,350057.6070964518
969,1.5084,285470.0,523.43,0.31578,1,0.11913,0.11913,0,0,705.1760417712976,350056.7698195773
970,1.5083,285490.0,523.43,0.3158,1,0.11925,0.11925,0,0,705.1727877707326,350053.6241518829
971,1.5083,285500.0,523.43,0.31582,1,0.11937,0.11937,0,0,705.1711608287544,350053.2055210249
972,1.5082,285520.0,523.43,0.31584,1,0.11949,0.11949,0,0,705.1679070613903,350050.0600842141
973,1.5082,285530.0,523.43,0.31585,1,0.11962,0.11962,0,0,705.1662802359986,350049.64146267105
974,1.5082,285540.0,523.43,0.31586,1,0.11974,0.11974,0,0,705.1646534494622,350049.2228376537
975,1.5082,285550.0,523.43,0.31588,1,0.11986,0.11986,0,0,705.163026701779,350048.80420916213
976,1.5082,285560.0,523.43,0.31589,1,0.11999,0.11999,0,0,705.1613999929455,350048.3855771962
977,1.5082,285570.0,523.43,0.3159,1,0.12011,0.12011,0,0,705.1597733229584,350047.96694175573
978,1.5081,285580.0,523.43,0.31591,1,0.12023,0.12023,0,0,705.1581466918145,350045.2404096236
979,1.5081,285590.0,523.43,0.31591,1,0.12036,0.12036,0,0,705.1565200995109,350044.82178697106
980,1.5081,285590.0,523.43,0.31592,1,0.12048,0.12048,0,0,705.1565200995109,350044.82178697106
981,1.5081,285600.0,523.43,0.31593,1,0.1206,0.1206,0,0,705.1548935460444,350044.40316084394
982,1.5081,285600.0,523.43,0.31593,1,0.12072,0.12072,0,0,705.1548935460444,350044.40316084394
983,1.5081,285610.0,523.43,0.31594,1,0.12085,0.12085,0,0,705.1532670314122,350043.9845312423
984,1.5081,285610.0,523.43,0.31594,1,0.12097,0.12097,0,0,705.1532670314122,350043.9845312423
985,1.5081,285610.0,523.43,0.31594,1,0.12109,0.12109,0,0,705.1532670314122,350043.9845312423
986,1.5081,285610.0,523.43,0.31593,1,0.12122,0.12122,0,0,705.1532670314122,350043.9845312423
987,1.5081,285600.0,523.43,0.31593,1,0.12134,0.12134,0,0,705.1548935460444,350044.40316084394
988,1.5081,285600.0,523.43,0.31593,1,0.12146,0.12146,0,0,705.1548935460444,350044.40316084394
989,1.5081,285600.0,523.43,0.31593,1,0.12158,0.12158,0,0,705.1548935460444,350044.40316084394
990,1.5081,285600.0,523.43,0.31593,1,0.12171,0.12171,0,0,705.1548935460444,350044.40316084394
991,1.5081,285600.0,523.43,0.31593,1,0.12183,0.12183,0,0,705.1548935460444,350044.40316084394
992,1.5081,285600.0,523.43,0.31592,1,0.12195,0.12195,0,0,705.1548935460444,350044.40316084394
993,1.5081,285590.0,523.43,0.31592,1,0.12208,0.12208,0,0,705.1565200995109,350044.82178697106
994,1.5081,285590.0,523.43,0.31592,1,0.1222,0.1222,0,0,705.1565200995109,350044.82178697106
995,1.5081,285590.0,523.43,0.31592,1,0.12232,0.12232,0,0,705.1565200995109,350044.82178697106
996,1.5081,285590.0,523.43,0.31592,1,0.12245,0.12245,0,0,705.1565200995109,350044.82178697106
997,1.5081,285590.0,523.43,0.31592,1,0.12257,0.12257,0,0,705.1565200995109,350044.82178697106
998,1.5081,285590.0,523.43,0.31592,1,0.12269,0.12269,0,0,705.1565200995109,350044.82178697106
999,1.5081,285590.0,523.43,0.31592,1,0.12281,0.12281,0,0,705.1565200995109,350044.82178697106
1000,1.5081,285590.0,523.43,0.31592,1,0.12294,0.12294,0,0,705.1565200995109,350044.82178697106
