"Mach","Pressure","Temperature","p","vtkValidPointMask","arc_length","Points:0","Points:1","Points:2"
0.17801,8.9528e+05,541.88,0.99036,1,0,0,0,0
0.17801,8.9528e+05,541.88,0.99036,1,0.00012294,0.00012294,0,0
0.17802,8.9528e+05,541.88,0.99035,1,0.00024587,0.00024587,0,0
0.17802,8.9528e+05,541.88,0.99035,1,0.00036881,0.00036881,0,0
0.17802,8.9528e+05,541.88,0.99035,1,0.00049175,0.00049175,0,0
0.17803,8.9528e+05,541.88,0.99035,1,0.00061469,0.00061469,0,0
0.17803,8.9527e+05,541.88,0.99035,1,0.00073762,0.00073762,0,0
0.17804,8.9527e+05,541.88,0.99035,1,0.00086056,0.00086056,0,0
0.17805,8.9527e+05,541.88,0.99035,1,0.0009835,0.0009835,0,0
0.17806,8.9527e+05,541.88,0.99034,1,0.0011064,0.0011064,0,0
0.17808,8.9527e+05,541.88,0.99034,1,0.0012294,0.0012294,0,0
0.17809,8.9527e+05,541.88,0.99034,1,0.0013523,0.0013523,0,0
0.1781,8.9527e+05,541.88,0.99034,1,0.0014752,0.0014752,0,0
0.17813,8.9527e+05,541.88,0.99034,1,0.0015982,0.0015982,0,0
0.17815,8.9526e+05,541.88,0.99034,1,0.0017211,0.0017211,0,0
0.17817,8.9526e+05,541.88,0.99033,1,0.0018441,0.0018441,0,0
0.17819,8.9526e+05,541.88,0.99033,1,0.001967,0.001967,0,0
0.17821,8.9526e+05,541.88,0.99033,1,0.0020899,0.0020899,0,0
0.17824,8.9525e+05,541.88,0.99032,1,0.0022129,0.0022129,0,0
0.17827,8.9525e+05,541.88,0.99032,1,0.0023358,0.0023358,0,0
0.1783,8.9525e+05,541.88,0.99032,1,0.0024587,0.0024587,0,0
0.17833,8.9525e+05,541.88,0.99032,1,0.0025817,0.0025817,0,0
0.17836,8.9524e+05,541.88,0.99031,1,0.0027046,0.0027046,0,0
0.17839,8.9524e+05,541.88,0.99031,1,0.0028276,0.0028276,0,0
0.17843,8.9524e+05,541.88,0.9903,1,0.0029505,0.0029505,0,0
0.17847,8.9523e+05,541.88,0.9903,1,0.0030734,0.0030734,0,0
0.1785,8.9523e+05,541.88,0.9903,1,0.0031964,0.0031964,0,0
0.17854,8.9522e+05,541.88,0.99029,1,0.0033193,0.0033193,0,0
0.17858,8.9522e+05,541.88,0.99029,1,0.0034422,0.0034422,0,0
0.17862,8.9522e+05,541.88,0.99028,1,0.0035652,0.0035652,0,0
0.17867,8.9521e+05,541.88,0.99028,1,0.0036881,0.0036881,0,0
0.17871,8.9521e+05,541.88,0.99027,1,0.003811,0.003811,0,0
0.17876,8.952e+05,541.88,0.99027,1,0.003934,0.003934,0,0
0.17881,8.952e+05,541.88,0.99026,1,0.0040569,0.0040569,0,0
0.17885,8.9519e+05,541.88,0.99026,1,0.0041799,0.0041799,0,0
0.1789,8.9519e+05,541.88,0.99025,1,0.0043028,0.0043028,0,0
0.17896,8.9518e+05,541.88,0.99025,1,0.0044257,0.0044257,0,0
0.17901,8.9518e+05,541.88,0.99024,1,0.0045487,0.0045487,0,0
0.17907,8.9517e+05,541.87,0.99024,1,0.0046716,0.0046716,0,0
0.17912,8.9517e+05,541.87,0.99023,1,0.0047945,0.0047945,0,0
0.17918,8.9516e+05,541.87,0.99022,1,0.0049175,0.0049175,0,0
0.17924,8.9516e+05,541.87,0.99022,1,0.0050404,0.0050404,0,0
0.1793,8.9515e+05,541.87,0.99021,1,0.0051634,0.0051634,0,0
0.17937,8.9514e+05,541.87,0.9902,1,0.0052863,0.0052863,0,0
0.17943,8.9514e+05,541.87,0.99019,1,0.0054092,0.0054092,0,0
0.17949,8.9513e+05,541.87,0.99019,1,0.0055322,0.0055322,0,0
0.17956,8.9512e+05,541.87,0.99018,1,0.0056551,0.0056551,0,0
0.17963,8.9512e+05,541.87,0.99017,1,0.005778,0.005778,0,0
0.17971,8.9511e+05,541.87,0.99016,1,0.005901,0.005901,0,0
0.17978,8.951e+05,541.87,0.99016,1,0.0060239,0.0060239,0,0
0.17985,8.9509e+05,541.87,0.99015,1,0.0061469,0.0061469,0,0
0.17992,8.9509e+05,541.87,0.99014,1,0.0062698,0.0062698,0,0
0.18,8.9508e+05,541.87,0.99013,1,0.0063927,0.0063927,0,0
0.18008,8.9507e+05,541.87,0.99012,1,0.0065157,0.0065157,0,0
0.18016,8.9506e+05,541.87,0.99012,1,0.0066386,0.0066386,0,0
0.18024,8.9506e+05,541.87,0.99011,1,0.0067615,0.0067615,0,0
0.18032,8.9505e+05,541.87,0.9901,1,0.0068845,0.0068845,0,0
0.18041,8.9504e+05,541.87,0.99009,1,0.0070074,0.0070074,0,0
0.1805,8.9503e+05,541.87,0.99008,1,0.0071303,0.0071303,0,0
0.18059,8.9502e+05,541.87,0.99007,1,0.0072533,0.0072533,0,0
0.18068,8.9501e+05,541.87,0.99006,1,0.0073762,0.0073762,0,0
0.18077,8.95e+05,541.87,0.99005,1,0.0074992,0.0074992,0,0
0.18086,8.9499e+05,541.87,0.99004,1,0.0076221,0.0076221,0,0
0.18095,8.9498e+05,541.87,0.99003,1,0.007745,0.007745,0,0
0.18105,8.9497e+05,541.87,0.99002,1,0.007868,0.007868,0,0
0.18115,8.9496e+05,541.87,0.99001,1,0.0079909,0.0079909,0,0
0.18125,8.9496e+05,541.87,0.98999,1,0.0081138,0.0081138,0,0
0.18135,8.9495e+05,541.87,0.98998,1,0.0082368,0.0082368,0,0
0.18144,8.9494e+05,541.87,0.98997,1,0.0083597,0.0083597,0,0
0.18155,8.9492e+05,541.87,0.98996,1,0.0084827,0.0084827,0,0
0.18166,8.9491e+05,541.87,0.98995,1,0.0086056,0.0086056,0,0
0.18177,8.949e+05,541.87,0.98994,1,0.0087285,0.0087285,0,0
0.18187,8.9489e+05,541.87,0.98992,1,0.0088515,0.0088515,0,0
0.18198,8.9488e+05,541.87,0.98991,1,0.0089744,0.0089744,0,0
0.18209,8.9487e+05,541.87,0.9899,1,0.0090973,0.0090973,0,0
0.18221,8.9486e+05,541.87,0.98989,1,0.0092203,0.0092203,0,0
0.18232,8.9485e+05,541.87,0.98988,1,0.0093432,0.0093432,0,0
0.18244,8.9484e+05,541.87,0.98986,1,0.0094661,0.0094661,0,0
0.18256,8.9482e+05,541.86,0.98985,1,0.0095891,0.0095891,0,0
0.18267,8.9481e+05,541.86,0.98984,1,0.009712,0.009712,0,0
0.1828,8.948e+05,541.86,0.98982,1,0.009835,0.009835,0,0
0.18292,8.9479e+05,541.86,0.98981,1,0.0099579,0.0099579,0,0
0.18305,8.9477e+05,541.86,0.98979,1,0.010081,0.010081,0,0
0.18318,8.9476e+05,541.86,0.98978,1,0.010204,0.010204,0,0
0.1833,8.9475e+05,541.86,0.98977,1,0.010327,0.010327,0,0
0.18343,8.9474e+05,541.86,0.98975,1,0.01045,0.01045,0,0
0.18356,8.9472e+05,541.86,0.98974,1,0.010573,0.010573,0,0
0.1837,8.9471e+05,541.86,0.98972,1,0.010696,0.010696,0,0
0.18383,8.9469e+05,541.86,0.98971,1,0.010818,0.010818,0,0
0.18397,8.9468e+05,541.86,0.98969,1,0.010941,0.010941,0,0
0.1841,8.9467e+05,541.86,0.98968,1,0.011064,0.011064,0,0
0.18424,8.9465e+05,541.86,0.98966,1,0.011187,0.011187,0,0
0.18439,8.9464e+05,541.86,0.98964,1,0.01131,0.01131,0,0
0.18453,8.9462e+05,541.86,0.98963,1,0.011433,0.011433,0,0
0.18468,8.9461e+05,541.86,0.98961,1,0.011556,0.011556,0,0
0.18482,8.9459e+05,541.86,0.9896,1,0.011679,0.011679,0,0
0.18497,8.9458e+05,541.86,0.98958,1,0.011802,0.011802,0,0
0.18512,8.9456e+05,541.86,0.98956,1,0.011925,0.011925,0,0
0.18527,8.9455e+05,541.86,0.98954,1,0.012048,0.012048,0,0
0.18543,8.9453e+05,541.86,0.98953,1,0.012171,0.012171,0,0
0.18558,8.9452e+05,541.86,0.98951,1,0.012294,0.012294,0,0
0.18574,8.945e+05,541.86,0.98949,1,0.012417,0.012417,0,0
0.18589,8.9448e+05,541.86,0.98947,1,0.01254,0.01254,0,0
0.18606,8.9447e+05,541.85,0.98945,1,0.012663,0.012663,0,0
0.18622,8.9445e+05,541.85,0.98944,1,0.012785,0.012785,0,0
0.18638,8.9443e+05,541.85,0.98942,1,0.012908,0.012908,0,0
0.18655,8.9442e+05,541.85,0.9894,1,0.013031,0.013031,0,0
0.18671,8.944e+05,541.85,0.98938,1,0.013154,0.013154,0,0
0.18688,8.9438e+05,541.85,0.98936,1,0.013277,0.013277,0,0
0.18705,8.9436e+05,541.85,0.98934,1,0.0134,0.0134,0,0
0.18722,8.9434e+05,541.85,0.98932,1,0.013523,0.013523,0,0
0.1874,8.9433e+05,541.85,0.9893,1,0.013646,0.013646,0,0
0.18757,8.9431e+05,541.85,0.98928,1,0.013769,0.013769,0,0
0.18774,8.9429e+05,541.85,0.98926,1,0.013892,0.013892,0,0
0.18792,8.9427e+05,541.85,0.98924,1,0.014015,0.014015,0,0
0.18811,8.9425e+05,541.85,0.98922,1,0.014138,0.014138,0,0
0.18829,8.9423e+05,541.85,0.9892,1,0.014261,0.014261,0,0
0.18847,8.9421e+05,541.85,0.98918,1,0.014384,0.014384,0,0
0.18866,8.942e+05,541.85,0.98915,1,0.014507,0.014507,0,0
0.18884,8.9418e+05,541.85,0.98913,1,0.01463,0.01463,0,0
0.18904,8.9416e+05,541.85,0.98911,1,0.014752,0.014752,0,0
0.18923,8.9414e+05,541.85,0.98909,1,0.014875,0.014875,0,0
0.18943,8.9411e+05,541.84,0.98906,1,0.014998,0.014998,0,0
0.18962,8.9409e+05,541.84,0.98904,1,0.015121,0.015121,0,0
0.18982,8.9407e+05,541.84,0.98902,1,0.015244,0.015244,0,0
0.19002,8.9405e+05,541.84,0.989,1,0.015367,0.015367,0,0
0.19023,8.9403e+05,541.84,0.98897,1,0.01549,0.01549,0,0
0.19043,8.9401e+05,541.84,0.98895,1,0.015613,0.015613,0,0
0.19064,8.9399e+05,541.84,0.98892,1,0.015736,0.015736,0,0
0.19085,8.9397e+05,541.84,0.9889,1,0.015859,0.015859,0,0
0.19105,8.9394e+05,541.84,0.98888,1,0.015982,0.015982,0,0
0.19127,8.9392e+05,541.84,0.98885,1,0.016105,0.016105,0,0
0.19148,8.939e+05,541.84,0.98882,1,0.016228,0.016228,0,0
0.1917,8.9387e+05,541.84,0.9888,1,0.016351,0.016351,0,0
0.19192,8.9385e+05,541.84,0.98877,1,0.016474,0.016474,0,0
0.19214,8.9383e+05,541.84,0.98875,1,0.016596,0.016596,0,0
0.19236,8.938e+05,541.84,0.98872,1,0.016719,0.016719,0,0
0.19258,8.9378e+05,541.83,0.98869,1,0.016842,0.016842,0,0
0.19281,8.9376e+05,541.83,0.98867,1,0.016965,0.016965,0,0
0.19304,8.9373e+05,541.83,0.98864,1,0.017088,0.017088,0,0
0.19327,8.9371e+05,541.83,0.98861,1,0.017211,0.017211,0,0
0.1935,8.9368e+05,541.83,0.98859,1,0.017334,0.017334,0,0
0.19373,8.9366e+05,541.83,0.98856,1,0.017457,0.017457,0,0
0.19397,8.9363e+05,541.83,0.98853,1,0.01758,0.01758,0,0
0.19421,8.936e+05,541.83,0.9885,1,0.017703,0.017703,0,0
0.19445,8.9358e+05,541.83,0.98847,1,0.017826,0.017826,0,0
0.19469,8.9355e+05,541.83,0.98844,1,0.017949,0.017949,0,0
0.19493,8.9353e+05,541.83,0.98841,1,0.018072,0.018072,0,0
0.19518,8.935e+05,541.83,0.98839,1,0.018195,0.018195,0,0
0.19543,8.9347e+05,541.83,0.98835,1,0.018318,0.018318,0,0
0.19568,8.9345e+05,541.83,0.98832,1,0.018441,0.018441,0,0
0.19593,8.9342e+05,541.82,0.98829,1,0.018563,0.018563,0,0
0.19618,8.9339e+05,541.82,0.98826,1,0.018686,0.018686,0,0
0.19643,8.9336e+05,541.82,0.98823,1,0.018809,0.018809,0,0
0.1967,8.9333e+05,541.82,0.9882,1,0.018932,0.018932,0,0
0.19696,8.9331e+05,541.82,0.98817,1,0.019055,0.019055,0,0
0.19723,8.9328e+05,541.82,0.98814,1,0.019178,0.019178,0,0
0.19749,8.9325e+05,541.82,0.98811,1,0.019301,0.019301,0,0
0.19776,8.9322e+05,541.82,0.98807,1,0.019424,0.019424,0,0
0.19802,8.9319e+05,541.82,0.98804,1,0.019547,0.019547,0,0
0.1983,8.9316e+05,541.82,0.98801,1,0.01967,0.01967,0,0
0.19857,8.9313e+05,541.82,0.98797,1,0.019793,0.019793,0,0
0.19885,8.931e+05,541.82,0.98794,1,0.019916,0.019916,0,0
0.19913,8.9307e+05,541.81,0.98791,1,0.020039,0.020039,0,0
0.1994,8.9304e+05,541.81,0.98787,1,0.020162,0.020162,0,0
0.19969,8.93e+05,541.81,0.98784,1,0.020285,0.020285,0,0
0.19997,8.9297e+05,541.81,0.9878,1,0.020408,0.020408,0,0
0.20026,8.9294e+05,541.81,0.98777,1,0.02053,0.02053,0,0
0.20055,8.9291e+05,541.81,0.98773,1,0.020653,0.020653,0,0
0.20084,8.9288e+05,541.81,0.98769,1,0.020776,0.020776,0,0
0.20113,8.9284e+05,541.81,0.98766,1,0.020899,0.020899,0,0
0.20143,8.9281e+05,541.81,0.98762,1,0.021022,0.021022,0,0
0.20173,8.9278e+05,541.81,0.98758,1,0.021145,0.021145,0,0
0.20204,8.9274e+05,541.8,0.98755,1,0.021268,0.021268,0,0
0.20234,8.9271e+05,541.8,0.98751,1,0.021391,0.021391,0,0
0.20264,8.9267e+05,541.8,0.98747,1,0.021514,0.021514,0,0
0.20295,8.9264e+05,541.8,0.98743,1,0.021637,0.021637,0,0
0.20326,8.926e+05,541.8,0.98739,1,0.02176,0.02176,0,0
0.20358,8.9257e+05,541.8,0.98735,1,0.021883,0.021883,0,0
0.20389,8.9253e+05,541.8,0.98731,1,0.022006,0.022006,0,0
0.20421,8.925e+05,541.8,0.98727,1,0.022129,0.022129,0,0
0.20453,8.9246e+05,541.8,0.98723,1,0.022252,0.022252,0,0
0.20485,8.9242e+05,541.8,0.98719,1,0.022375,0.022375,0,0
0.20518,8.9238e+05,541.79,0.98715,1,0.022497,0.022497,0,0
0.20551,8.9235e+05,541.79,0.98711,1,0.02262,0.02262,0,0
0.20584,8.9231e+05,541.79,0.98707,1,0.022743,0.022743,0,0
0.20617,8.9227e+05,541.79,0.98703,1,0.022866,0.022866,0,0
0.2065,8.9223e+05,541.79,0.98698,1,0.022989,0.022989,0,0
0.20684,8.9219e+05,541.79,0.98694,1,0.023112,0.023112,0,0
0.20718,8.9215e+05,541.79,0.9869,1,0.023235,0.023235,0,0
0.20753,8.9211e+05,541.79,0.98685,1,0.023358,0.023358,0,0
0.20787,8.9208e+05,541.79,0.98681,1,0.023481,0.023481,0,0
0.20821,8.9204e+05,541.78,0.98676,1,0.023604,0.023604,0,0
0.20856,8.9199e+05,541.78,0.98672,1,0.023727,0.023727,0,0
0.20892,8.9195e+05,541.78,0.98667,1,0.02385,0.02385,0,0
0.20928,8.9191e+05,541.78,0.98663,1,0.023973,0.023973,0,0
0.20963,8.9187e+05,541.78,0.98658,1,0.024096,0.024096,0,0
0.20999,8.9183e+05,541.78,0.98653,1,0.024219,0.024219,0,0
0.21035,8.9179e+05,541.78,0.98649,1,0.024342,0.024342,0,0
0.21072,8.9174e+05,541.78,0.98644,1,0.024464,0.024464,0,0
0.21109,8.917e+05,541.77,0.98639,1,0.024587,0.024587,0,0
0.21147,8.9165e+05,541.77,0.98634,1,0.02471,0.02471,0,0
0.21184,8.9161e+05,541.77,0.98629,1,0.024833,0.024833,0,0
0.21222,8.9157e+05,541.77,0.98625,1,0.024956,0.024956,0,0
0.21259,8.9152e+05,541.77,0.9862,1,0.025079,0.025079,0,0
0.21298,8.9148e+05,541.77,0.98615,1,0.025202,0.025202,0,0
0.21337,8.9143e+05,541.77,0.98609,1,0.025325,0.025325,0,0
0.21376,8.9138e+05,541.77,0.98604,1,0.025448,0.025448,0,0
0.21415,8.9134e+05,541.76,0.98599,1,0.025571,0.025571,0,0
0.21453,8.9129e+05,541.76,0.98594,1,0.025694,0.025694,0,0
0.21493,8.9124e+05,541.76,0.98589,1,0.025817,0.025817,0,0
0.21533,8.9119e+05,541.76,0.98583,1,0.02594,0.02594,0,0
0.21574,8.9114e+05,541.76,0.98578,1,0.026063,0.026063,0,0
0.21614,8.911e+05,541.76,0.98573,1,0.026186,0.026186,0,0
0.21655,8.9105e+05,541.76,0.98567,1,0.026309,0.026309,0,0
0.21695,8.91e+05,541.75,0.98562,1,0.026431,0.026431,0,0
0.21737,8.9095e+05,541.75,0.98556,1,0.026554,0.026554,0,0
0.21779,8.909e+05,541.75,0.9855,1,0.026677,0.026677,0,0
0.21821,8.9084e+05,541.75,0.98545,1,0.0268,0.0268,0,0
0.21863,8.9079e+05,541.75,0.98539,1,0.026923,0.026923,0,0
0.21905,8.9074e+05,541.75,0.98533,1,0.027046,0.027046,0,0
0.21947,8.9069e+05,541.75,0.98528,1,0.027169,0.027169,0,0
0.21991,8.9064e+05,541.74,0.98522,1,0.027292,0.027292,0,0
0.22035,8.9058e+05,541.74,0.98516,1,0.027415,0.027415,0,0
0.22079,8.9053e+05,541.74,0.9851,1,0.027538,0.027538,0,0
0.22122,8.9047e+05,541.74,0.98504,1,0.027661,0.027661,0,0
0.22166,8.9042e+05,541.74,0.98498,1,0.027784,0.027784,0,0
0.2221,8.9036e+05,541.74,0.98492,1,0.027907,0.027907,0,0
0.22256,8.9031e+05,541.73,0.98485,1,0.02803,0.02803,0,0
0.22302,8.9025e+05,541.73,0.98479,1,0.028153,0.028153,0,0
0.22347,8.9019e+05,541.73,0.98473,1,0.028276,0.028276,0,0
0.22393,8.9014e+05,541.73,0.98466,1,0.028398,0.028398,0,0
0.22438,8.9008e+05,541.73,0.9846,1,0.028521,0.028521,0,0
0.22485,8.9002e+05,541.73,0.98454,1,0.028644,0.028644,0,0
0.22532,8.8996e+05,541.72,0.98447,1,0.028767,0.028767,0,0
0.22579,8.899e+05,541.72,0.9844,1,0.02889,0.02889,0,0
0.22627,8.8984e+05,541.72,0.98434,1,0.029013,0.029013,0,0
0.22674,8.8978e+05,541.72,0.98427,1,0.029136,0.029136,0,0
0.22721,8.8972e+05,541.72,0.9842,1,0.029259,0.029259,0,0
0.2277,8.8966e+05,541.72,0.98414,1,0.029382,0.029382,0,0
0.22819,8.8959e+05,541.71,0.98407,1,0.029505,0.029505,0,0
0.22868,8.8953e+05,541.71,0.984,1,0.029628,0.029628,0,0
0.22917,8.8947e+05,541.71,0.98393,1,0.029751,0.029751,0,0
0.22966,8.8941e+05,541.71,0.98386,1,0.029874,0.029874,0,0
0.23016,8.8934e+05,541.71,0.98378,1,0.029997,0.029997,0,0
0.23067,8.8927e+05,541.71,0.98371,1,0.03012,0.03012,0,0
0.23118,8.8921e+05,541.7,0.98364,1,0.030243,0.030243,0,0
0.23169,8.8914e+05,541.7,0.98356,1,0.030365,0.030365,0,0
0.2322,8.8908e+05,541.7,0.98349,1,0.030488,0.030488,0,0
0.23272,8.8901e+05,541.7,0.98342,1,0.030611,0.030611,0,0
0.23324,8.8894e+05,541.7,0.98334,1,0.030734,0.030734,0,0
0.23377,8.8887e+05,541.69,0.98327,1,0.030857,0.030857,0,0
0.2343,8.888e+05,541.69,0.98319,1,0.03098,0.03098,0,0
0.23483,8.8873e+05,541.69,0.98311,1,0.031103,0.031103,0,0
0.23536,8.8866e+05,541.69,0.98304,1,0.031226,0.031226,0,0
0.23589,8.8859e+05,541.69,0.98296,1,0.031349,0.031349,0,0
0.23644,8.8852e+05,541.68,0.98288,1,0.031472,0.031472,0,0
0.23698,8.8845e+05,541.68,0.9828,1,0.031595,0.031595,0,0
0.23753,8.8837e+05,541.68,0.98271,1,0.031718,0.031718,0,0
0.23808,8.883e+05,541.68,0.98263,1,0.031841,0.031841,0,0
0.23863,8.8823e+05,541.68,0.98255,1,0.031964,0.031964,0,0
0.23919,8.8815e+05,541.67,0.98247,1,0.032087,0.032087,0,0
0.23976,8.8807e+05,541.67,0.98238,1,0.032209,0.032209,0,0
0.24033,8.88e+05,541.67,0.9823,1,0.032332,0.032332,0,0
0.2409,8.8792e+05,541.67,0.98221,1,0.032455,0.032455,0,0
0.24147,8.8784e+05,541.66,0.98213,1,0.032578,0.032578,0,0
0.24204,8.8777e+05,541.66,0.98204,1,0.032701,0.032701,0,0
0.24262,8.8769e+05,541.66,0.98196,1,0.032824,0.032824,0,0
0.24321,8.8761e+05,541.66,0.98187,1,0.032947,0.032947,0,0
0.2438,8.8753e+05,541.66,0.98178,1,0.03307,0.03307,0,0
0.2444,8.8745e+05,541.65,0.98169,1,0.033193,0.033193,0,0
0.24499,8.8736e+05,541.65,0.9816,1,0.033316,0.033316,0,0
0.24558,8.8728e+05,541.65,0.98151,1,0.033439,0.033439,0,0
0.24619,8.872e+05,541.65,0.98141,1,0.033562,0.033562,0,0
0.24681,8.8711e+05,541.64,0.98132,1,0.033685,0.033685,0,0
0.24742,8.8703e+05,541.64,0.98122,1,0.033808,0.033808,0,0
0.24804,8.8694e+05,541.64,0.98113,1,0.033931,0.033931,0,0
0.24865,8.8685e+05,541.64,0.98103,1,0.034054,0.034054,0,0
0.24928,8.8677e+05,541.63,0.98094,1,0.034176,0.034176,0,0
0.24991,8.8668e+05,541.63,0.98084,1,0.034299,0.034299,0,0
0.25055,8.8659e+05,541.63,0.98074,1,0.034422,0.034422,0,0
0.25118,8.865e+05,541.63,0.98064,1,0.034545,0.034545,0,0
0.25182,8.8641e+05,541.62,0.98054,1,0.034668,0.034668,0,0
0.25245,8.8632e+05,541.62,0.98044,1,0.034791,0.034791,0,0
0.2531,8.8622e+05,541.62,0.98034,1,0.034914,0.034914,0,0
0.25376,8.8613e+05,541.62,0.98023,1,0.035037,0.035037,0,0
0.25442,8.8603e+05,541.61,0.98013,1,0.03516,0.03516,0,0
0.25508,8.8594e+05,541.61,0.98002,1,0.035283,0.035283,0,0
0.25573,8.8585e+05,541.61,0.97992,1,0.035406,0.035406,0,0
0.25639,8.8575e+05,541.6,0.97981,1,0.035529,0.035529,0,0
0.25707,8.8565e+05,541.6,0.9797,1,0.035652,0.035652,0,0
0.25776,8.8555e+05,541.6,0.97959,1,0.035775,0.035775,0,0
0.25844,8.8545e+05,541.6,0.97948,1,0.035898,0.035898,0,0
0.25912,8.8535e+05,541.59,0.97937,1,0.036021,0.036021,0,0
0.25981,8.8525e+05,541.59,0.97926,1,0.036143,0.036143,0,0
0.2605,8.8515e+05,541.59,0.97915,1,0.036266,0.036266,0,0
0.26121,8.8505e+05,541.58,0.97903,1,0.036389,0.036389,0,0
0.26192,8.8494e+05,541.58,0.97892,1,0.036512,0.036512,0,0
0.26263,8.8484e+05,541.58,0.9788,1,0.036635,0.036635,0,0
0.26333,8.8473e+05,541.58,0.97869,1,0.036758,0.036758,0,0
0.26404,8.8463e+05,541.57,0.97857,1,0.036881,0.036881,0,0
0.26477,8.8452e+05,541.57,0.97845,1,0.037004,0.037004,0,0
0.26551,8.8441e+05,541.57,0.97833,1,0.037127,0.037127,0,0
0.26624,8.843e+05,541.56,0.97821,1,0.03725,0.03725,0,0
0.26698,8.8419e+05,541.56,0.97808,1,0.037373,0.037373,0,0
0.26771,8.8408e+05,541.56,0.97796,1,0.037496,0.037496,0,0
0.26845,8.8396e+05,541.55,0.97784,1,0.037619,0.037619,0,0
0.26921,8.8385e+05,541.55,0.97771,1,0.037742,0.037742,0,0
0.26997,8.8373e+05,541.55,0.97758,1,0.037865,0.037865,0,0
0.27073,8.8361e+05,541.54,0.97745,1,0.037988,0.037988,0,0
0.27149,8.835e+05,541.54,0.97732,1,0.03811,0.03811,0,0
0.27224,8.8338e+05,541.54,0.97719,1,0.038233,0.038233,0,0
0.27301,8.8326e+05,541.53,0.97706,1,0.038356,0.038356,0,0
0.27379,8.8314e+05,541.53,0.97692,1,0.038479,0.038479,0,0
0.27458,8.8302e+05,541.53,0.97679,1,0.038602,0.038602,0,0
0.27536,8.8289e+05,541.52,0.97665,1,0.038725,0.038725,0,0
0.27614,8.8277e+05,541.52,0.97652,1,0.038848,0.038848,0,0
0.27693,8.8265e+05,541.52,0.97638,1,0.038971,0.038971,0,0
0.27773,8.8252e+05,541.51,0.97624,1,0.039094,0.039094,0,0
0.27854,8.8239e+05,541.51,0.9761,1,0.039217,0.039217,0,0
0.27935,8.8226e+05,541.5,0.97596,1,0.03934,0.03934,0,0
0.28016,8.8214e+05,541.5,0.97581,1,0.039463,0.039463,0,0
0.28097,8.8201e+05,541.5,0.97567,1,0.039586,0.039586,0,0
0.28178,8.8188e+05,541.49,0.97553,1,0.039709,0.039709,0,0
0.28262,8.8174e+05,541.49,0.97538,1,0.039832,0.039832,0,0
0.28346,8.8161e+05,541.49,0.97523,1,0.039955,0.039955,0,0
0.28429,8.8147e+05,541.48,0.97508,1,0.040077,0.040077,0,0
0.28513,8.8134e+05,541.48,0.97493,1,0.0402,0.0402,0,0
0.28597,8.812e+05,541.47,0.97478,1,0.040323,0.040323,0,0
0.28682,8.8106e+05,541.47,0.97463,1,0.040446,0.040446,0,0
0.28769,8.8092e+05,541.47,0.97447,1,0.040569,0.040569,0,0
0.28855,8.8078e+05,541.46,0.97431,1,0.040692,0.040692,0,0
0.28942,8.8063e+05,541.46,0.97415,1,0.040815,0.040815,0,0
0.29029,8.8049e+05,541.45,0.97399,1,0.040938,0.040938,0,0
0.29116,8.8035e+05,541.45,0.97384,1,0.041061,0.041061,0,0
0.29205,8.802e+05,541.45,0.97367,1,0.041184,0.041184,0,0
0.29294,8.8005e+05,541.44,0.97351,1,0.041307,0.041307,0,0
0.29384,8.799e+05,541.44,0.97334,1,0.04143,0.04143,0,0
0.29473,8.7975e+05,541.43,0.97318,1,0.041553,0.041553,0,0
0.29563,8.796e+05,541.43,0.97301,1,0.041676,0.041676,0,0
0.29652,8.7945e+05,541.42,0.97284,1,0.041799,0.041799,0,0
0.29745,8.7929e+05,541.42,0.97267,1,0.041922,0.041922,0,0
0.29837,8.7913e+05,541.42,0.97249,1,0.042044,0.042044,0,0
0.2993,8.7897e+05,541.41,0.97232,1,0.042167,0.042167,0,0
0.30022,8.7882e+05,541.41,0.97214,1,0.04229,0.04229,0,0
0.30115,8.7866e+05,541.4,0.97197,1,0.042413,0.042413,0,0
0.30208,8.785e+05,541.4,0.97179,1,0.042536,0.042536,0,0
0.30303,8.7833e+05,541.39,0.9716,1,0.042659,0.042659,0,0
0.30399,8.7816e+05,541.39,0.97142,1,0.042782,0.042782,0,0
0.30494,8.78e+05,541.38,0.97124,1,0.042905,0.042905,0,0
0.30589,8.7783e+05,541.38,0.97105,1,0.043028,0.043028,0,0
0.30685,8.7766e+05,541.37,0.97087,1,0.043151,0.043151,0,0
0.30782,8.7749e+05,541.37,0.97068,1,0.043274,0.043274,0,0
0.3088,8.7732e+05,541.36,0.97048,1,0.043397,0.043397,0,0
0.30979,8.7714e+05,541.36,0.97029,1,0.04352,0.04352,0,0
0.31077,8.7697e+05,541.35,0.9701,1,0.043643,0.043643,0,0
0.31176,8.7679e+05,541.35,0.9699,1,0.043766,0.043766,0,0
0.31274,8.7662e+05,541.34,0.96971,1,0.043889,0.043889,0,0
0.31375,8.7643e+05,541.34,0.96951,1,0.044011,0.044011,0,0
0.31477,8.7625e+05,541.33,0.9693,1,0.044134,0.044134,0,0
0.31579,8.7607e+05,541.33,0.9691,1,0.044257,0.044257,0,0
0.3168,8.7588e+05,541.32,0.9689,1,0.04438,0.04438,0,0
0.31782,8.757e+05,541.32,0.96869,1,0.044503,0.044503,0,0
0.31884,8.7551e+05,541.31,0.96849,1,0.044626,0.044626,0,0
0.31989,8.7532e+05,541.31,0.96827,1,0.044749,0.044749,0,0
0.32094,8.7512e+05,541.3,0.96806,1,0.044872,0.044872,0,0
0.32198,8.7493e+05,541.3,0.96784,1,0.044995,0.044995,0,0
0.32303,8.7474e+05,541.29,0.96763,1,0.045118,0.045118,0,0
0.32407,8.7454e+05,541.28,0.96741,1,0.045241,0.045241,0,0
0.32514,8.7434e+05,541.28,0.96719,1,0.045364,0.045364,0,0
0.32622,8.7414e+05,541.27,0.96697,1,0.045487,0.045487,0,0
0.32729,8.7394e+05,541.27,0.96674,1,0.04561,0.04561,0,0
0.32837,8.7373e+05,541.26,0.96652,1,0.045733,0.045733,0,0
0.32945,8.7353e+05,541.26,0.96629,1,0.045855,0.045855,0,0
0.33052,8.7333e+05,541.25,0.96607,1,0.045978,0.045978,0,0
0.33163,8.7311e+05,541.24,0.96583,1,0.046101,0.046101,0,0
0.33274,8.729e+05,541.24,0.9656,1,0.046224,0.046224,0,0
0.33385,8.7269e+05,541.23,0.96536,1,0.046347,0.046347,0,0
0.33496,8.7247e+05,541.23,0.96512,1,0.04647,0.04647,0,0
0.33607,8.7226e+05,541.22,0.96489,1,0.046593,0.046593,0,0
0.33719,8.7204e+05,541.21,0.96465,1,0.046716,0.046716,0,0
0.33833,8.7182e+05,541.21,0.9644,1,0.046839,0.046839,0,0
0.33946,8.7159e+05,541.2,0.96415,1,0.046962,0.046962,0,0
0.3406,8.7137e+05,541.19,0.9639,1,0.047085,0.047085,0,0
0.34174,8.7114e+05,541.19,0.96365,1,0.047208,0.047208,0,0
0.34288,8.7092e+05,541.18,0.9634,1,0.047331,0.047331,0,0
0.34404,8.7069e+05,541.18,0.96315,1,0.047454,0.047454,0,0
0.34521,8.7045e+05,541.17,0.96289,1,0.047577,0.047577,0,0
0.34639,8.7022e+05,541.16,0.96263,1,0.0477,0.0477,0,0
0.34756,8.6998e+05,541.16,0.96237,1,0.047822,0.047822,0,0
0.34873,8.6974e+05,541.15,0.96211,1,0.047945,0.047945,0,0
0.3499,8.6951e+05,541.14,0.96185,1,0.048068,0.048068,0,0
0.3511,8.6926e+05,541.13,0.96157,1,0.048191,0.048191,0,0
0.35231,8.6901e+05,541.13,0.9613,1,0.048314,0.048314,0,0
0.35351,8.6877e+05,541.12,0.96102,1,0.048437,0.048437,0,0
0.35472,8.6852e+05,541.11,0.96075,1,0.04856,0.04856,0,0
0.35592,8.6827e+05,541.11,0.96048,1,0.048683,0.048683,0,0
0.35713,8.6802e+05,541.1,0.9602,1,0.048806,0.048806,0,0
0.35837,8.6776e+05,541.09,0.95991,1,0.048929,0.048929,0,0
0.3596,8.675e+05,541.08,0.95962,1,0.049052,0.049052,0,0
0.36084,8.6724e+05,541.08,0.95934,1,0.049175,0.049175,0,0
0.36207,8.6698e+05,541.07,0.95905,1,0.049298,0.049298,0,0
0.36331,8.6672e+05,541.06,0.95876,1,0.049421,0.049421,0,0
0.36456,8.6645e+05,541.06,0.95847,1,0.049544,0.049544,0,0
0.36582,8.6618e+05,541.05,0.95817,1,0.049667,0.049667,0,0
0.36709,8.6591e+05,541.04,0.95786,1,0.049789,0.049789,0,0
0.36835,8.6564e+05,541.03,0.95756,1,0.049912,0.049912,0,0
0.36962,8.6536e+05,541.02,0.95726,1,0.050035,0.050035,0,0
0.37088,8.6509e+05,541.02,0.95696,1,0.050158,0.050158,0,0
0.37218,8.6481e+05,541.01,0.95665,1,0.050281,0.050281,0,0
0.37348,8.6452e+05,541,0.95633,1,0.050404,0.050404,0,0
0.37478,8.6424e+05,540.99,0.95601,1,0.050527,0.050527,0,0
0.37609,8.6395e+05,540.98,0.9557,1,0.05065,0.05065,0,0
0.37739,8.6367e+05,540.98,0.95538,1,0.050773,0.050773,0,0
0.3787,8.6338e+05,540.97,0.95506,1,0.050896,0.050896,0,0
0.38003,8.6308e+05,540.96,0.95473,1,0.051019,0.051019,0,0
0.38136,8.6278e+05,540.95,0.9544,1,0.051142,0.051142,0,0
0.38269,8.6248e+05,540.94,0.95407,1,0.051265,0.051265,0,0
0.38402,8.6218e+05,540.93,0.95374,1,0.051388,0.051388,0,0
0.38535,8.6189e+05,540.93,0.95341,1,0.051511,0.051511,0,0
0.3867,8.6158e+05,540.92,0.95307,1,0.051634,0.051634,0,0
0.38807,8.6127e+05,540.91,0.95273,1,0.051756,0.051756,0,0
0.38943,8.6095e+05,540.9,0.95238,1,0.051879,0.051879,0,0
0.3908,8.6064e+05,540.89,0.95203,1,0.052002,0.052002,0,0
0.39216,8.6033e+05,540.88,0.95169,1,0.052125,0.052125,0,0
0.39353,8.6001e+05,540.87,0.95134,1,0.052248,0.052248,0,0
0.39492,8.5969e+05,540.86,0.95098,1,0.052371,0.052371,0,0
0.39632,8.5936e+05,540.85,0.95062,1,0.052494,0.052494,0,0
0.39772,8.5903e+05,540.85,0.95025,1,0.052617,0.052617,0,0
0.39911,8.587e+05,540.84,0.94989,1,0.05274,0.05274,0,0
0.40051,8.5837e+05,540.83,0.94953,1,0.052863,0.052863,0,0
0.40191,8.5804e+05,540.82,0.94916,1,0.052986,0.052986,0,0
0.40334,8.577e+05,540.81,0.94878,1,0.053109,0.053109,0,0
0.40477,8.5736e+05,540.8,0.9484,1,0.053232,0.053232,0,0
0.4062,8.5701e+05,540.79,0.94802,1,0.053355,0.053355,0,0
0.40762,8.5667e+05,540.78,0.94764,1,0.053478,0.053478,0,0
0.40905,8.5633e+05,540.77,0.94726,1,0.053601,0.053601,0,0
0.4105,8.5597e+05,540.76,0.94687,1,0.053723,0.053723,0,0
0.41196,8.5561e+05,540.75,0.94648,1,0.053846,0.053846,0,0
0.41342,8.5526e+05,540.74,0.94608,1,0.053969,0.053969,0,0
0.41488,8.549e+05,540.73,0.94568,1,0.054092,0.054092,0,0
0.41634,8.5454e+05,540.72,0.94528,1,0.054215,0.054215,0,0
0.4178,8.5418e+05,540.71,0.94489,1,0.054338,0.054338,0,0
0.41929,8.538e+05,540.7,0.94447,1,0.054461,0.054461,0,0
0.42078,8.5343e+05,540.69,0.94406,1,0.054584,0.054584,0,0
0.42227,8.5305e+05,540.68,0.94364,1,0.054707,0.054707,0,0
0.42376,8.5268e+05,540.67,0.94323,1,0.05483,0.05483,0,0
0.42526,8.523e+05,540.66,0.94281,1,0.054953,0.054953,0,0
0.42676,8.5192e+05,540.65,0.94239,1,0.055076,0.055076,0,0
0.42828,8.5153e+05,540.63,0.94196,1,0.055199,0.055199,0,0
0.42981,8.5114e+05,540.62,0.94153,1,0.055322,0.055322,0,0
0.43133,8.5075e+05,540.61,0.94109,1,0.055445,0.055445,0,0
0.43286,8.5036e+05,540.6,0.94066,1,0.055568,0.055568,0,0
0.43438,8.4996e+05,540.59,0.94023,1,0.05569,0.05569,0,0
0.43592,8.4956e+05,540.58,0.93978,1,0.055813,0.055813,0,0
0.43748,8.4915e+05,540.57,0.93933,1,0.055936,0.055936,0,0
0.43904,8.4874e+05,540.56,0.93887,1,0.056059,0.056059,0,0
0.4406,8.4833e+05,540.54,0.93842,1,0.056182,0.056182,0,0
0.44215,8.4792e+05,540.53,0.93797,1,0.056305,0.056305,0,0
0.44371,8.4751e+05,540.52,0.93751,1,0.056428,0.056428,0,0
0.4453,8.4708e+05,540.51,0.93704,1,0.056551,0.056551,0,0
0.44688,8.4665e+05,540.5,0.93657,1,0.056674,0.056674,0,0
0.44847,8.4623e+05,540.49,0.93609,1,0.056797,0.056797,0,0
0.45006,8.458e+05,540.47,0.93562,1,0.05692,0.05692,0,0
0.45165,8.4537e+05,540.46,0.93514,1,0.057043,0.057043,0,0
0.45325,8.4494e+05,540.45,0.93466,1,0.057166,0.057166,0,0
0.45487,8.4449e+05,540.44,0.93417,1,0.057289,0.057289,0,0
0.45649,8.4404e+05,540.42,0.93367,1,0.057412,0.057412,0,0
0.45811,8.4359e+05,540.41,0.93318,1,0.057535,0.057535,0,0
0.45974,8.4315e+05,540.4,0.93268,1,0.057657,0.057657,0,0
0.46136,8.427e+05,540.39,0.93219,1,0.05778,0.05778,0,0
0.463,8.4224e+05,540.37,0.93168,1,0.057903,0.057903,0,0
0.46465,8.4177e+05,540.36,0.93116,1,0.058026,0.058026,0,0
0.46631,8.413e+05,540.35,0.93065,1,0.058149,0.058149,0,0
0.46796,8.4084e+05,540.34,0.93013,1,0.058272,0.058272,0,0
0.46962,8.4037e+05,540.32,0.92961,1,0.058395,0.058395,0,0
0.47127,8.399e+05,540.31,0.92909,1,0.058518,0.058518,0,0
0.47295,8.3941e+05,540.3,0.92856,1,0.058641,0.058641,0,0
0.47464,8.3893e+05,540.28,0.92802,1,0.058764,0.058764,0,0
0.47633,8.3844e+05,540.27,0.92748,1,0.058887,0.058887,0,0
0.47802,8.3795e+05,540.25,0.92694,1,0.05901,0.05901,0,0
0.47971,8.3746e+05,540.24,0.9264,1,0.059133,0.059133,0,0
0.4814,8.3697e+05,540.23,0.92585,1,0.059256,0.059256,0,0
0.48312,8.3646e+05,540.21,0.92529,1,0.059379,0.059379,0,0
0.48484,8.3595e+05,540.2,0.92472,1,0.059502,0.059502,0,0
0.48656,8.3544e+05,540.18,0.92416,1,0.059624,0.059624,0,0
0.48828,8.3493e+05,540.17,0.92359,1,0.059747,0.059747,0,0
0.49,8.3442e+05,540.16,0.92303,1,0.05987,0.05987,0,0
0.49174,8.339e+05,540.14,0.92245,1,0.059993,0.059993,0,0
0.4935,8.3337e+05,540.13,0.92186,1,0.060116,0.060116,0,0
0.49525,8.3283e+05,540.11,0.92128,1,0.060239,0.060239,0,0
0.49701,8.323e+05,540.1,0.92069,1,0.060362,0.060362,0,0
0.49876,8.3177e+05,540.08,0.9201,1,0.060485,0.060485,0,0
0.50052,8.3124e+05,540.07,0.91951,1,0.060608,0.060608,0,0
0.5023,8.3069e+05,540.05,0.9189,1,0.060731,0.060731,0,0
0.50409,8.3013e+05,540.04,0.91829,1,0.060854,0.060854,0,0
0.50588,8.2958e+05,540.02,0.91767,1,0.060977,0.060977,0,0
0.50766,8.2902e+05,540.01,0.91706,1,0.0611,0.0611,0,0
0.50945,8.2847e+05,539.99,0.91645,1,0.061223,0.061223,0,0
0.51124,8.2791e+05,539.98,0.91583,1,0.061346,0.061346,0,0
0.51307,8.2733e+05,539.96,0.91519,1,0.061469,0.061469,0,0
0.51489,8.2675e+05,539.94,0.91455,1,0.061591,0.061591,0,0
0.51672,8.2617e+05,539.93,0.9139,1,0.061714,0.061714,0,0
0.51854,8.2559e+05,539.91,0.91326,1,0.061837,0.061837,0,0
0.52037,8.2501e+05,539.89,0.91262,1,0.06196,0.06196,0,0
0.52221,8.2442e+05,539.88,0.91197,1,0.062083,0.062083,0,0
0.52406,8.2381e+05,539.86,0.9113,1,0.062206,0.062206,0,0
0.52592,8.2321e+05,539.84,0.91063,1,0.062329,0.062329,0,0
0.52777,8.2261e+05,539.83,0.90996,1,0.062452,0.062452,0,0
0.52962,8.22e+05,539.81,0.9093,1,0.062575,0.062575,0,0
0.53148,8.214e+05,539.79,0.90863,1,0.062698,0.062698,0,0
0.53337,8.2077e+05,539.78,0.90794,1,0.062821,0.062821,0,0
0.53526,8.2014e+05,539.76,0.90724,1,0.062944,0.062944,0,0
0.53715,8.1951e+05,539.74,0.90654,1,0.063067,0.063067,0,0
0.53904,8.1888e+05,539.73,0.90585,1,0.06319,0.06319,0,0
0.54093,8.1826e+05,539.71,0.90515,1,0.063313,0.063313,0,0
0.54282,8.1762e+05,539.69,0.90445,1,0.063435,0.063435,0,0
0.54475,8.1696e+05,539.67,0.90372,1,0.063558,0.063558,0,0
0.54667,8.1631e+05,539.65,0.90299,1,0.063681,0.063681,0,0
0.54859,8.1565e+05,539.64,0.90227,1,0.063804,0.063804,0,0
0.55051,8.1499e+05,539.62,0.90154,1,0.063927,0.063927,0,0
0.55243,8.1434e+05,539.6,0.90082,1,0.06405,0.06405,0,0
0.55437,8.1367e+05,539.58,0.90007,1,0.064173,0.064173,0,0
0.55633,8.1298e+05,539.56,0.89932,1,0.064296,0.064296,0,0
0.55828,8.123e+05,539.54,0.89856,1,0.064419,0.064419,0,0
0.56024,8.1162e+05,539.52,0.8978,1,0.064542,0.064542,0,0
0.5622,8.1093e+05,539.51,0.89705,1,0.064665,0.064665,0,0
0.56415,8.1025e+05,539.49,0.89629,1,0.064788,0.064788,0,0
0.56614,8.0954e+05,539.47,0.89551,1,0.064911,0.064911,0,0
0.56813,8.0883e+05,539.45,0.89472,1,0.065034,0.065034,0,0
0.57012,8.0812e+05,539.43,0.89393,1,0.065157,0.065157,0,0
0.57211,8.074e+05,539.41,0.89315,1,0.06528,0.06528,0,0
0.5741,8.0669e+05,539.39,0.89236,1,0.065402,0.065402,0,0
0.5761,8.0597e+05,539.37,0.89156,1,0.065525,0.065525,0,0
0.57812,8.0523e+05,539.35,0.89074,1,0.065648,0.065648,0,0
0.58014,8.0449e+05,539.33,0.88992,1,0.065771,0.065771,0,0
0.58216,8.0375e+05,539.31,0.88911,1,0.065894,0.065894,0,0
0.58418,8.0301e+05,539.29,0.88829,1,0.066017,0.066017,0,0
0.5862,8.0227e+05,539.27,0.88747,1,0.06614,0.06614,0,0
0.58824,8.0151e+05,539.25,0.88663,1,0.066263,0.066263,0,0
0.59029,8.0074e+05,539.22,0.88578,1,0.066386,0.066386,0,0
0.59235,7.9997e+05,539.2,0.88492,1,0.066509,0.066509,0,0
0.5944,7.992e+05,539.18,0.88407,1,0.066632,0.066632,0,0
0.59646,7.9843e+05,539.16,0.88321,1,0.066755,0.066755,0,0
0.59852,7.9765e+05,539.14,0.88236,1,0.066878,0.066878,0,0
0.6006,7.9686e+05,539.12,0.88148,1,0.067001,0.067001,0,0
0.60269,7.9606e+05,539.1,0.88059,1,0.067124,0.067124,0,0
0.60477,7.9526e+05,539.07,0.87971,1,0.067247,0.067247,0,0
0.60686,7.9445e+05,539.05,0.87882,1,0.067369,0.067369,0,0
0.60895,7.9365e+05,539.03,0.87794,1,0.067492,0.067492,0,0
0.61104,7.9285e+05,539.01,0.87704,1,0.067615,0.067615,0,0
0.61316,7.9201e+05,538.98,0.87612,1,0.067738,0.067738,0,0
0.61528,7.9118e+05,538.96,0.8752,1,0.067861,0.067861,0,0
0.6174,7.9035e+05,538.94,0.87428,1,0.067984,0.067984,0,0
0.61953,7.8951e+05,538.92,0.87335,1,0.068107,0.068107,0,0
0.62165,7.8868e+05,538.89,0.87243,1,0.06823,0.06823,0,0
0.62379,7.8783e+05,538.87,0.87149,1,0.068353,0.068353,0,0
0.62594,7.8696e+05,538.85,0.87053,1,0.068476,0.068476,0,0
0.62809,7.861e+05,538.82,0.86958,1,0.068599,0.068599,0,0
0.63025,7.8523e+05,538.8,0.86862,1,0.068722,0.068722,0,0
0.6324,7.8437e+05,538.78,0.86766,1,0.068845,0.068845,0,0
0.63455,7.835e+05,538.75,0.8667,1,0.068968,0.068968,0,0
0.63673,7.826e+05,538.73,0.86571,1,0.069091,0.069091,0,0
0.63892,7.8171e+05,538.7,0.86472,1,0.069214,0.069214,0,0
0.6411,7.8081e+05,538.68,0.86373,1,0.069336,0.069336,0,0
0.64329,7.7991e+05,538.65,0.86273,1,0.069459,0.069459,0,0
0.64547,7.7901e+05,538.63,0.86174,1,0.069582,0.069582,0,0
0.64766,7.781e+05,538.6,0.86074,1,0.069705,0.069705,0,0
0.64988,7.7717e+05,538.58,0.8597,1,0.069828,0.069828,0,0
0.65209,7.7624e+05,538.55,0.85867,1,0.069951,0.069951,0,0
0.65431,7.7531e+05,538.53,0.85764,1,0.070074,0.070074,0,0
0.65652,7.7438e+05,538.5,0.85661,1,0.070197,0.070197,0,0
0.65874,7.7344e+05,538.48,0.85558,1,0.07032,0.07032,0,0
0.66097,7.7249e+05,538.45,0.85453,1,0.070443,0.070443,0,0
0.66322,7.7152e+05,538.42,0.85346,1,0.070566,0.070566,0,0
0.66547,7.7056e+05,538.4,0.85239,1,0.070689,0.070689,0,0
0.66771,7.6959e+05,538.37,0.85132,1,0.070812,0.070812,0,0
0.66996,7.6862e+05,538.34,0.85025,1,0.070935,0.070935,0,0
0.67221,7.6766e+05,538.32,0.84918,1,0.071058,0.071058,0,0
0.67449,7.6666e+05,538.29,0.84807,1,0.071181,0.071181,0,0
0.67677,7.6566e+05,538.26,0.84696,1,0.071303,0.071303,0,0
0.67905,7.6465e+05,538.24,0.84586,1,0.071426,0.071426,0,0
0.68133,7.6365e+05,538.21,0.84475,1,0.071549,0.071549,0,0
0.68362,7.6265e+05,538.18,0.84364,1,0.071672,0.071672,0,0
0.6859,7.6164e+05,538.15,0.84252,1,0.071795,0.071795,0,0
0.68822,7.606e+05,538.13,0.84137,1,0.071918,0.071918,0,0
0.69053,7.5956e+05,538.1,0.84023,1,0.072041,0.072041,0,0
0.69284,7.5852e+05,538.07,0.83908,1,0.072164,0.072164,0,0
0.69516,7.5749e+05,538.04,0.83793,1,0.072287,0.072287,0,0
0.69747,7.5645e+05,538.01,0.83678,1,0.07241,0.07241,0,0
0.69979,7.5539e+05,537.98,0.83561,1,0.072533,0.072533,0,0
0.70213,7.5432e+05,537.96,0.83442,1,0.072656,0.072656,0,0
0.70447,7.5325e+05,537.93,0.83324,1,0.072779,0.072779,0,0
0.7068,7.5218e+05,537.9,0.83205,1,0.072902,0.072902,0,0
0.70914,7.511e+05,537.87,0.83087,1,0.073025,0.073025,0,0
0.71147,7.5003e+05,537.84,0.82968,1,0.073148,0.073148,0,0
0.71384,7.4893e+05,537.81,0.82846,1,0.07327,0.07327,0,0
0.7162,7.4782e+05,537.78,0.82723,1,0.073393,0.073393,0,0
0.71857,7.4671e+05,537.75,0.82601,1,0.073516,0.073516,0,0
0.72093,7.456e+05,537.72,0.82478,1,0.073639,0.073639,0,0
0.7233,7.4449e+05,537.69,0.82356,1,0.073762,0.073762,0,0
0.72567,7.4338e+05,537.66,0.82232,1,0.073885,0.073885,0,0
0.72806,7.4223e+05,537.63,0.82105,1,0.074008,0.074008,0,0
0.73046,7.4109e+05,537.6,0.81979,1,0.074131,0.074131,0,0
0.73285,7.3994e+05,537.56,0.81852,1,0.074254,0.074254,0,0
0.73524,7.388e+05,537.53,0.81725,1,0.074377,0.074377,0,0
0.73763,7.3765e+05,537.5,0.81599,1,0.0745,0.0745,0,0
0.74004,7.3649e+05,537.47,0.8147,1,0.074623,0.074623,0,0
0.74246,7.353e+05,537.44,0.81339,1,0.074746,0.074746,0,0
0.74488,7.3412e+05,537.41,0.81208,1,0.074869,0.074869,0,0
0.7473,7.3294e+05,537.37,0.81078,1,0.074992,0.074992,0,0
0.74972,7.3176e+05,537.34,0.80947,1,0.075115,0.075115,0,0
0.75214,7.3058e+05,537.31,0.80816,1,0.075237,0.075237,0,0
0.75458,7.2936e+05,537.28,0.80682,1,0.07536,0.07536,0,0
0.75703,7.2815e+05,537.24,0.80547,1,0.075483,0.075483,0,0
0.75948,7.2693e+05,537.21,0.80413,1,0.075606,0.075606,0,0
0.76193,7.2571e+05,537.18,0.80278,1,0.075729,0.075729,0,0
0.76437,7.2449e+05,537.14,0.80143,1,0.075852,0.075852,0,0
0.76683,7.2327e+05,537.11,0.80008,1,0.075975,0.075975,0,0
0.7693,7.2202e+05,537.08,0.79869,1,0.076098,0.076098,0,0
0.77177,7.2076e+05,537.04,0.79731,1,0.076221,0.076221,0,0
0.77424,7.1951e+05,537.01,0.79592,1,0.076344,0.076344,0,0
0.77671,7.1826e+05,536.98,0.79453,1,0.076467,0.076467,0,0
0.77918,7.1701e+05,536.94,0.79315,1,0.07659,0.07659,0,0
0.78166,7.1573e+05,536.91,0.79174,1,0.076713,0.076713,0,0
0.78415,7.1445e+05,536.87,0.79032,1,0.076836,0.076836,0,0
0.78664,7.1316e+05,536.84,0.78889,1,0.076959,0.076959,0,0
0.78913,7.1187e+05,536.8,0.78746,1,0.077082,0.077082,0,0
0.79163,7.1058e+05,536.77,0.78604,1,0.077204,0.077204,0,0
0.79412,7.0929e+05,536.73,0.78461,1,0.077327,0.077327,0,0
0.79664,7.0797e+05,536.7,0.78315,1,0.07745,0.07745,0,0
0.79916,7.0664e+05,536.66,0.78168,1,0.077573,0.077573,0,0
0.80168,7.0531e+05,536.62,0.78021,1,0.077696,0.077696,0,0
0.8042,7.0399e+05,536.59,0.77875,1,0.077819,0.077819,0,0
0.80672,7.0266e+05,536.55,0.77728,1,0.077942,0.077942,0,0
0.80924,7.0132e+05,536.51,0.7758,1,0.078065,0.078065,0,0
0.81178,6.9996e+05,536.48,0.77429,1,0.078188,0.078188,0,0
0.81432,6.986e+05,536.44,0.77279,1,0.078311,0.078311,0,0
0.81686,6.9724e+05,536.4,0.77128,1,0.078434,0.078434,0,0
0.8194,6.9588e+05,536.37,0.76977,1,0.078557,0.078557,0,0
0.82194,6.9451e+05,536.33,0.76827,1,0.07868,0.07868,0,0
0.82449,6.9313e+05,536.29,0.76674,1,0.078803,0.078803,0,0
0.82705,6.9174e+05,536.25,0.7652,1,0.078926,0.078926,0,0
0.82961,6.9035e+05,536.22,0.76366,1,0.079048,0.079048,0,0
0.83217,6.8895e+05,536.18,0.76211,1,0.079171,0.079171,0,0
0.83473,6.8756e+05,536.14,0.76057,1,0.079294,0.079294,0,0
0.83729,6.8616e+05,536.1,0.75903,1,0.079417,0.079417,0,0
0.83987,6.8474e+05,536.06,0.75745,1,0.07954,0.07954,0,0
0.84245,6.8331e+05,536.03,0.75587,1,0.079663,0.079663,0,0
0.84503,6.8188e+05,535.99,0.7543,1,0.079786,0.079786,0,0
0.84761,6.8045e+05,535.95,0.75272,1,0.079909,0.079909,0,0
0.85019,6.7903e+05,535.91,0.75114,1,0.080032,0.080032,0,0
0.85277,6.7759e+05,535.87,0.74955,1,0.080155,0.080155,0,0
0.85537,6.7613e+05,535.83,0.74793,1,0.080278,0.080278,0,0
0.85797,6.7467e+05,535.79,0.74632,1,0.080401,0.080401,0,0
0.86056,6.7321e+05,535.75,0.7447,1,0.080524,0.080524,0,0
0.86316,6.7175e+05,535.71,0.74308,1,0.080647,0.080647,0,0
0.86576,6.7029e+05,535.67,0.74147,1,0.08077,0.08077,0,0
0.86837,6.6881e+05,535.63,0.73983,1,0.080893,0.080893,0,0
0.87099,6.6732e+05,535.59,0.73818,1,0.081015,0.081015,0,0
0.87361,6.6582e+05,535.55,0.73653,1,0.081138,0.081138,0,0
0.87622,6.6433e+05,535.51,0.73488,1,0.081261,0.081261,0,0
0.87884,6.6284e+05,535.47,0.73323,1,0.081384,0.081384,0,0
0.88146,6.6134e+05,535.43,0.73157,1,0.081507,0.081507,0,0
0.88409,6.5982e+05,535.38,0.72989,1,0.08163,0.08163,0,0
0.88673,6.583e+05,535.34,0.72821,1,0.081753,0.081753,0,0
0.88936,6.5677e+05,535.3,0.72652,1,0.081876,0.081876,0,0
0.892,6.5525e+05,535.26,0.72483,1,0.081999,0.081999,0,0
0.89463,6.5373e+05,535.22,0.72315,1,0.082122,0.082122,0,0
0.89727,6.5219e+05,535.18,0.72145,1,0.082245,0.082245,0,0
0.89992,6.5064e+05,535.13,0.71974,1,0.082368,0.082368,0,0
0.90256,6.4909e+05,535.09,0.71802,1,0.082491,0.082491,0,0
0.90521,6.4754e+05,535.05,0.7163,1,0.082614,0.082614,0,0
0.90785,6.4598e+05,535,0.71458,1,0.082737,0.082737,0,0
0.9105,6.4443e+05,534.96,0.71287,1,0.08286,0.08286,0,0
0.91316,6.4286e+05,534.92,0.71113,1,0.082982,0.082982,0,0
0.91583,6.4128e+05,534.88,0.70938,1,0.083105,0.083105,0,0
0.9185,6.397e+05,534.83,0.70763,1,0.083228,0.083228,0,0
0.92117,6.3812e+05,534.79,0.70588,1,0.083351,0.083351,0,0
0.92384,6.3653e+05,534.74,0.70413,1,0.083474,0.083474,0,0
0.9265,6.3495e+05,534.7,0.70238,1,0.083597,0.083597,0,0
0.92918,6.3335e+05,534.66,0.70061,1,0.08372,0.08372,0,0
0.93185,6.3175e+05,534.61,0.69884,1,0.083843,0.083843,0,0
0.93453,6.3015e+05,534.57,0.69706,1,0.083966,0.083966,0,0
0.9372,6.2854e+05,534.52,0.69529,1,0.084089,0.084089,0,0
0.93988,6.2694e+05,534.48,0.69352,1,0.084212,0.084212,0,0
0.94256,6.2533e+05,534.44,0.69174,1,0.084335,0.084335,0,0
0.94525,6.2369e+05,534.39,0.68993,1,0.084458,0.084458,0,0
0.94795,6.2206e+05,534.34,0.68812,1,0.084581,0.084581,0,0
0.95064,6.2042e+05,534.3,0.6863,1,0.084704,0.084704,0,0
0.95334,6.1878e+05,534.25,0.68449,1,0.084827,0.084827,0,0
0.95604,6.1714e+05,534.21,0.68268,1,0.084949,0.084949,0,0
0.95874,6.155e+05,534.16,0.68086,1,0.085072,0.085072,0,0
0.96145,6.1384e+05,534.12,0.67903,1,0.085195,0.085195,0,0
0.96416,6.1219e+05,534.07,0.6772,1,0.085318,0.085318,0,0
0.96687,6.1053e+05,534.03,0.67537,1,0.085441,0.085441,0,0
0.96958,6.0888e+05,533.98,0.67354,1,0.085564,0.085564,0,0
0.97229,6.0722e+05,533.93,0.67171,1,0.085687,0.085687,0,0
0.97501,6.0555e+05,533.89,0.66986,1,0.08581,0.08581,0,0
0.97772,6.0388e+05,533.84,0.668,1,0.085933,0.085933,0,0
0.98043,6.022e+05,533.79,0.66615,1,0.086056,0.086056,0,0
0.98315,6.0053e+05,533.75,0.6643,1,0.086179,0.086179,0,0
0.98586,5.9885e+05,533.7,0.66245,1,0.086302,0.086302,0,0
0.98858,5.9717e+05,533.65,0.66059,1,0.086425,0.086425,0,0
0.9913,5.9548e+05,533.61,0.65872,1,0.086548,0.086548,0,0
0.99402,5.9379e+05,533.56,0.65684,1,0.086671,0.086671,0,0
0.99674,5.9209e+05,533.51,0.65497,1,0.086794,0.086794,0,0
0.99947,5.904e+05,533.46,0.6531,1,0.086916,0.086916,0,0
1.0022,5.887e+05,533.42,0.65122,1,0.087039,0.087039,0,0
1.0049,5.8701e+05,533.37,0.64934,1,0.087162,0.087162,0,0
1.0076,5.8531e+05,533.32,0.64746,1,0.087285,0.087285,0,0
1.0103,5.8361e+05,533.27,0.64558,1,0.087408,0.087408,0,0
1.013,5.8191e+05,533.22,0.6437,1,0.087531,0.087531,0,0
1.0158,5.8021e+05,533.18,0.64182,1,0.087654,0.087654,0,0
1.0185,5.7851e+05,533.13,0.63994,1,0.087777,0.087777,0,0
1.0212,5.7678e+05,533.08,0.63803,1,0.0879,0.0879,0,0
1.024,5.7506e+05,533.03,0.63613,1,0.088023,0.088023,0,0
1.0267,5.7333e+05,532.98,0.63422,1,0.088146,0.088146,0,0
1.0294,5.7161e+05,532.93,0.63231,1,0.088269,0.088269,0,0
1.0322,5.6988e+05,532.88,0.6304,1,0.088392,0.088392,0,0
1.0349,5.6815e+05,532.83,0.62849,1,0.088515,0.088515,0,0
1.0377,5.6641e+05,532.79,0.62655,1,0.088638,0.088638,0,0
1.0404,5.6466e+05,532.74,0.62462,1,0.088761,0.088761,0,0
1.0432,5.6291e+05,532.69,0.62269,1,0.088883,0.088883,0,0
1.0459,5.6117e+05,532.64,0.62076,1,0.089006,0.089006,0,0
1.0487,5.5942e+05,532.59,0.61883,1,0.089129,0.089129,0,0
1.0514,5.5768e+05,532.54,0.6169,1,0.089252,0.089252,0,0
1.0542,5.5594e+05,532.49,0.61497,1,0.089375,0.089375,0,0
1.0569,5.5419e+05,532.44,0.61305,1,0.089498,0.089498,0,0
1.0597,5.5245e+05,532.39,0.61112,1,0.089621,0.089621,0,0
1.0624,5.5071e+05,532.34,0.60919,1,0.089744,0.089744,0,0
1.0652,5.4896e+05,532.29,0.60726,1,0.089867,0.089867,0,0
1.0679,5.4721e+05,532.24,0.60532,1,0.08999,0.08999,0,0
1.0707,5.4546e+05,532.19,0.60338,1,0.090113,0.090113,0,0
1.0734,5.4371e+05,532.13,0.60145,1,0.090236,0.090236,0,0
1.0762,5.4196e+05,532.08,0.59951,1,0.090359,0.090359,0,0
1.0789,5.402e+05,532.03,0.59757,1,0.090482,0.090482,0,0
1.0817,5.3845e+05,531.98,0.59563,1,0.090605,0.090605,0,0
1.0844,5.3669e+05,531.93,0.59368,1,0.090728,0.090728,0,0
1.0871,5.3493e+05,531.88,0.59174,1,0.09085,0.09085,0,0
1.0899,5.3318e+05,531.83,0.5898,1,0.090973,0.090973,0,0
1.0926,5.3142e+05,531.78,0.58785,1,0.091096,0.091096,0,0
1.0954,5.2966e+05,531.73,0.58591,1,0.091219,0.091219,0,0
1.0981,5.279e+05,531.68,0.58396,1,0.091342,0.091342,0,0
1.1009,5.2614e+05,531.63,0.58201,1,0.091465,0.091465,0,0
1.1037,5.2437e+05,531.57,0.58006,1,0.091588,0.091588,0,0
1.1064,5.2261e+05,531.52,0.57811,1,0.091711,0.091711,0,0
1.1092,5.2085e+05,531.47,0.57616,1,0.091834,0.091834,0,0
1.1119,5.1908e+05,531.42,0.57421,1,0.091957,0.091957,0,0
1.1147,5.1732e+05,531.37,0.57226,1,0.09208,0.09208,0,0
1.1174,5.1556e+05,531.31,0.57031,1,0.092203,0.092203,0,0
1.1202,5.138e+05,531.26,0.56837,1,0.092326,0.092326,0,0
1.1229,5.1204e+05,531.21,0.56642,1,0.092449,0.092449,0,0
1.1257,5.1028e+05,531.16,0.56447,1,0.092572,0.092572,0,0
1.1284,5.0852e+05,531.11,0.56252,1,0.092694,0.092694,0,0
1.1312,5.0676e+05,531.05,0.56057,1,0.092817,0.092817,0,0
1.134,5.05e+05,531,0.55863,1,0.09294,0.09294,0,0
1.1367,5.0324e+05,530.95,0.55668,1,0.093063,0.093063,0,0
1.1395,5.0147e+05,530.9,0.55473,1,0.093186,0.093186,0,0
1.1422,4.9971e+05,530.84,0.55278,1,0.093309,0.093309,0,0
1.145,4.9795e+05,530.79,0.55083,1,0.093432,0.093432,0,0
1.1477,4.9619e+05,530.74,0.54888,1,0.093555,0.093555,0,0
1.1505,4.9443e+05,530.68,0.54693,1,0.093678,0.093678,0,0
1.1533,4.9266e+05,530.63,0.54498,1,0.093801,0.093801,0,0
1.156,4.909e+05,530.58,0.54303,1,0.093924,0.093924,0,0
1.1588,4.8914e+05,530.53,0.54109,1,0.094047,0.094047,0,0
1.1615,4.8738e+05,530.47,0.53914,1,0.09417,0.09417,0,0
1.1643,4.8562e+05,530.42,0.53719,1,0.094293,0.094293,0,0
1.1671,4.8386e+05,530.37,0.53525,1,0.094416,0.094416,0,0
1.1698,4.8211e+05,530.31,0.5333,1,0.094539,0.094539,0,0
1.1726,4.8035e+05,530.26,0.53136,1,0.094661,0.094661,0,0
1.1753,4.786e+05,530.21,0.52942,1,0.094784,0.094784,0,0
1.1781,4.7685e+05,530.15,0.52748,1,0.094907,0.094907,0,0
1.1808,4.7509e+05,530.1,0.52555,1,0.09503,0.09503,0,0
1.1836,4.7334e+05,530.04,0.52361,1,0.095153,0.095153,0,0
1.1864,4.7159e+05,529.99,0.52167,1,0.095276,0.095276,0,0
1.1891,4.6985e+05,529.94,0.51974,1,0.095399,0.095399,0,0
1.1919,4.6811e+05,529.88,0.51782,1,0.095522,0.095522,0,0
1.1946,4.6638e+05,529.83,0.5159,1,0.095645,0.095645,0,0
1.1974,4.6464e+05,529.78,0.51398,1,0.095768,0.095768,0,0
1.2001,4.629e+05,529.72,0.51206,1,0.095891,0.095891,0,0
1.2028,4.6117e+05,529.67,0.51014,1,0.096014,0.096014,0,0
1.2056,4.5944e+05,529.62,0.50823,1,0.096137,0.096137,0,0
1.2083,4.5773e+05,529.56,0.50633,1,0.09626,0.09626,0,0
1.211,4.5601e+05,529.51,0.50443,1,0.096383,0.096383,0,0
1.2138,4.5429e+05,529.46,0.50254,1,0.096506,0.096506,0,0
1.2165,4.5257e+05,529.4,0.50064,1,0.096628,0.096628,0,0
1.2192,4.5086e+05,529.35,0.49874,1,0.096751,0.096751,0,0
1.2219,4.4916e+05,529.29,0.49686,1,0.096874,0.096874,0,0
1.2246,4.4747e+05,529.24,0.49499,1,0.096997,0.096997,0,0
1.2273,4.4577e+05,529.19,0.49311,1,0.09712,0.09712,0,0
1.23,4.4408e+05,529.13,0.49123,1,0.097243,0.097243,0,0
1.2327,4.4238e+05,529.08,0.48936,1,0.097366,0.097366,0,0
1.2355,4.4069e+05,529.03,0.48749,1,0.097489,0.097489,0,0
1.2382,4.3901e+05,528.97,0.48563,1,0.097612,0.097612,0,0
1.2409,4.3733e+05,528.92,0.48377,1,0.097735,0.097735,0,0
1.2436,4.3565e+05,528.87,0.48191,1,0.097858,0.097858,0,0
1.2463,4.3396e+05,528.81,0.48005,1,0.097981,0.097981,0,0
1.249,4.3228e+05,528.76,0.47819,1,0.098104,0.098104,0,0
1.2517,4.3061e+05,528.71,0.47634,1,0.098227,0.098227,0,0
1.2544,4.2894e+05,528.65,0.47449,1,0.09835,0.09835,0,0
1.2571,4.2727e+05,528.6,0.47264,1,0.098473,0.098473,0,0
1.2598,4.256e+05,528.54,0.4708,1,0.098595,0.098595,0,0
1.2625,4.2393e+05,528.49,0.46895,1,0.098718,0.098718,0,0
1.2652,4.2226e+05,528.43,0.4671,1,0.098841,0.098841,0,0
1.2679,4.206e+05,528.38,0.46527,1,0.098964,0.098964,0,0
1.2706,4.1894e+05,528.33,0.46343,1,0.099087,0.099087,0,0
1.2733,4.1728e+05,528.27,0.46159,1,0.09921,0.09921,0,0
1.276,4.1561e+05,528.22,0.45975,1,0.099333,0.099333,0,0
1.2787,4.1395e+05,528.17,0.45791,1,0.099456,0.099456,0,0
1.2814,4.123e+05,528.11,0.45608,1,0.099579,0.099579,0,0
1.2841,4.1064e+05,528.06,0.45425,1,0.099702,0.099702,0,0
1.2869,4.0899e+05,528,0.45243,1,0.099825,0.099825,0,0
1.2896,4.0734e+05,527.95,0.4506,1,0.099948,0.099948,0,0
1.2923,4.0569e+05,527.89,0.44877,1,0.10007,0.10007,0,0
1.295,4.0404e+05,527.84,0.44695,1,0.10019,0.10019,0,0
1.2977,4.0241e+05,527.78,0.44514,1,0.10032,0.10032,0,0
1.3004,4.0078e+05,527.73,0.44334,1,0.10044,0.10044,0,0
1.3031,3.9914e+05,527.67,0.44153,1,0.10056,0.10056,0,0
1.3058,3.9751e+05,527.62,0.43973,1,0.10069,0.10069,0,0
1.3085,3.9588e+05,527.56,0.43792,1,0.10081,0.10081,0,0
1.3112,3.9426e+05,527.51,0.43613,1,0.10093,0.10093,0,0
1.3139,3.9265e+05,527.45,0.43435,1,0.10105,0.10105,0,0
1.3166,3.9104e+05,527.4,0.43257,1,0.10118,0.10118,0,0
1.3193,3.8944e+05,527.34,0.43079,1,0.1013,0.1013,0,0
1.322,3.8783e+05,527.29,0.42901,1,0.10142,0.10142,0,0
1.3247,3.8622e+05,527.23,0.42724,1,0.10155,0.10155,0,0
1.3274,3.8464e+05,527.18,0.42549,1,0.10167,0.10167,0,0
1.3301,3.8307e+05,527.12,0.42375,1,0.10179,0.10179,0,0
1.3327,3.815e+05,527.07,0.42201,1,0.10191,0.10191,0,0
1.3354,3.7992e+05,527.02,0.42027,1,0.10204,0.10204,0,0
1.3381,3.7835e+05,526.96,0.41853,1,0.10216,0.10216,0,0
1.3407,3.7678e+05,526.91,0.4168,1,0.10228,0.10228,0,0
1.3434,3.7525e+05,526.85,0.4151,1,0.10241,0.10241,0,0
1.346,3.7371e+05,526.8,0.41339,1,0.10253,0.10253,0,0
1.3486,3.7217e+05,526.75,0.41169,1,0.10265,0.10265,0,0
1.3513,3.7063e+05,526.69,0.40999,1,0.10278,0.10278,0,0
1.3539,3.6909e+05,526.64,0.40829,1,0.1029,0.1029,0,0
1.3565,3.6758e+05,526.58,0.40662,1,0.10302,0.10302,0,0
1.3591,3.6608e+05,526.53,0.40496,1,0.10314,0.10314,0,0
1.3617,3.6458e+05,526.48,0.4033,1,0.10327,0.10327,0,0
1.3643,3.6309e+05,526.42,0.40164,1,0.10339,0.10339,0,0
1.3669,3.6159e+05,526.37,0.39999,1,0.10351,0.10351,0,0
1.3695,3.6009e+05,526.32,0.39833,1,0.10364,0.10364,0,0
1.3721,3.5862e+05,526.26,0.3967,1,0.10376,0.10376,0,0
1.3747,3.5715e+05,526.21,0.39508,1,0.10388,0.10388,0,0
1.3772,3.5568e+05,526.16,0.39346,1,0.104,0.104,0,0
1.3798,3.5421e+05,526.1,0.39183,1,0.10413,0.10413,0,0
1.3824,3.5275e+05,526.05,0.39021,1,0.10425,0.10425,0,0
1.385,3.5128e+05,526,0.38859,1,0.10437,0.10437,0,0
1.3875,3.4983e+05,525.94,0.38698,1,0.1045,0.1045,0,0
1.3901,3.4837e+05,525.89,0.38537,1,0.10462,0.10462,0,0
1.3927,3.4692e+05,525.84,0.38376,1,0.10474,0.10474,0,0
1.3953,3.4546e+05,525.78,0.38215,1,0.10487,0.10487,0,0
1.3979,3.4401e+05,525.73,0.38054,1,0.10499,0.10499,0,0
1.4005,3.4255e+05,525.68,0.37893,1,0.10511,0.10511,0,0
1.4031,3.411e+05,525.62,0.37732,1,0.10523,0.10523,0,0
1.4057,3.3964e+05,525.57,0.37571,1,0.10536,0.10536,0,0
1.4083,3.3819e+05,525.51,0.3741,1,0.10548,0.10548,0,0
1.4109,3.3673e+05,525.46,0.37249,1,0.1056,0.1056,0,0
1.4136,3.3527e+05,525.4,0.37088,1,0.10573,0.10573,0,0
1.4162,3.3381e+05,525.35,0.36926,1,0.10585,0.10585,0,0
1.4189,3.3235e+05,525.29,0.36765,1,0.10597,0.10597,0,0
1.4216,3.3089e+05,525.24,0.36603,1,0.10609,0.10609,0,0
1.4242,3.2943e+05,525.18,0.36442,1,0.10622,0.10622,0,0
1.4269,3.2797e+05,525.13,0.3628,1,0.10634,0.10634,0,0
1.4296,3.2652e+05,525.07,0.36119,1,0.10646,0.10646,0,0
1.4323,3.2506e+05,525.02,0.35958,1,0.10659,0.10659,0,0
1.4349,3.2361e+05,524.96,0.35798,1,0.10671,0.10671,0,0
1.4376,3.2216e+05,524.9,0.35637,1,0.10683,0.10683,0,0
1.4403,3.2071e+05,524.85,0.35477,1,0.10696,0.10696,0,0
1.443,3.1926e+05,524.79,0.35316,1,0.10708,0.10708,0,0
1.4457,3.1785e+05,524.74,0.3516,1,0.1072,0.1072,0,0
1.4483,3.1644e+05,524.68,0.35004,1,0.10732,0.10732,0,0
1.451,3.1502e+05,524.63,0.34848,1,0.10745,0.10745,0,0
1.4537,3.1361e+05,524.57,0.34692,1,0.10757,0.10757,0,0
1.4563,3.122e+05,524.52,0.34536,1,0.10769,0.10769,0,0
1.4589,3.1083e+05,524.46,0.34384,1,0.10782,0.10782,0,0
1.4614,3.0954e+05,524.41,0.34241,1,0.10794,0.10794,0,0
1.4638,3.0824e+05,524.36,0.34098,1,0.10806,0.10806,0,0
1.4663,3.0695e+05,524.31,0.33954,1,0.10818,0.10818,0,0
1.4688,3.0565e+05,524.25,0.33811,1,0.10831,0.10831,0,0
1.4713,3.0435e+05,524.2,0.33667,1,0.10843,0.10843,0,0
1.4736,3.0317e+05,524.16,0.33536,1,0.10855,0.10855,0,0
1.4758,3.0201e+05,524.11,0.33408,1,0.10868,0.10868,0,0
1.4781,3.0086e+05,524.06,0.33281,1,0.1088,0.1088,0,0
1.4804,2.9971e+05,524.02,0.33153,1,0.10892,0.10892,0,0
1.4826,2.9855e+05,523.97,0.33026,1,0.10905,0.10905,0,0
1.4848,2.9744e+05,523.92,0.32902,1,0.10917,0.10917,0,0
1.4866,2.9651e+05,523.89,0.328,1,0.10929,0.10929,0,0
1.4884,2.9559e+05,523.85,0.32698,1,0.10941,0.10941,0,0
1.4903,2.9466e+05,523.81,0.32595,1,0.10954,0.10954,0,0
1.4921,2.9374e+05,523.77,0.32493,1,0.10966,0.10966,0,0
1.4939,2.9281e+05,523.73,0.32391,1,0.10978,0.10978,0,0
1.4955,2.9201e+05,523.7,0.32302,1,0.10991,0.10991,0,0
1.4969,2.9131e+05,523.67,0.32224,1,0.11003,0.11003,0,0
1.4983,2.906e+05,523.64,0.32146,1,0.11015,0.11015,0,0
1.4997,2.899e+05,523.61,0.32069,1,0.11027,0.11027,0,0
1.5011,2.892e+05,523.58,0.31991,1,0.1104,0.1104,0,0
1.5025,2.885e+05,523.56,0.31913,1,0.11052,0.11052,0,0
1.5035,2.8798e+05,523.53,0.31856,1,0.11064,0.11064,0,0
1.5045,2.8748e+05,523.51,0.31801,1,0.11077,0.11077,0,0
1.5055,2.8698e+05,523.49,0.31746,1,0.11089,0.11089,0,0
1.5066,2.8648e+05,523.47,0.3169,1,0.11101,0.11101,0,0
1.5076,2.8598e+05,523.45,0.31635,1,0.11114,0.11114,0,0
1.5084,2.8554e+05,523.43,0.31587,1,0.11126,0.11126,0,0
1.509,2.8524e+05,523.42,0.31553,1,0.11138,0.11138,0,0
1.5096,2.8494e+05,523.41,0.3152,1,0.1115,0.1115,0,0
1.5101,2.8464e+05,523.39,0.31486,1,0.11163,0.11163,0,0
1.5107,2.8433e+05,523.38,0.31453,1,0.11175,0.11175,0,0
1.5113,2.8403e+05,523.37,0.31419,1,0.11187,0.11187,0,0
1.5115,2.8393e+05,523.36,0.31408,1,0.112,0.112,0,0
1.5116,2.8391e+05,523.36,0.31406,1,0.11212,0.11212,0,0
1.5117,2.8389e+05,523.36,0.31403,1,0.11224,0.11224,0,0
1.5119,2.8386e+05,523.36,0.31401,1,0.11236,0.11236,0,0
1.512,2.8384e+05,523.36,0.31399,1,0.11249,0.11249,0,0
1.5121,2.8383e+05,523.36,0.31397,1,0.11261,0.11261,0,0
1.512,2.8386e+05,523.36,0.314,1,0.11273,0.11273,0,0
1.512,2.8389e+05,523.37,0.31404,1,0.11286,0.11286,0,0
1.5119,2.8392e+05,523.37,0.31407,1,0.11298,0.11298,0,0
1.5118,2.8395e+05,523.37,0.31411,1,0.1131,0.1131,0,0
1.5118,2.8398e+05,523.37,0.31414,1,0.11322,0.11322,0,0
1.5116,2.8405e+05,523.37,0.31422,1,0.11335,0.11335,0,0
1.5114,2.8415e+05,523.38,0.31433,1,0.11347,0.11347,0,0
1.5112,2.8426e+05,523.38,0.31444,1,0.11359,0.11359,0,0
1.5109,2.8436e+05,523.38,0.31456,1,0.11372,0.11372,0,0
1.5107,2.8447e+05,523.39,0.31467,1,0.11384,0.11384,0,0
1.5105,2.8457e+05,523.39,0.31479,1,0.11396,0.11396,0,0
1.5103,2.8465e+05,523.39,0.31488,1,0.11409,0.11409,0,0
1.5101,2.8474e+05,523.4,0.31498,1,0.11421,0.11421,0,0
1.5099,2.8482e+05,523.4,0.31507,1,0.11433,0.11433,0,0
1.5097,2.849e+05,523.4,0.31516,1,0.11445,0.11445,0,0
1.5095,2.8499e+05,523.41,0.31525,1,0.11458,0.11458,0,0
1.5093,2.8506e+05,523.41,0.31533,1,0.1147,0.1147,0,0
1.5092,2.8511e+05,523.41,0.31539,1,0.11482,0.11482,0,0
1.5091,2.8516e+05,523.42,0.31544,1,0.11495,0.11495,0,0
1.509,2.8521e+05,523.42,0.3155,1,0.11507,0.11507,0,0
1.5089,2.8526e+05,523.42,0.31556,1,0.11519,0.11519,0,0
1.5088,2.8531e+05,523.42,0.31561,1,0.11531,0.11531,0,0
1.5088,2.8532e+05,523.42,0.31562,1,0.11544,0.11544,0,0
1.5088,2.8531e+05,523.42,0.31561,1,0.11556,0.11556,0,0
1.5088,2.8531e+05,523.42,0.3156,1,0.11568,0.11568,0,0
1.5088,2.853e+05,523.42,0.31559,1,0.11581,0.11581,0,0
1.5088,2.8529e+05,523.42,0.31558,1,0.11593,0.11593,0,0
1.5088,2.8528e+05,523.42,0.31557,1,0.11605,0.11605,0,0
1.5088,2.8527e+05,523.42,0.31556,1,0.11618,0.11618,0,0
1.5088,2.8526e+05,523.42,0.31555,1,0.1163,0.1163,0,0
1.5088,2.8525e+05,523.43,0.31554,1,0.11642,0.11642,0,0
1.5088,2.8524e+05,523.43,0.31553,1,0.11654,0.11654,0,0
1.5088,2.8523e+05,523.43,0.31552,1,0.11667,0.11667,0,0
1.5089,2.8523e+05,523.43,0.31552,1,0.11679,0.11679,0,0
1.5089,2.8523e+05,523.43,0.31552,1,0.11691,0.11691,0,0
1.5089,2.8523e+05,523.43,0.31552,1,0.11704,0.11704,0,0
1.5089,2.8523e+05,523.43,0.31552,1,0.11716,0.11716,0,0
1.5089,2.8522e+05,523.43,0.31551,1,0.11728,0.11728,0,0
1.5089,2.8522e+05,523.43,0.31551,1,0.1174,0.1174,0,0
1.5088,2.8524e+05,523.42,0.31553,1,0.11753,0.11753,0,0
1.5088,2.8525e+05,523.42,0.31554,1,0.11765,0.11765,0,0
1.5088,2.8526e+05,523.42,0.31556,1,0.11777,0.11777,0,0
1.5088,2.8528e+05,523.42,0.31557,1,0.1179,0.1179,0,0
1.5087,2.8529e+05,523.42,0.31559,1,0.11802,0.11802,0,0
1.5087,2.8531e+05,523.42,0.3156,1,0.11814,0.11814,0,0
1.5087,2.8533e+05,523.42,0.31563,1,0.11827,0.11827,0,0
1.5086,2.8535e+05,523.42,0.31565,1,0.11839,0.11839,0,0
1.5086,2.8537e+05,523.42,0.31567,1,0.11851,0.11851,0,0
1.5085,2.8539e+05,523.42,0.3157,1,0.11863,0.11863,0,0
1.5085,2.8541e+05,523.42,0.31572,1,0.11876,0.11876,0,0
1.5084,2.8543e+05,523.42,0.31574,1,0.11888,0.11888,0,0
1.5084,2.8545e+05,523.43,0.31576,1,0.119,0.119,0,0
1.5084,2.8547e+05,523.43,0.31578,1,0.11913,0.11913,0,0
1.5083,2.8549e+05,523.43,0.3158,1,0.11925,0.11925,0,0
1.5083,2.855e+05,523.43,0.31582,1,0.11937,0.11937,0,0
1.5082,2.8552e+05,523.43,0.31584,1,0.11949,0.11949,0,0
1.5082,2.8553e+05,523.43,0.31585,1,0.11962,0.11962,0,0
1.5082,2.8554e+05,523.43,0.31586,1,0.11974,0.11974,0,0
1.5082,2.8555e+05,523.43,0.31588,1,0.11986,0.11986,0,0
1.5082,2.8556e+05,523.43,0.31589,1,0.11999,0.11999,0,0
1.5082,2.8557e+05,523.43,0.3159,1,0.12011,0.12011,0,0
1.5081,2.8558e+05,523.43,0.31591,1,0.12023,0.12023,0,0
1.5081,2.8559e+05,523.43,0.31591,1,0.12036,0.12036,0,0
1.5081,2.8559e+05,523.43,0.31592,1,0.12048,0.12048,0,0
1.5081,2.856e+05,523.43,0.31593,1,0.1206,0.1206,0,0
1.5081,2.856e+05,523.43,0.31593,1,0.12072,0.12072,0,0
1.5081,2.8561e+05,523.43,0.31594,1,0.12085,0.12085,0,0
1.5081,2.8561e+05,523.43,0.31594,1,0.12097,0.12097,0,0
1.5081,2.8561e+05,523.43,0.31594,1,0.12109,0.12109,0,0
1.5081,2.8561e+05,523.43,0.31593,1,0.12122,0.12122,0,0
1.5081,2.856e+05,523.43,0.31593,1,0.12134,0.12134,0,0
1.5081,2.856e+05,523.43,0.31593,1,0.12146,0.12146,0,0
1.5081,2.856e+05,523.43,0.31593,1,0.12158,0.12158,0,0
1.5081,2.856e+05,523.43,0.31593,1,0.12171,0.12171,0,0
1.5081,2.856e+05,523.43,0.31593,1,0.12183,0.12183,0,0
1.5081,2.856e+05,523.43,0.31592,1,0.12195,0.12195,0,0
1.5081,2.8559e+05,523.43,0.31592,1,0.12208,0.12208,0,0
1.5081,2.8559e+05,523.43,0.31592,1,0.1222,0.1222,0,0
1.5081,2.8559e+05,523.43,0.31592,1,0.12232,0.12232,0,0
1.5081,2.8559e+05,523.43,0.31592,1,0.12245,0.12245,0,0
1.5081,2.8559e+05,523.43,0.31592,1,0.12257,0.12257,0,0
1.5081,2.8559e+05,523.43,0.31592,1,0.12269,0.12269,0,0
1.5081,2.8559e+05,523.43,0.31592,1,0.12281,0.12281,0,0
1.5081,2.8559e+05,523.43,0.31592,1,0.12294,0.12294,0,0
