"Mach","Pressure","Temperature","x","vtkValidPointMask","arc_length","Points:0","Points:1","Points:2"
0.2406,7.6932e+05,333.26,-1.2462,1,0,-8.1,0,0
0.24077,7.6853e+05,333.25,-1.2349,1,0.0731,-8.0269,0,0
0.24094,7.6773e+05,333.25,-1.2237,1,0.1462,-7.9538,0,0
0.24112,7.6694e+05,333.25,-1.2124,1,0.2193,-7.8807,0,0
0.24173,7.6632e+05,333.25,-1.2012,1,0.2924,-7.8076,0,0
0.24265,7.6583e+05,333.25,-1.1899,1,0.3655,-7.7345,0,0
0.24358,7.6534e+05,333.25,-1.1787,1,0.4386,-7.6614,0,0
0.24459,7.6483e+05,333.24,-1.1674,1,0.5117,-7.5883,0,0
0.24602,7.6427e+05,333.23,-1.1562,1,0.5848,-7.5152,0,0
0.24745,7.6371e+05,333.21,-1.1449,1,0.6579,-7.4421,0,0
0.24888,7.6316e+05,333.2,-1.1337,1,0.731,-7.369,0,0
0.25078,7.6245e+05,333.15,-1.1224,1,0.8041,-7.2959,0,0
0.25284,7.6168e+05,333.1,-1.1112,1,0.8772,-7.2228,0,0
0.2549,7.6092e+05,333.04,-1.1,1,0.9503,-7.1497,0,0
0.25713,7.6007e+05,332.97,-1.0887,1,1.0234,-7.0766,0,0
0.25975,7.5904e+05,332.87,-1.0775,1,1.0965,-7.0035,0,0
0.26236,7.5802e+05,332.76,-1.0662,1,1.1696,-6.9304,0,0
0.26498,7.5699e+05,332.66,-1.055,1,1.2427,-6.8573,0,0
0.26813,7.5598e+05,332.56,-1.0437,1,1.3158,-6.7842,0,0
0.27137,7.5497e+05,332.45,-1.0325,1,1.3889,-6.7111,0,0
0.27461,7.5396e+05,332.35,-1.0212,1,1.462,-6.638,0,0
0.27811,7.5284e+05,332.23,-1.01,1,1.5351,-6.5649,0,0
0.282,7.5156e+05,332.09,-0.99874,1,1.6082,-6.4918,0,0
0.28589,7.5027e+05,331.94,-0.98749,1,1.6813,-6.4187,0,0
0.28979,7.4899e+05,331.8,-0.97625,1,1.7544,-6.3456,0,0
0.29429,7.4725e+05,331.6,-0.965,1,1.8275,-6.2725,0,0
0.29885,7.4547e+05,331.39,-0.95375,1,1.9006,-6.1994,0,0
0.3034,7.4369e+05,331.19,-0.94251,1,1.9737,-6.1263,0,0
0.30828,7.4193e+05,330.98,-0.93126,1,2.0468,-6.0532,0,0
0.31358,7.4017e+05,330.78,-0.92002,1,2.1199,-5.9801,0,0
0.31887,7.3842e+05,330.57,-0.90877,1,2.193,-5.907,0,0
0.32417,7.3667e+05,330.36,-0.89752,1,2.2661,-5.8339,0,0
0.3302,7.3464e+05,330.12,-0.88628,1,2.3392,-5.7608,0,0
0.33629,7.3258e+05,329.87,-0.87503,1,2.4123,-5.6877,0,0
0.34238,7.3053e+05,329.62,-0.86378,1,2.4854,-5.6146,0,0
0.3488,7.2826e+05,329.34,-0.85254,1,2.5585,-5.5415,0,0
0.35565,7.2572e+05,329.02,-0.84129,1,2.6316,-5.4684,0,0
0.3625,7.2318e+05,328.71,-0.83005,1,2.7047,-5.3953,0,0
0.36936,7.2064e+05,328.39,-0.8188,1,2.7778,-5.3222,0,0
0.37686,7.1782e+05,328.03,-0.80755,1,2.8509,-5.2491,0,0
0.38443,7.1497e+05,327.67,-0.79631,1,2.924,-5.176,0,0
0.39201,7.1211e+05,327.31,-0.78506,1,2.9971,-5.1029,0,0
0.3999,7.0908e+05,326.92,-0.77382,1,3.0702,-5.0298,0,0
0.40833,7.0575e+05,326.49,-0.76257,1,3.1433,-4.9567,0,0
0.41675,7.0242e+05,326.06,-0.75132,1,3.2164,-4.8836,0,0
0.42518,6.991e+05,325.63,-0.74008,1,3.2895,-4.8105,0,0
0.43432,6.9531e+05,325.14,-0.72883,1,3.3626,-4.7374,0,0
0.44361,6.9144e+05,324.62,-0.71758,1,3.4357,-4.6643,0,0
0.4529,6.8756e+05,324.11,-0.70634,1,3.5088,-4.5912,0,0
0.46242,6.8352e+05,323.57,-0.69509,1,3.5819,-4.5181,0,0
0.47256,6.7907e+05,322.97,-0.68385,1,3.655,-4.445,0,0
0.4827,6.7462e+05,322.37,-0.6726,1,3.7281,-4.3719,0,0
0.49284,6.7016e+05,321.77,-0.66135,1,3.8012,-4.2988,0,0
0.50356,6.6528e+05,321.1,-0.65011,1,3.8743,-4.2257,0,0
0.51453,6.602e+05,320.4,-0.63886,1,3.9474,-4.1526,0,0
0.5255,6.5512e+05,319.7,-0.62762,1,4.0205,-4.0795,0,0
0.53657,6.4997e+05,318.99,-0.61637,1,4.0936,-4.0064,0,0
0.54838,6.4421e+05,318.18,-0.60512,1,4.1667,-3.9333,0,0
0.5602,6.3845e+05,317.37,-0.59388,1,4.2398,-3.8602,0,0
0.57201,6.327e+05,316.56,-0.58263,1,4.3129,-3.7871,0,0
0.58424,6.268e+05,315.72,-0.57138,1,4.386,-3.714,0,0
0.59684,6.2076e+05,314.85,-0.56014,1,4.4591,-3.6409,0,0
0.60944,6.1473e+05,313.98,-0.54889,1,4.5322,-3.5678,0,0
0.62205,6.0869e+05,313.1,-0.53765,1,4.6053,-3.4947,0,0
0.6356,6.0207e+05,312.12,-0.5264,1,4.6784,-3.4216,0,0
0.64923,5.9539e+05,311.13,-0.51515,1,4.7515,-3.3485,0,0
0.66286,5.8872e+05,310.14,-0.50391,1,4.8246,-3.2754,0,0
0.67655,5.8187e+05,309.11,-0.49266,1,4.8977,-3.2023,0,0
0.69039,5.7463e+05,307.98,-0.48142,1,4.9708,-3.1292,0,0
0.70423,5.6738e+05,306.86,-0.47017,1,5.0439,-3.0561,0,0
0.71806,5.6014e+05,305.73,-0.45892,1,5.117,-2.983,0,0
0.73195,5.5308e+05,304.62,-0.44768,1,5.1901,-2.9099,0,0
0.74586,5.461e+05,303.52,-0.43643,1,5.2632,-2.8368,0,0
0.75977,5.3913e+05,302.41,-0.42518,1,5.3363,-2.7637,0,0
0.7737,5.3214e+05,301.3,-0.41394,1,5.4094,-2.6906,0,0
0.78821,5.2475e+05,300.07,-0.40269,1,5.4825,-2.6175,0,0
0.80273,5.1735e+05,298.84,-0.39145,1,5.5556,-2.5444,0,0
0.81724,5.0996e+05,297.62,-0.3802,1,5.6287,-2.4713,0,0
0.83176,5.0257e+05,296.38,-0.36895,1,5.7018,-2.3982,0,0
0.84629,4.9519e+05,295.11,-0.35771,1,5.7749,-2.3251,0,0
0.86083,4.8781e+05,293.85,-0.34646,1,5.848,-2.252,0,0
0.87536,4.8043e+05,292.58,-0.33522,1,5.9211,-2.1789,0,0
0.88955,4.7283e+05,291.25,-0.32397,1,5.9942,-2.1058,0,0
0.90359,4.6514e+05,289.89,-0.31272,1,6.0673,-2.0327,0,0
0.91763,4.5745e+05,288.53,-0.30148,1,6.1404,-1.9596,0,0
0.93177,4.4975e+05,287.16,-0.29023,1,6.2135,-1.8865,0,0
0.95,4.413e+05,285.54,-0.27898,1,6.2866,-1.8134,0,0
0.96823,4.3285e+05,283.93,-0.26774,1,6.3597,-1.7403,0,0
0.98646,4.2441e+05,282.32,-0.25649,1,6.4328,-1.6672,0,0
1.0047,4.1596e+05,280.71,-0.24525,1,6.5059,-1.5941,0,0
1.0229,4.0751e+05,279.1,-0.234,1,6.579,-1.521,0,0
1.0412,3.9907e+05,277.48,-0.22275,1,6.6521,-1.4479,0,0
1.0594,3.9062e+05,275.87,-0.21151,1,6.7252,-1.3748,0,0
1.0761,3.83e+05,274.33,-0.20026,1,6.7983,-1.3017,0,0
1.092,3.7586e+05,272.84,-0.18902,1,6.8714,-1.2286,0,0
1.1079,3.6872e+05,271.35,-0.17777,1,6.9445,-1.1555,0,0
1.1238,3.6158e+05,269.86,-0.16652,1,7.0176,-1.0824,0,0
1.1414,3.538e+05,268.14,-0.15528,1,7.0907,-1.0093,0,0
1.1592,3.4595e+05,266.41,-0.14403,1,7.1638,-0.9362,0,0
1.177,3.381e+05,264.67,-0.13278,1,7.2369,-0.8631,0,0
1.195,3.3024e+05,262.9,-0.12154,1,7.31,-0.79,0,0
1.2139,3.2233e+05,261.03,-0.11029,1,7.3831,-0.7169,0,0
1.2328,3.1441e+05,259.15,-0.099046,1,7.4562,-0.6438,0,0
1.2517,3.0649e+05,257.27,-0.0878,1,7.5293,-0.5707,0,0
1.2707,2.9877e+05,255.39,-0.076554,1,7.6024,-0.4976,0,0
1.2898,2.913e+05,253.51,-0.065308,1,7.6755,-0.4245,0,0
1.3089,2.8383e+05,251.63,-0.054062,1,7.7486,-0.3514,0,0
1.328,2.7636e+05,249.75,-0.042815,1,7.8217,-0.2783,0,0
1.3472,2.6924e+05,247.88,-0.031569,1,7.8948,-0.2052,0,0
1.3665,2.623e+05,246.01,-0.020323,1,7.9679,-0.1321,0,0
1.3858,2.5535e+05,244.14,-0.009077,1,8.041,-0.059,0,0
1.405,2.4841e+05,242.27,0.0021692,1,8.1141,0.0141,0,0
1.4244,2.4191e+05,240.4,0.013415,1,8.1872,0.0872,0,0
1.4437,2.3545e+05,238.53,0.024661,1,8.2603,0.1603,0,0
1.4631,2.29e+05,236.66,0.035908,1,8.3334,0.2334,0,0
1.4824,2.2263e+05,234.8,0.047154,1,8.4065,0.3065,0,0
1.5017,2.1681e+05,232.99,0.0584,1,8.4796,0.3796,0,0
1.521,2.1099e+05,231.18,0.069646,1,8.5527,0.4527,0,0
1.5404,2.0517e+05,229.37,0.080892,1,8.6258,0.5258,0,0
1.5596,1.995e+05,227.57,0.092138,1,8.6989,0.5989,0,0
1.5788,1.9412e+05,225.76,0.10338,1,8.772,0.672,0,0
1.598,1.8874e+05,223.96,0.11463,1,8.8451,0.7451,0,0
1.6172,1.8336e+05,222.16,0.12588,1,8.9182,0.8182,0,0
1.6359,1.7836e+05,220.42,0.13712,1,8.9913,0.8913,0,0
1.6543,1.7369e+05,218.73,0.14837,1,9.0644,0.9644,0,0
1.6727,1.6902e+05,217.04,0.15962,1,9.1375,1.0375,0,0
1.6911,1.6435e+05,215.35,0.17086,1,9.2106,1.1106,0,0
1.7086,1.6019e+05,213.77,0.18211,1,9.2837,1.1837,0,0
1.7257,1.5625e+05,212.23,0.19335,1,9.3568,1.2568,0,0
1.7428,1.523e+05,210.7,0.2046,1,9.4299,1.3299,0,0
1.7599,1.4836e+05,209.16,0.21585,1,9.503,1.403,0,0
1.7756,1.4502e+05,207.79,0.22709,1,9.5761,1.4761,0,0
1.7911,1.4176e+05,206.43,0.23834,1,9.6492,1.5492,0,0
1.8066,1.385e+05,205.07,0.24958,1,9.7223,1.6223,0,0
1.822,1.3526e+05,203.72,0.26083,1,9.7954,1.6954,0,0
1.8349,1.3274e+05,202.6,0.27208,1,9.8685,1.7685,0,0
1.8479,1.3022e+05,201.48,0.28332,1,9.9416,1.8416,0,0
1.8608,1.277e+05,200.36,0.29457,1,10.015,1.9147,0,0
1.873,1.2534e+05,199.3,0.30582,1,10.088,1.9878,0,0
1.881,1.2377e+05,198.55,0.31706,1,10.161,2.0609,0,0
1.8891,1.2221e+05,197.81,0.32831,1,10.234,2.134,0,0
1.8971,1.2064e+05,197.07,0.33955,1,10.307,2.2071,0,0
1.9034,1.1933e+05,196.44,0.3508,1,10.38,2.2802,0,0
1.9051,1.1866e+05,196.12,0.36205,1,10.453,2.3533,0,0
1.9069,1.1798e+05,195.8,0.37329,1,10.526,2.4264,0,0
1.9087,1.1731e+05,195.47,0.38454,1,10.599,2.4995,0,0
1.9093,1.1696e+05,195.31,0.39578,1,10.673,2.5726,0,0
1.9084,1.1708e+05,195.36,0.40703,1,10.746,2.6457,0,0
1.9075,1.1721e+05,195.42,0.41828,1,10.819,2.7188,0,0
1.9066,1.1733e+05,195.48,0.42952,1,10.892,2.7919,0,0
1.9042,1.177e+05,195.66,0.44077,1,10.965,2.865,0,0
1.9002,1.1832e+05,195.96,0.45202,1,11.038,2.9381,0,0
1.8963,1.1893e+05,196.26,0.46326,1,11.111,3.0112,0,0
1.8923,1.1955e+05,196.55,0.47451,1,11.184,3.0843,0,0
1.8881,1.2029e+05,196.92,0.48575,1,11.257,3.1574,0,0
1.8837,1.2113e+05,197.32,0.497,1,11.33,3.2305,0,0
1.8792,1.2196e+05,197.73,0.50825,1,11.404,3.3036,0,0
1.8748,1.2279e+05,198.13,0.51949,1,11.477,3.3767,0,0
1.8728,1.2332e+05,198.38,0.53074,1,11.55,3.4498,0,0
1.872,1.2371e+05,198.55,0.54198,1,11.623,3.5229,0,0
1.8711,1.2409e+05,198.72,0.55323,1,11.696,3.596,0,0
1.8703,1.2448e+05,198.89,0.56448,1,11.769,3.6691,0,0
1.8705,1.2452e+05,198.92,0.57572,1,11.842,3.7422,0,0
1.8711,1.2445e+05,198.89,0.58697,1,11.915,3.8153,0,0
1.8717,1.2439e+05,198.86,0.59822,1,11.988,3.8884,0,0
1.8722,1.2432e+05,198.83,0.60946,1,12.062,3.9615,0,0
1.8749,1.2387e+05,198.63,0.62071,1,12.135,4.0346,0,0
1.8782,1.2332e+05,198.38,0.63195,1,12.208,4.1077,0,0
1.8814,1.2277e+05,198.13,0.6432,1,12.281,4.1808,0,0
1.8847,1.2223e+05,197.88,0.65445,1,12.354,4.2539,0,0
1.8917,1.2088e+05,197.25,0.66569,1,12.427,4.327,0,0
1.8994,1.1935e+05,196.54,0.67694,1,12.5,4.4001,0,0
1.9072,1.1782e+05,195.82,0.68818,1,12.573,4.4732,0,0
1.915,1.1629e+05,195.11,0.69943,1,12.646,4.5463,0,0
1.9252,1.1456e+05,194.27,0.71068,1,12.719,4.6194,0,0
1.9358,1.1278e+05,193.4,0.72192,1,12.792,4.6925,0,0
1.9464,1.11e+05,192.54,0.73317,1,12.866,4.7656,0,0
1.957,1.0923e+05,191.68,0.74442,1,12.939,4.8387,0,0
1.9724,1.0674e+05,190.42,0.75566,1,13.012,4.9118,0,0
1.9887,1.0412e+05,189.09,0.76691,1,13.085,4.9849,0,0
2.005,1.0151e+05,187.75,0.77815,1,13.158,5.058,0,0
2.0213,98887,186.42,0.7894,1,13.231,5.1311,0,0
2.0414,95943,184.8,0.80065,1,13.304,5.2042,0,0
2.0622,92933,183.13,0.81189,1,13.377,5.2773,0,0
2.0831,89923,181.46,0.82314,1,13.45,5.3504,0,0
2.1039,86913,179.78,0.83438,1,13.524,5.4235,0,0
2.1265,83970,177.99,0.84563,1,13.597,5.4966,0,0
2.1496,81042,176.18,0.85688,1,13.67,5.5697,0,0
2.1727,78115,174.37,0.86812,1,13.743,5.6428,0,0
2.1958,75187,172.55,0.87937,1,13.816,5.7159,0,0
2.2199,72470,170.73,0.89062,1,13.889,5.789,0,0
2.2443,69813,168.89,0.90186,1,13.962,5.8621,0,0
2.2687,67156,167.06,0.91311,1,14.035,5.9352,0,0
2.2931,64499,165.23,0.92435,1,14.108,6.0083,0,0
2.3187,62032,163.38,0.9356,1,14.181,6.0814,0,0
2.3447,59631,161.52,0.94685,1,14.254,6.1545,0,0
2.3708,57230,159.67,0.95809,1,14.328,6.2276,0,0
2.3968,54829,157.81,0.96934,1,14.401,6.3007,0,0
2.4238,52645,155.98,0.98058,1,14.474,6.3738,0,0
2.4514,50566,154.17,0.99183,1,14.547,6.4469,0,0
2.4789,48488,152.35,1.0031,1,14.62,6.52,0,0
2.5064,46409,150.54,1.0143,1,14.693,6.5931,0,0
2.5314,44628,148.86,1.0256,1,14.766,6.6662,0,0
2.5547,43039,147.28,1.0368,1,14.839,6.7393,0,0
2.578,41450,145.7,1.0481,1,14.912,6.8124,0,0
2.6013,39861,144.12,1.0593,1,14.986,6.8855,0,0
2.6218,38562,142.77,1.0706,1,15.059,6.9586,0,0
2.6395,37542,141.63,1.0818,1,15.132,7.0317,0,0
2.6573,36521,140.48,1.093,1,15.205,7.1048,0,0
2.675,35501,139.34,1.1043,1,15.278,7.1779,0,0
2.6923,34552,138.26,1.1155,1,15.351,7.251,0,0
2.7088,33705,137.24,1.1268,1,15.424,7.3241,0,0
2.7253,32857,136.23,1.138,1,15.497,7.3972,0,0
2.7418,32010,135.22,1.1493,1,15.57,7.4703,0,0
2.7581,31205,134.25,1.1605,1,15.643,7.5434,0,0
2.7736,30503,133.35,1.1718,1,15.717,7.6165,0,0
2.7892,29802,132.46,1.183,1,15.79,7.6896,0,0
2.8047,29101,131.57,1.1943,1,15.863,7.7627,0,0
2.8203,28407,130.68,1.2055,1,15.936,7.8358,0,0
2.8361,27745,129.77,1.2168,1,16.009,7.9089,0,0
2.8518,27083,128.87,1.228,1,16.082,7.982,0,0
2.8676,26421,127.96,1.2392,1,16.155,8.0551,0,0
2.8834,25760,127.05,1.2505,1,16.228,8.1282,0,0
2.8983,25222,126.27,1.2617,1,16.301,8.2013,0,0
2.9132,24685,125.49,1.273,1,16.374,8.2744,0,0
2.9281,24148,124.71,1.2842,1,16.448,8.3475,0,0
2.9429,23611,123.93,1.2955,1,16.521,8.4206,0,0
2.9584,23074,123.1,1.3067,1,16.594,8.4937,0,0
2.974,22537,122.27,1.318,1,16.667,8.5668,0,0
2.9897,22000,121.43,1.3292,1,16.74,8.6399,0,0
3.0053,21463,120.6,1.3405,1,16.813,8.713,0,0
3.0204,20991,119.83,1.3517,1,16.886,8.7861,0,0
3.0353,20550,119.1,1.363,1,16.959,8.8592,0,0
3.0501,20109,118.37,1.3742,1,17.032,8.9323,0,0
3.065,19668,117.64,1.3854,1,17.105,9.0054,0,0
3.0804,19224,116.88,1.3967,1,17.179,9.0785,0,0
3.0963,18777,116.08,1.4079,1,17.252,9.1516,0,0
3.1122,18330,115.29,1.4192,1,17.325,9.2247,0,0
3.1281,17882,114.5,1.4304,1,17.398,9.2978,0,0
3.1439,17458,113.73,1.4417,1,17.471,9.3709,0,0
3.1593,17087,113.03,1.4529,1,17.544,9.444,0,0
3.1746,16716,112.32,1.4642,1,17.617,9.5171,0,0
3.19,16345,111.61,1.4754,1,17.69,9.5902,0,0
3.2054,15973,110.89,1.4867,1,17.763,9.6633,0,0
3.2219,15598,110.13,1.4979,1,17.836,9.7364,0,0
3.2384,15222,109.36,1.5092,1,17.91,9.8095,0,0
3.2549,14847,108.6,1.5204,1,17.983,9.8826,0,0
3.2714,14471,107.83,1.5316,1,18.056,9.9557,0,0
3.2871,14154,107.14,1.5429,1,18.129,10.029,0,0
3.3028,13848,106.46,1.5541,1,18.202,10.102,0,0
3.3185,13542,105.79,1.5654,1,18.275,10.175,0,0
3.3342,13235,105.11,1.5766,1,18.348,10.248,0,0
3.3504,12931,104.41,1.5879,1,18.421,10.321,0,0
3.367,12628,103.69,1.5991,1,18.494,10.394,0,0
3.3836,12325,102.98,1.6104,1,18.567,10.467,0,0
3.4002,12021,102.26,1.6216,1,18.64,10.54,0,0
3.4166,11734,101.57,1.6329,1,18.714,10.614,0,0
3.4326,11478,100.9,1.6441,1,18.787,10.687,0,0
3.4487,11222,100.24,1.6554,1,18.86,10.76,0,0
3.4648,10966,99.577,1.6666,1,18.933,10.833,0,0
3.4814,10705,98.895,1.6778,1,19.006,10.906,0,0
3.5047,10378,97.979,1.6891,1,19.079,10.979,0,0
3.528,10051,97.063,1.7003,1,19.152,11.052,0,0
3.5513,9724.8,96.148,1.7116,1,19.225,11.125,0,0
3.5745,9398.2,95.232,1.7228,1,19.298,11.198,0,0
3.6007,9063,94.215,1.7341,1,19.372,11.271,0,0
3.6277,8725.4,93.17,1.7453,1,19.445,11.345,0,0
3.6525,8419.6,92.2,1.7566,1,19.518,11.418,0,0
3.6729,8179.6,91.419,1.7678,1,19.591,11.491,0,0
3.6936,7959.3,90.681,1.7791,1,19.664,11.564,0,0
3.7184,7678.1,89.749,1.7903,1,19.737,11.637,0,0
2.5693,18182,142.47,1.8016,1,19.81,11.71,0,0
0.85067,76602,277.85,1.8128,1,19.883,11.783,0,0
0.39333,1.167e+05,325.06,1.824,1,19.956,11.856,0,0
0.29676,1.2517e+05,332.82,1.8353,1,20.029,11.929,0,0
0.26945,1.2672e+05,333.21,1.8465,1,20.103,12.002,0,0
0.24067,1.2557e+05,331.34,1.8578,1,20.176,12.076,0,0
0.21189,1.244e+05,329.44,1.869,1,20.249,12.149,0,0
0.20564,1.2622e+05,331.15,1.8803,1,20.322,12.222,0,0
0.20401,1.2867e+05,333.6,1.8915,1,20.395,12.295,0,0
0.20239,1.3111e+05,336.05,1.9028,1,20.468,12.368,0,0
0.20076,1.3355e+05,338.5,1.914,1,20.541,12.441,0,0
0.19913,1.3599e+05,340.95,1.9253,1,20.614,12.514,0,0
0.19751,1.3844e+05,343.4,1.9365,1,20.687,12.587,0,0
0.19588,1.4088e+05,345.85,1.9478,1,20.76,12.66,0,0
0.19425,1.4332e+05,348.3,1.959,1,20.833,12.733,0,0
0.19324,1.4569e+05,350.43,1.9702,1,20.907,12.807,0,0
0.19658,1.4754e+05,350.26,1.9815,1,20.98,12.88,0,0
0.19992,1.4939e+05,350.08,1.9927,1,21.053,12.953,0,0
0.20326,1.5123e+05,349.91,2.004,1,21.126,13.026,0,0
0.20661,1.5308e+05,349.73,2.0152,1,21.199,13.099,0,0
0.20995,1.5493e+05,349.56,2.0265,1,21.272,13.172,0,0
0.21329,1.5678e+05,349.38,2.0377,1,21.345,13.245,0,0
0.21663,1.5862e+05,349.2,2.049,1,21.418,13.318,0,0
0.21997,1.6047e+05,349.03,2.0602,1,21.491,13.391,0,0
0.22314,1.6176e+05,348.37,2.0715,1,21.564,13.464,0,0
0.226,1.6206e+05,346.83,2.0827,1,21.638,13.538,0,0
0.22886,1.6235e+05,345.3,2.094,1,21.711,13.611,0,0
0.23172,1.6264e+05,343.76,2.1052,1,21.784,13.684,0,0
0.23458,1.6293e+05,342.23,2.1164,1,21.857,13.757,0,0
0.23744,1.6322e+05,340.69,2.1277,1,21.93,13.83,0,0
0.24029,1.6351e+05,339.16,2.1389,1,22.003,13.903,0,0
0.24315,1.638e+05,337.62,2.1502,1,22.076,13.976,0,0
0.24601,1.6409e+05,336.09,2.1614,1,22.149,14.049,0,0
0.25021,1.6417e+05,334.91,2.1727,1,22.222,14.122,0,0
0.25557,1.6405e+05,334.05,2.1839,1,22.295,14.195,0,0
0.26094,1.6394e+05,333.18,2.1952,1,22.369,14.269,0,0
0.2663,1.6382e+05,332.32,2.2064,1,22.442,14.342,0,0
0.27167,1.6371e+05,331.46,2.2177,1,22.515,14.415,0,0
0.27703,1.6359e+05,330.6,2.2289,1,22.588,14.488,0,0
0.2824,1.6348e+05,329.73,2.2402,1,22.661,14.561,0,0
0.28776,1.6336e+05,328.87,2.2514,1,22.734,14.634,0,0
0.29313,1.6325e+05,328.01,2.2626,1,22.807,14.707,0,0
0.29894,1.6319e+05,327.51,2.2739,1,22.88,14.78,0,0
0.30501,1.6317e+05,327.23,2.2851,1,22.953,14.853,0,0
0.31107,1.6314e+05,326.94,2.2964,1,23.027,14.926,0,0
0.31714,1.6312e+05,326.65,2.3076,1,23.1,15,0,0
0.3232,1.6309e+05,326.36,2.3189,1,23.173,15.073,0,0
0.32927,1.6306e+05,326.07,2.3301,1,23.246,15.146,0,0
0.33533,1.6304e+05,325.78,2.3414,1,23.319,15.219,0,0
0.3414,1.6301e+05,325.49,2.3526,1,23.392,15.292,0,0
0.34747,1.6299e+05,325.2,2.3639,1,23.465,15.365,0,0
0.35425,1.6287e+05,324.95,2.3751,1,23.538,15.438,0,0
0.36136,1.627e+05,324.72,2.3864,1,23.611,15.511,0,0
0.36847,1.6254e+05,324.5,2.3976,1,23.684,15.584,0,0
0.37558,1.6237e+05,324.27,2.4088,1,23.757,15.657,0,0
0.38269,1.6221e+05,324.04,2.4201,1,23.831,15.731,0,0
0.3898,1.6204e+05,323.81,2.4313,1,23.904,15.804,0,0
0.39691,1.6188e+05,323.58,2.4426,1,23.977,15.877,0,0
0.40401,1.6171e+05,323.35,2.4538,1,24.05,15.95,0,0
0.41112,1.6155e+05,323.12,2.4651,1,24.123,16.023,0,0
0.41907,1.6122e+05,322.74,2.4763,1,24.196,16.096,0,0
0.42741,1.6082e+05,322.3,2.4876,1,24.269,16.169,0,0
0.43575,1.6041e+05,321.86,2.4988,1,24.342,16.242,0,0
0.44409,1.6001e+05,321.42,2.5101,1,24.415,16.315,0,0
0.45243,1.5961e+05,320.98,2.5213,1,24.489,16.389,0,0
0.46077,1.592e+05,320.54,2.5326,1,24.562,16.462,0,0
0.46911,1.588e+05,320.1,2.5438,1,24.635,16.535,0,0
0.47745,1.584e+05,319.65,2.555,1,24.708,16.608,0,0
0.48579,1.58e+05,319.21,2.5663,1,24.781,16.681,0,0
0.49499,1.5748e+05,318.67,2.5775,1,24.854,16.754,0,0
0.50473,1.5689e+05,318.08,2.5888,1,24.927,16.827,0,0
0.51448,1.563e+05,317.48,2.6,1,25,16.9,0,0
0.52423,1.5571e+05,316.88,2.6113,1,25.073,16.973,0,0
0.53398,1.5512e+05,316.28,2.6225,1,25.146,17.046,0,0
0.54373,1.5453e+05,315.68,2.6338,1,25.219,17.119,0,0
0.55347,1.5394e+05,315.08,2.645,1,25.293,17.193,0,0
0.56322,1.5335e+05,314.48,2.6563,1,25.366,17.266,0,0
0.57297,1.5276e+05,313.88,2.6675,1,25.439,17.339,0,0
0.58343,1.5201e+05,313.2,2.6788,1,25.512,17.412,0,0
0.59468,1.5107e+05,312.43,2.69,1,25.585,17.485,0,0
0.60593,1.5013e+05,311.65,2.7012,1,25.658,17.558,0,0
0.61718,1.4919e+05,310.87,2.7125,1,25.731,17.631,0,0
0.62843,1.4824e+05,310.1,2.7237,1,25.804,17.704,0,0
0.63968,1.473e+05,309.32,2.735,1,25.877,17.777,0,0
0.65092,1.4636e+05,308.55,2.7462,1,25.951,17.851,0,0
0.66217,1.4542e+05,307.77,2.7575,1,26.024,17.924,0,0
0.67342,1.4448e+05,306.99,2.7687,1,26.097,17.997,0,0
0.68499,1.4346e+05,306.18,2.78,1,26.17,18.07,0,0
0.69739,1.4224e+05,305.27,2.7912,1,26.243,18.143,0,0
0.70978,1.4102e+05,304.35,2.8025,1,26.316,18.216,0,0
0.72217,1.398e+05,303.44,2.8137,1,26.389,18.289,0,0
0.73456,1.3858e+05,302.53,2.825,1,26.462,18.362,0,0
0.74695,1.3737e+05,301.62,2.8362,1,26.535,18.435,0,0
0.75935,1.3615e+05,300.7,2.8474,1,26.608,18.508,0,0
0.77174,1.3493e+05,299.79,2.8587,1,26.681,18.581,0,0
0.78413,1.3371e+05,298.88,2.8699,1,26.755,18.655,0,0
0.79654,1.3248e+05,297.96,2.8812,1,26.828,18.728,0,0
0.80953,1.3107e+05,296.94,2.8924,1,26.901,18.801,0,0
0.82252,1.2966e+05,295.91,2.9037,1,26.974,18.874,0,0
0.83551,1.2825e+05,294.88,2.9149,1,27.047,18.947,0,0
0.8485,1.2683e+05,293.85,2.9262,1,27.12,19.02,0,0
0.86149,1.2542e+05,292.83,2.9374,1,27.193,19.093,0,0
0.87448,1.2401e+05,291.8,2.9487,1,27.266,19.166,0,0
0.88748,1.226e+05,290.77,2.9599,1,27.339,19.239,0,0
0.90047,1.2118e+05,289.74,2.9712,1,27.413,19.312,0,0
0.91346,1.1977e+05,288.72,2.9824,1,27.486,19.386,0,0
0.92648,1.1832e+05,287.63,2.9936,1,27.559,19.459,0,0
0.93951,1.1686e+05,286.51,3.0049,1,27.632,19.532,0,0
0.95255,1.154e+05,285.39,3.0161,1,27.705,19.605,0,0
0.96558,1.1393e+05,284.28,3.0274,1,27.778,19.678,0,0
0.97861,1.1247e+05,283.16,3.0386,1,27.851,19.751,0,0
0.99165,1.1101e+05,282.04,3.0499,1,27.924,19.824,0,0
1.0047,1.0954e+05,280.92,3.0611,1,27.997,19.897,0,0
1.0177,1.0808e+05,279.81,3.0724,1,28.07,19.97,0,0
1.0307,1.0662e+05,278.69,3.0836,1,28.143,20.043,0,0
1.0437,1.0518e+05,277.57,3.0949,1,28.217,20.117,0,0
1.0563,1.0379e+05,276.43,3.1061,1,28.29,20.19,0,0
1.0689,1.024e+05,275.3,3.1174,1,28.363,20.263,0,0
1.0816,1.0101e+05,274.16,3.1286,1,28.436,20.336,0,0
1.0942,99621,273.03,3.1398,1,28.509,20.409,0,0
1.1069,98232,271.89,3.1511,1,28.582,20.482,0,0
1.1195,96842,270.76,3.1623,1,28.655,20.555,0,0
1.1321,95453,269.62,3.1736,1,28.728,20.628,0,0
1.1448,94063,268.49,3.1848,1,28.801,20.701,0,0
1.1574,92674,267.35,3.1961,1,28.875,20.774,0,0
1.1695,91405,266.24,3.2073,1,28.948,20.848,0,0
1.1815,90154,265.14,3.2186,1,29.021,20.921,0,0
1.1935,88903,264.04,3.2298,1,29.094,20.994,0,0
1.2055,87652,262.94,3.2411,1,29.167,21.067,0,0
1.2176,86401,261.84,3.2523,1,29.24,21.14,0,0
1.2296,85150,260.73,3.2636,1,29.313,21.213,0,0
1.2416,83899,259.63,3.2748,1,29.386,21.286,0,0
1.2536,82648,258.53,3.286,1,29.459,21.359,0,0
1.2656,81396,257.43,3.2973,1,29.532,21.432,0,0
1.2773,80206,256.35,3.3085,1,29.605,21.505,0,0
1.2886,79122,255.31,3.3198,1,29.679,21.579,0,0
1.2998,78038,254.27,3.331,1,29.752,21.652,0,0
1.3111,76954,253.23,3.3423,1,29.825,21.725,0,0
1.3223,75870,252.2,3.3535,1,29.898,21.798,0,0
1.3336,74786,251.16,3.3648,1,29.971,21.871,0,0
1.3448,73702,250.12,3.376,1,30.044,21.944,0,0
1.356,72618,249.08,3.3873,1,30.117,22.017,0,0
1.3673,71534,248.05,3.3985,1,30.19,22.09,0,0
1.3785,70450,247.01,3.4098,1,30.263,22.163,0,0
1.389,69506,246.05,3.421,1,30.337,22.236,0,0
1.3993,68599,245.1,3.4322,1,30.41,22.31,0,0
1.4096,67692,244.16,3.4435,1,30.483,22.383,0,0
1.4199,66785,243.22,3.4547,1,30.556,22.456,0,0
1.4301,65879,242.27,3.466,1,30.629,22.529,0,0
1.4404,64972,241.33,3.4772,1,30.702,22.602,0,0
1.4507,64065,240.39,3.4885,1,30.775,22.675,0,0
1.461,63158,239.44,3.4997,1,30.848,22.748,0,0
1.4712,62252,238.5,3.511,1,30.921,22.821,0,0
1.4814,61372,237.57,3.5222,1,30.994,22.894,0,0
1.4906,60657,236.71,3.5335,1,31.068,22.968,0,0
1.4998,59941,235.85,3.5447,1,31.141,23.041,0,0
1.5089,59226,234.99,3.556,1,31.214,23.114,0,0
1.5181,58510,234.13,3.5672,1,31.287,23.187,0,0
1.5273,57795,233.27,3.5784,1,31.36,23.26,0,0
1.5365,57079,232.4,3.5897,1,31.433,23.333,0,0
1.5457,56364,231.54,3.6009,1,31.506,23.406,0,0
1.5549,55648,230.68,3.6122,1,31.579,23.479,0,0
1.5641,54933,229.82,3.6234,1,31.652,23.552,0,0
1.5731,54303,228.87,3.6347,1,31.725,23.625,0,0
1.5819,53784,227.8,3.6459,1,31.799,23.698,0,0
1.5907,53265,226.74,3.6572,1,31.872,23.772,0,0
1.5994,52746,225.67,3.6684,1,31.945,23.845,0,0
1.6082,52227,224.6,3.6797,1,32.018,23.918,0,0
1.617,51708,223.54,3.6909,1,32.091,23.991,0,0
1.6258,51190,222.47,3.7022,1,32.164,24.064,0,0
1.6346,50671,221.4,3.7134,1,32.237,24.137,0,0
1.6434,50152,220.34,3.7246,1,32.31,24.21,0,0
1.6521,49633,219.27,3.7359,1,32.383,24.283,0,0
1.6593,49277,218.25,3.7471,1,32.456,24.356,0,0
1.6657,49006,217.27,3.7584,1,32.53,24.43,0,0
1.6721,48735,216.28,3.7696,1,32.603,24.503,0,0
1.6785,48464,215.29,3.7809,1,32.676,24.576,0,0
1.6849,48193,214.3,3.7921,1,32.749,24.649,0,0
1.6913,47922,213.31,3.8034,1,32.822,24.722,0,0
1.6977,47651,212.32,3.8146,1,32.895,24.795,0,0
1.7041,47381,211.34,3.8259,1,32.968,24.868,0,0
1.7105,47110,210.35,3.8371,1,33.041,24.941,0,0
1.7168,46839,209.36,3.8484,1,33.114,25.014,0,0
1.7196,46781,209.09,3.8596,1,33.187,25.087,0,0
1.7214,46771,208.99,3.8708,1,33.26,25.16,0,0
1.7233,46761,208.89,3.8821,1,33.334,25.234,0,0
1.7252,46751,208.79,3.8933,1,33.407,25.307,0,0
1.7271,46741,208.68,3.9046,1,33.48,25.38,0,0
1.729,46731,208.58,3.9158,1,33.553,25.453,0,0
1.7308,46722,208.48,3.9271,1,33.626,25.526,0,0
1.7327,46712,208.37,3.9383,1,33.699,25.599,0,0
1.7346,46702,208.27,3.9496,1,33.772,25.672,0,0
1.7365,46692,208.17,3.9608,1,33.845,25.745,0,0
1.7361,46785,208.3,3.9721,1,33.918,25.818,0,0
1.7355,46890,208.45,3.9833,1,33.992,25.892,0,0
1.7348,46994,208.61,3.9946,1,34.065,25.965,0,0
1.7342,47098,208.77,4.0058,1,34.138,26.038,0,0
1.7336,47202,208.92,4.017,1,34.211,26.111,0,0
1.733,47306,209.08,4.0283,1,34.284,26.184,0,0
1.7323,47410,209.23,4.0395,1,34.357,26.257,0,0
1.7317,47514,209.39,4.0508,1,34.43,26.33,0,0
1.7311,47619,209.54,4.062,1,34.503,26.403,0,0
1.7304,47723,209.7,4.0733,1,34.576,26.476,0,0
1.7252,48119,210.19,4.0845,1,34.649,26.549,0,0
1.7196,48538,210.72,4.0958,1,34.722,26.622,0,0
1.7141,48957,211.24,4.107,1,34.796,26.696,0,0
1.7085,49376,211.77,4.1183,1,34.869,26.769,0,0
1.7029,49795,212.29,4.1295,1,34.942,26.842,0,0
1.6973,50213,212.81,4.1408,1,35.015,26.915,0,0
1.6918,50632,213.34,4.152,1,35.088,26.988,0,0
1.6862,51051,213.86,4.1632,1,35.161,27.061,0,0
1.6806,51470,214.39,4.1745,1,35.234,27.134,0,0
1.675,51889,214.91,4.1857,1,35.307,27.207,0,0
1.6626,52861,216.1,4.197,1,35.38,27.28,0,0
1.6492,53907,217.38,4.2082,1,35.453,27.354,0,0
1.6358,54952,218.66,4.2195,1,35.527,27.427,0,0
1.6225,55997,219.94,4.2307,1,35.6,27.5,0,0
1.6091,57042,221.22,4.242,1,35.673,27.573,0,0
1.5957,58087,222.5,4.2532,1,35.746,27.646,0,0
1.5824,59132,223.78,4.2645,1,35.819,27.719,0,0
1.569,60177,225.06,4.2757,1,35.892,27.792,0,0
1.5556,61222,226.34,4.287,1,35.965,27.865,0,0
1.5422,62267,227.62,4.2982,1,36.038,27.938,0,0
1.525,63952,229.29,4.3094,1,36.111,28.011,0,0
1.5066,65827,231.08,4.3207,1,36.185,28.084,0,0
1.4882,67702,232.86,4.3319,1,36.258,28.158,0,0
1.4698,69577,234.65,4.3432,1,36.331,28.231,0,0
1.4514,71452,236.43,4.3544,1,36.404,28.304,0,0
1.433,73326,238.22,4.3657,1,36.477,28.377,0,0
1.4146,75201,240.01,4.3769,1,36.55,28.45,0,0
1.3962,77076,241.79,4.3882,1,36.623,28.523,0,0
1.3778,78951,243.58,4.3994,1,36.696,28.596,0,0
1.3594,80826,245.36,4.4107,1,36.769,28.669,0,0
1.3425,82962,247.03,4.4219,1,36.842,28.742,0,0
1.3266,85279,248.61,4.4332,1,36.916,28.816,0,0
1.3107,87597,250.2,4.4444,1,36.989,28.889,0,0
1.2948,89914,251.78,4.4556,1,37.062,28.962,0,0
1.2789,92232,253.36,4.4669,1,37.135,29.035,0,0
1.263,94549,254.95,4.4781,1,37.208,29.108,0,0
1.2471,96866,256.53,4.4894,1,37.281,29.181,0,0
1.2312,99184,258.11,4.5006,1,37.354,29.254,0,0
1.2153,1.015e+05,259.69,4.5119,1,37.427,29.327,0,0
1.1994,1.0382e+05,261.28,4.5231,1,37.5,29.4,0,0
1.1862,1.0603e+05,262.66,4.5344,1,37.573,29.473,0,0
1.1785,1.0803e+05,263.67,4.5456,1,37.646,29.546,0,0
1.1707,1.1002e+05,264.68,4.5569,1,37.72,29.62,0,0
1.163,1.1202e+05,265.69,4.5681,1,37.793,29.693,0,0
1.1552,1.1402e+05,266.7,4.5794,1,37.866,29.766,0,0
1.1474,1.1602e+05,267.71,4.5906,1,37.939,29.839,0,0
1.1397,1.1802e+05,268.71,4.6018,1,38.012,29.912,0,0
1.1319,1.2002e+05,269.72,4.6131,1,38.085,29.985,0,0
1.1242,1.2201e+05,270.73,4.6243,1,38.158,30.058,0,0
1.1164,1.2401e+05,271.74,4.6356,1,38.231,30.131,0,0
1.1088,1.26e+05,272.74,4.6468,1,38.304,30.204,0,0
1.1069,1.2742e+05,273.23,4.6581,1,38.378,30.278,0,0
1.105,1.2883e+05,273.71,4.6693,1,38.451,30.351,0,0
1.1031,1.3025e+05,274.2,4.6806,1,38.524,30.424,0,0
1.1012,1.3167e+05,274.69,4.6918,1,38.597,30.497,0,0
1.0993,1.3309e+05,275.18,4.7031,1,38.67,30.57,0,0
1.0974,1.345e+05,275.67,4.7143,1,38.743,30.643,0,0
1.0955,1.3592e+05,276.16,4.7256,1,38.816,30.716,0,0
1.0936,1.3734e+05,276.65,4.7368,1,38.889,30.789,0,0
1.0917,1.3876e+05,277.13,4.748,1,38.962,30.862,0,0
1.0898,1.4017e+05,277.62,4.7593,1,39.035,30.935,0,0
1.0896,1.4116e+05,277.73,4.7705,1,39.108,31.008,0,0
1.0905,1.4189e+05,277.6,4.7818,1,39.182,31.082,0,0
1.0914,1.4262e+05,277.47,4.793,1,39.255,31.155,0,0
1.0922,1.4335e+05,277.34,4.8043,1,39.328,31.228,0,0
1.0931,1.4409e+05,277.21,4.8155,1,39.401,31.301,0,0
1.094,1.4482e+05,277.09,4.8268,1,39.474,31.374,0,0
1.0949,1.4555e+05,276.96,4.838,1,39.547,31.447,0,0
1.0957,1.4628e+05,276.83,4.8493,1,39.62,31.52,0,0
1.0966,1.4701e+05,276.7,4.8605,1,39.693,31.593,0,0
1.0975,1.4774e+05,276.57,4.8718,1,39.766,31.666,0,0
1.0985,1.4836e+05,276.35,4.883,1,39.84,31.74,0,0
1.1002,1.4838e+05,275.65,4.8942,1,39.913,31.813,0,0
1.1019,1.4841e+05,274.94,4.9055,1,39.986,31.886,0,0
1.1036,1.4844e+05,274.24,4.9167,1,40.059,31.959,0,0
1.1054,1.4846e+05,273.53,4.928,1,40.132,32.032,0,0
1.1071,1.4849e+05,272.83,4.9392,1,40.205,32.105,0,0
1.1088,1.4852e+05,272.12,4.9505,1,40.278,32.178,0,0
1.1105,1.4854e+05,271.42,4.9617,1,40.351,32.251,0,0
1.1122,1.4857e+05,270.71,4.973,1,40.424,32.324,0,0
1.1139,1.486e+05,270.01,4.9842,1,40.497,32.397,0,0
1.1156,1.4862e+05,269.31,4.9955,1,40.571,32.471,0,0
1.1181,1.4847e+05,268.86,5.0067,1,40.644,32.544,0,0
1.1209,1.4822e+05,268.56,5.018,1,40.717,32.617,0,0
1.1238,1.4796e+05,268.26,5.0292,1,40.79,32.69,0,0
1.1267,1.477e+05,267.96,5.0404,1,40.863,32.763,0,0
1.1295,1.4745e+05,267.66,5.0517,1,40.936,32.836,0,0
1.1324,1.4719e+05,267.36,5.0629,1,41.009,32.909,0,0
1.1353,1.4693e+05,267.06,5.0742,1,41.082,32.982,0,0
1.1381,1.4668e+05,266.75,5.0854,1,41.155,33.055,0,0
1.141,1.4642e+05,266.45,5.0967,1,41.228,33.128,0,0
1.1438,1.4617e+05,266.15,5.1079,1,41.301,33.201,0,0
1.1467,1.459e+05,265.85,5.1192,1,41.375,33.275,0,0
1.1508,1.4517e+05,265.53,5.1304,1,41.448,33.348,0,0
1.1549,1.4443e+05,265.21,5.1417,1,41.521,33.421,0,0
1.1591,1.437e+05,264.89,5.1529,1,41.594,33.494,0,0
1.1632,1.4297e+05,264.56,5.1642,1,41.667,33.567,0,0
1.1673,1.4224e+05,264.24,5.1754,1,41.74,33.64,0,0
1.1714,1.4151e+05,263.92,5.1866,1,41.813,33.713,0,0
1.1755,1.4078e+05,263.59,5.1979,1,41.886,33.786,0,0
1.1796,1.4005e+05,263.27,5.2091,1,41.959,33.859,0,0
1.1837,1.3932e+05,262.95,5.2204,1,42.033,33.932,0,0
1.1878,1.3859e+05,262.63,5.2316,1,42.106,34.006,0,0
1.1926,1.3775e+05,262.24,5.2429,1,42.179,34.079,0,0
1.1987,1.3672e+05,261.73,5.2541,1,42.252,34.152,0,0
1.2048,1.3569e+05,261.21,5.2654,1,42.325,34.225,0,0
1.2109,1.3465e+05,260.7,5.2766,1,42.398,34.298,0,0
1.2169,1.3362e+05,260.19,5.2879,1,42.471,34.371,0,0
1.223,1.3259e+05,259.68,5.2991,1,42.544,34.444,0,0
1.2291,1.3156e+05,259.17,5.3104,1,42.617,34.517,0,0
1.2352,1.3052e+05,258.65,5.3216,1,42.69,34.59,0,0
1.2413,1.2949e+05,258.14,5.3328,1,42.764,34.664,0,0
1.2474,1.2846e+05,257.63,5.3441,1,42.837,34.737,0,0
1.2535,1.2742e+05,257.12,5.3553,1,42.91,34.81,0,0
1.2603,1.2632e+05,256.52,5.3666,1,42.983,34.883,0,0
1.2676,1.2517e+05,255.87,5.3778,1,43.056,34.956,0,0
1.2749,1.2403e+05,255.22,5.3891,1,43.129,35.029,0,0
1.2821,1.2288e+05,254.57,5.4003,1,43.202,35.102,0,0
1.2894,1.2173e+05,253.92,5.4116,1,43.275,35.175,0,0
1.2967,1.2058e+05,253.27,5.4228,1,43.348,35.248,0,0
1.304,1.1943e+05,252.62,5.4341,1,43.421,35.321,0,0
1.3112,1.1828e+05,251.97,5.4453,1,43.494,35.395,0,0
1.3185,1.1713e+05,251.32,5.4566,1,43.568,35.468,0,0
1.3258,1.1599e+05,250.67,5.4678,1,43.641,35.541,0,0
1.3331,1.1484e+05,250.02,5.479,1,43.714,35.614,0,0
1.3408,1.137e+05,249.32,5.4903,1,43.787,35.687,0,0
1.3487,1.1256e+05,248.61,5.5015,1,43.86,35.76,0,0
1.3566,1.1142e+05,247.89,5.5128,1,43.933,35.833,0,0
1.3645,1.1028e+05,247.17,5.524,1,44.006,35.906,0,0
1.3723,1.0915e+05,246.46,5.5353,1,44.079,35.979,0,0
1.3802,1.0801e+05,245.74,5.5465,1,44.152,36.052,0,0
1.3881,1.0687e+05,245.03,5.5578,1,44.226,36.125,0,0
1.396,1.0573e+05,244.31,5.569,1,44.299,36.199,0,0
1.4038,1.0459e+05,243.6,5.5803,1,44.372,36.272,0,0
1.4117,1.0345e+05,242.88,5.5915,1,44.445,36.345,0,0
1.4196,1.0232e+05,242.17,5.6028,1,44.518,36.418,0,0
1.4275,1.0127e+05,241.45,5.614,1,44.591,36.491,0,0
1.4354,1.0023e+05,240.73,5.6252,1,44.664,36.564,0,0
1.4434,99200,240.02,5.6365,1,44.737,36.637,0,0
1.4513,98166,239.3,5.6477,1,44.81,36.71,0,0
1.4592,97131,238.58,5.659,1,44.883,36.783,0,0
1.4672,96097,237.87,5.6702,1,44.956,36.856,0,0
1.4751,95062,237.15,5.6815,1,45.03,36.93,0,0
1.483,94028,236.43,5.6927,1,45.103,37.003,0,0
1.4909,92993,235.72,5.704,1,45.176,37.076,0,0
1.4989,91959,235,5.7152,1,45.249,37.149,0,0
1.5068,90924,234.29,5.7265,1,45.322,37.222,0,0
1.5146,89988,233.58,5.7377,1,45.395,37.295,0,0
1.5224,89064,232.88,5.749,1,45.468,37.368,0,0
1.5302,88139,232.17,5.7602,1,45.541,37.441,0,0
1.5379,87215,231.47,5.7714,1,45.614,37.514,0,0
1.5457,86290,230.77,5.7827,1,45.688,37.588,0,0
1.5535,85366,230.06,5.7939,1,45.761,37.661,0,0
1.5613,84441,229.36,5.8052,1,45.834,37.734,0,0
1.5691,83517,228.66,5.8164,1,45.907,37.807,0,0
1.5769,82592,227.95,5.8277,1,45.98,37.88,0,0
1.5846,81668,227.25,5.8389,1,46.053,37.953,0,0
1.5924,80743,226.55,5.8502,1,46.126,38.026,0,0
1.5998,79940,225.88,5.8614,1,46.199,38.099,0,0
1.6071,79158,225.23,5.8727,1,46.272,38.172,0,0
1.6145,78376,224.57,5.8839,1,46.345,38.245,0,0
1.6218,77594,223.92,5.8952,1,46.419,38.319,0,0
1.6291,76812,223.26,5.9064,1,46.492,38.392,0,0
1.6364,76030,222.61,5.9176,1,46.565,38.465,0,0
1.6438,75247,221.96,5.9289,1,46.638,38.538,0,0
1.6511,74465,221.3,5.9401,1,46.711,38.611,0,0
1.6584,73683,220.65,5.9514,1,46.784,38.684,0,0
1.6657,72901,219.99,5.9626,1,46.857,38.757,0,0
1.673,72119,219.34,5.9739,1,46.93,38.83,0,0
1.6797,71454,218.73,5.9851,1,47.003,38.903,0,0
1.6862,70833,218.15,5.9964,1,47.076,38.976,0,0
1.6926,70211,217.57,6.0076,1,47.149,39.049,0,0
1.6991,69590,216.99,6.0189,1,47.223,39.123,0,0
1.7055,68969,216.41,6.0301,1,47.296,39.196,0,0
1.712,68347,215.82,6.0414,1,47.369,39.269,0,0
1.7185,67726,215.24,6.0526,1,47.442,39.342,0,0
1.7249,67104,214.66,6.0638,1,47.515,39.415,0,0
1.7314,66483,214.08,6.0751,1,47.588,39.488,0,0
1.7378,65862,213.5,6.0863,1,47.661,39.561,0,0
1.7443,65240,212.91,6.0976,1,47.734,39.634,0,0
1.75,64730,212.34,6.1088,1,47.807,39.707,0,0
1.7552,64319,211.77,6.1201,1,47.881,39.78,0,0
1.7603,63907,211.2,6.1313,1,47.954,39.854,0,0
1.7655,63496,210.64,6.1426,1,48.027,39.927,0,0
1.7707,63084,210.07,6.1538,1,48.1,40,0,0
1.7758,62673,209.5,6.1651,1,48.173,40.073,0,0
1.781,62261,208.93,6.1763,1,48.246,40.146,0,0
1.7861,61849,208.36,6.1876,1,48.319,40.219,0,0
1.7913,61438,207.8,6.1988,1,48.392,40.292,0,0
1.7964,61026,207.23,6.21,1,48.465,40.365,0,0
1.8016,60615,206.66,6.2213,1,48.538,40.438,0,0
1.8062,60273,206.14,6.2325,1,48.612,40.512,0,0
1.809,60130,205.77,6.2438,1,48.685,40.585,0,0
1.8119,59986,205.4,6.255,1,48.758,40.658,0,0
1.8147,59843,205.03,6.2663,1,48.831,40.731,0,0
1.8175,59700,204.66,6.2775,1,48.904,40.804,0,0
1.8204,59556,204.29,6.2888,1,48.977,40.877,0,0
1.8232,59413,203.92,6.3,1,49.05,40.95,0,0
1.8261,59270,203.54,6.3113,1,49.123,41.023,0,0
1.8289,59126,203.17,6.3225,1,49.196,41.096,0,0
1.8318,58983,202.8,6.3338,1,49.269,41.169,0,0
1.8346,58840,202.43,6.345,1,49.342,41.243,0,0
1.8375,58696,202.06,6.3562,1,49.416,41.316,0,0
1.8377,58727,202.05,6.3675,1,49.489,41.389,0,0
1.8376,58774,202.08,6.3787,1,49.562,41.462,0,0
1.8375,58821,202.11,6.39,1,49.635,41.535,0,0
1.8375,58868,202.14,6.4012,1,49.708,41.608,0,0
1.8374,58915,202.17,6.4125,1,49.781,41.681,0,0
1.8373,58962,202.2,6.4237,1,49.854,41.754,0,0
1.8372,59009,202.22,6.435,1,49.927,41.827,0,0
1.8372,59056,202.25,6.4462,1,50,41.9,0,0
1.8371,59103,202.28,6.4575,1,50.074,41.973,0,0
1.837,59150,202.31,6.4687,1,50.147,42.047,0,0
1.837,59197,202.34,6.48,1,50.22,42.12,0,0
1.8356,59335,202.46,6.4912,1,50.293,42.193,0,0
1.8327,59570,202.67,6.5024,1,50.366,42.266,0,0
1.8299,59806,202.88,6.5137,1,50.439,42.339,0,0
1.8271,60042,203.09,6.5249,1,50.512,42.412,0,0
1.8243,60277,203.31,6.5362,1,50.585,42.485,0,0
1.8214,60513,203.52,6.5474,1,50.658,42.558,0,0
1.8186,60748,203.73,6.5587,1,50.731,42.631,0,0
1.8158,60984,203.94,6.5699,1,50.804,42.704,0,0
1.813,61220,204.16,6.5812,1,50.878,42.778,0,0
1.8101,61455,204.37,6.5924,1,50.951,42.851,0,0
1.8073,61691,204.58,6.6037,1,51.024,42.924,0,0
1.8045,61927,204.79,6.6149,1,51.097,42.997,0,0
1.7974,62570,205.38,6.6262,1,51.17,43.07,0,0
1.7902,63225,205.98,6.6374,1,51.243,43.143,0,0
1.783,63880,206.57,6.6486,1,51.316,43.216,0,0
1.7758,64535,207.17,6.6599,1,51.389,43.289,0,0
1.7686,65190,207.77,6.6711,1,51.462,43.362,0,0
1.7614,65845,208.36,6.6824,1,51.535,43.436,0,0
1.7542,66500,208.96,6.6936,1,51.609,43.509,0,0
1.747,67155,209.56,6.7049,1,51.682,43.582,0,0
1.7398,67810,210.16,6.7161,1,51.755,43.655,0,0
1.7326,68464,210.75,6.7274,1,51.828,43.728,0,0
1.7254,69119,211.35,6.7386,1,51.901,43.801,0,0
1.7163,70026,212.12,6.7499,1,51.974,43.874,0,0
1.7042,71335,213.18,6.7611,1,52.047,43.947,0,0
1.6921,72643,214.24,6.7724,1,52.12,44.02,0,0
1.68,73951,215.3,6.7836,1,52.193,44.093,0,0
1.6679,75260,216.36,6.7948,1,52.267,44.167,0,0
1.6558,76568,217.42,6.8061,1,52.34,44.24,0,0
1.6437,77876,218.48,6.8173,1,52.413,44.313,0,0
1.6316,79184,219.54,6.8286,1,52.486,44.386,0,0
1.6195,80493,220.6,6.8398,1,52.559,44.459,0,0
1.6074,81801,221.65,6.8511,1,52.632,44.532,0,0
1.5953,83109,222.71,6.8623,1,52.705,44.605,0,0
1.5832,84418,223.77,6.8736,1,52.778,44.678,0,0
1.5698,86149,224.99,6.8848,1,52.851,44.751,0,0
1.5558,88044,226.27,6.8961,1,52.924,44.824,0,0
1.5418,89939,227.55,6.9073,1,52.997,44.897,0,0
1.5278,91834,228.82,6.9186,1,53.071,44.971,0,0
1.5138,93729,230.1,6.9298,1,53.144,45.044,0,0
1.4998,95624,231.38,6.941,1,53.217,45.117,0,0
1.4858,97518,232.66,6.9523,1,53.29,45.19,0,0
1.4718,99413,233.94,6.9635,1,53.363,45.263,0,0
1.4578,1.0131e+05,235.22,6.9748,1,53.436,45.336,0,0
1.4438,1.032e+05,236.5,6.986,1,53.509,45.409,0,0
1.4298,1.051e+05,237.77,6.9973,1,53.582,45.482,0,0
1.4158,1.0699e+05,239.05,7.0085,1,53.655,45.555,0,0
1.4063,1.0871e+05,240.01,7.0198,1,53.729,45.628,0,0
1.3969,1.1042e+05,240.96,7.031,1,53.802,45.702,0,0
1.3874,1.1213e+05,241.91,7.0423,1,53.875,45.775,0,0
1.378,1.1384e+05,242.86,7.0535,1,53.948,45.848,0,0
1.3686,1.1555e+05,243.81,7.0648,1,54.021,45.921,0,0
1.3592,1.1726e+05,244.76,7.076,1,54.094,45.994,0,0
1.3497,1.1897e+05,245.71,7.0872,1,54.167,46.067,0,0
1.3403,1.2068e+05,246.66,7.0985,1,54.24,46.14,0,0
1.3309,1.2239e+05,247.61,7.1097,1,54.313,46.213,0,0
1.3214,1.241e+05,248.56,7.121,1,54.386,46.286,0,0
1.312,1.2581e+05,249.51,7.1322,1,54.46,46.36,0,0
1.3037,1.274e+05,250.36,7.1435,1,54.533,46.433,0,0
1.3015,1.2837e+05,250.7,7.1547,1,54.606,46.506,0,0
1.2993,1.2934e+05,251.03,7.166,1,54.679,46.579,0,0
1.2971,1.3031e+05,251.37,7.1772,1,54.752,46.652,0,0
1.2949,1.3127e+05,251.7,7.1885,1,54.825,46.725,0,0
1.2927,1.3224e+05,252.04,7.1997,1,54.898,46.798,0,0
1.2905,1.3321e+05,252.38,7.211,1,54.971,46.871,0,0
1.2883,1.3418e+05,252.71,7.2222,1,55.044,46.944,0,0
1.2861,1.3514e+05,253.05,7.2334,1,55.117,47.017,0,0
1.2839,1.3611e+05,253.38,7.2447,1,55.19,47.09,0,0
1.2818,1.3708e+05,253.72,7.2559,1,55.264,47.164,0,0
1.2796,1.3805e+05,254.06,7.2672,1,55.337,47.237,0,0
1.278,1.3882e+05,254.3,7.2784,1,55.41,47.31,0,0
1.2783,1.3902e+05,254.25,7.2897,1,55.483,47.383,0,0
1.2786,1.3922e+05,254.21,7.3009,1,55.556,47.456,0,0
1.2789,1.3942e+05,254.16,7.3122,1,55.629,47.529,0,0
1.2792,1.3963e+05,254.12,7.3234,1,55.702,47.602,0,0
1.2795,1.3983e+05,254.08,7.3347,1,55.775,47.675,0,0
1.2798,1.4003e+05,254.03,7.3459,1,55.848,47.748,0,0
1.2801,1.4023e+05,253.99,7.3572,1,55.922,47.821,0,0
1.2804,1.4043e+05,253.94,7.3684,1,55.995,47.895,0,0
1.2806,1.4063e+05,253.9,7.3796,1,56.068,47.968,0,0
1.2809,1.4084e+05,253.86,7.3909,1,56.141,48.041,0,0
1.2812,1.4104e+05,253.81,7.4021,1,56.214,48.114,0,0
1.2819,1.4112e+05,253.75,7.4134,1,56.287,48.187,0,0
1.2834,1.4088e+05,253.63,7.4246,1,56.36,48.26,0,0
1.2849,1.4064e+05,253.51,7.4359,1,56.433,48.333,0,0
1.2865,1.4039e+05,253.39,7.4471,1,56.506,48.406,0,0
1.288,1.4015e+05,253.28,7.4584,1,56.579,48.479,0,0
1.2896,1.3991e+05,253.16,7.4696,1,56.653,48.553,0,0
1.2911,1.3966e+05,253.04,7.4809,1,56.726,48.626,0,0
1.2926,1.3942e+05,252.92,7.4921,1,56.799,48.699,0,0
1.2942,1.3918e+05,252.8,7.5034,1,56.872,48.772,0,0
1.2957,1.3894e+05,252.69,7.5146,1,56.945,48.845,0,0
1.2973,1.3869e+05,252.57,7.5258,1,57.018,48.918,0,0
1.2988,1.3845e+05,252.45,7.5371,1,57.091,48.991,0,0
1.3008,1.3812e+05,252.29,7.5483,1,57.164,49.064,0,0
1.3047,1.3743e+05,251.94,7.5596,1,57.237,49.137,0,0
1.3087,1.3674e+05,251.6,7.5708,1,57.31,49.21,0,0
1.3126,1.3604e+05,251.25,7.5821,1,57.383,49.284,0,0
1.3165,1.3535e+05,250.91,7.5933,1,57.457,49.357,0,0
1.3204,1.3466e+05,250.56,7.6046,1,57.53,49.43,0,0
1.3243,1.3397e+05,250.22,7.6158,1,57.603,49.503,0,0
1.3283,1.3328e+05,249.87,7.6271,1,57.676,49.576,0,0
1.3322,1.3259e+05,249.52,7.6383,1,57.749,49.649,0,0
1.3361,1.3189e+05,249.18,7.6496,1,57.822,49.722,0,0
1.34,1.312e+05,248.83,7.6608,1,57.895,49.795,0,0
1.344,1.3051e+05,248.49,7.672,1,57.968,49.868,0,0
1.348,1.2981e+05,248.13,7.6833,1,58.041,49.941,0,0
1.3539,1.2881e+05,247.6,7.6945,1,58.115,50.014,0,0
1.3598,1.2781e+05,247.06,7.7058,1,58.188,50.088,0,0
1.3657,1.2681e+05,246.52,7.717,1,58.261,50.161,0,0
1.3716,1.2582e+05,245.98,7.7283,1,58.334,50.234,0,0
1.3775,1.2482e+05,245.44,7.7395,1,58.407,50.307,0,0
1.3834,1.2382e+05,244.9,7.7508,1,58.48,50.38,0,0
1.3893,1.2282e+05,244.37,7.762,1,58.553,50.453,0,0
1.3952,1.2182e+05,243.83,7.7733,1,58.626,50.526,0,0
1.4011,1.2083e+05,243.29,7.7845,1,58.699,50.599,0,0
1.4071,1.1983e+05,242.75,7.7958,1,58.772,50.672,0,0
1.413,1.1883e+05,242.21,7.807,1,58.845,50.745,0,0
1.4189,1.1783e+05,241.67,7.8182,1,58.919,50.819,0,0
1.4256,1.1678e+05,241.05,7.8295,1,58.992,50.892,0,0
1.4325,1.1572e+05,240.41,7.8407,1,59.065,50.965,0,0
1.4394,1.1466e+05,239.77,7.852,1,59.138,51.038,0,0
1.4463,1.136e+05,239.13,7.8632,1,59.211,51.111,0,0
1.4532,1.1254e+05,238.49,7.8745,1,59.284,51.184,0,0
1.4601,1.1148e+05,237.85,7.8857,1,59.357,51.257,0,0
1.4671,1.1042e+05,237.21,7.897,1,59.43,51.33,0,0
1.474,1.0936e+05,236.57,7.9082,1,59.503,51.403,0,0
1.4809,1.0829e+05,235.93,7.9195,1,59.576,51.477,0,0
1.4878,1.0723e+05,235.3,7.9307,1,59.65,51.55,0,0
1.4947,1.0617e+05,234.66,7.942,1,59.723,51.623,0,0
1.5016,1.0511e+05,234.02,7.9532,1,59.796,51.696,0,0
1.5085,1.041e+05,233.37,7.9644,1,59.869,51.769,0,0
1.5155,1.0313e+05,232.73,7.9757,1,59.942,51.842,0,0
1.5225,1.0217e+05,232.08,7.9869,1,60.015,51.915,0,0
1.5294,1.012e+05,231.44,7.9982,1,60.088,51.988,0,0
1.5364,1.0023e+05,230.79,8.0094,1,60.161,52.061,0,0
1.5434,99269,230.15,8.0207,1,60.234,52.134,0,0
1.5504,98304,229.5,8.0319,1,60.308,52.208,0,0
1.5573,97338,228.86,8.0432,1,60.381,52.281,0,0
1.5643,96373,228.21,8.0544,1,60.454,52.354,0,0
1.5713,95407,227.57,8.0657,1,60.527,52.427,0,0
1.5782,94442,226.92,8.0769,1,60.6,52.5,0,0
1.5852,93476,226.28,8.0882,1,60.673,52.573,0,0
1.5921,92529,225.64,8.0994,1,60.746,52.646,0,0
1.5985,91741,225.06,8.1106,1,60.819,52.719,0,0
1.605,90954,224.48,8.1219,1,60.892,52.792,0,0
1.6114,90166,223.89,8.1331,1,60.965,52.865,0,0
1.6178,89379,223.31,8.1444,1,61.038,52.938,0,0
1.6242,88591,222.73,8.1556,1,61.112,53.012,0,0
1.6306,87804,222.15,8.1669,1,61.185,53.085,0,0
1.637,87016,221.57,8.1781,1,61.258,53.158,0,0
1.6435,86229,220.99,8.1894,1,61.331,53.231,0,0
1.6499,85442,220.41,8.2006,1,61.404,53.304,0,0
1.6563,84654,219.83,8.2119,1,61.477,53.377,0,0
1.6627,83867,219.25,8.2231,1,61.55,53.45,0,0
1.6691,83079,218.67,8.2344,1,61.623,53.523,0,0
1.675,82404,218.14,8.2456,1,61.696,53.596,0,0
1.6805,81800,217.65,8.2568,1,61.77,53.669,0,0
1.686,81196,217.15,8.2681,1,61.843,53.743,0,0
1.6915,80592,216.66,8.2793,1,61.916,53.816,0,0
1.697,79988,216.17,8.2906,1,61.989,53.889,0,0
1.7025,79384,215.67,8.3018,1,62.062,53.962,0,0
1.708,78779,215.18,8.3131,1,62.135,54.035,0,0
1.7135,78175,214.69,8.3243,1,62.208,54.108,0,0
1.719,77571,214.19,8.3356,1,62.281,54.181,0,0
1.7246,76967,213.7,8.3468,1,62.354,54.254,0,0
1.7301,76363,213.21,8.3581,1,62.427,54.327,0,0
1.7356,75758,212.71,8.3693,1,62.501,54.401,0,0
1.741,75165,212.23,8.3806,1,62.574,54.474,0,0
1.7447,74792,211.87,8.3918,1,62.647,54.547,0,0
1.7484,74418,211.52,8.403,1,62.72,54.62,0,0
1.7522,74045,211.17,8.4143,1,62.793,54.693,0,0
1.7559,73672,210.81,8.4255,1,62.866,54.766,0,0
1.7596,73299,210.46,8.4368,1,62.939,54.839,0,0
1.7634,72925,210.1,8.448,1,63.012,54.912,0,0
1.7671,72552,209.75,8.4593,1,63.085,54.985,0,0
1.7708,72179,209.4,8.4705,1,63.158,55.058,0,0
1.7745,71806,209.04,8.4818,1,63.231,55.132,0,0
1.7783,71432,208.69,8.493,1,63.305,55.205,0,0
1.782,71059,208.34,8.5043,1,63.378,55.278,0,0
1.7857,70686,207.98,8.5155,1,63.451,55.351,0,0
1.7884,70398,207.69,8.5268,1,63.524,55.424,0,0
1.7896,70241,207.48,8.538,1,63.597,55.497,0,0
1.7908,70084,207.27,8.5492,1,63.67,55.57,0,0
1.7919,69927,207.06,8.5605,1,63.743,55.643,0,0
1.7931,69770,206.85,8.5717,1,63.816,55.716,0,0
1.7942,69613,206.64,8.583,1,63.889,55.789,0,0
1.7954,69456,206.43,8.5942,1,63.963,55.862,0,0
1.7965,69299,206.22,8.6055,1,64.036,55.936,0,0
1.7977,69142,206.01,8.6167,1,64.109,56.009,0,0
1.7989,68985,205.8,8.628,1,64.182,56.082,0,0
1.8,68828,205.59,8.6392,1,64.255,56.155,0,0
1.8012,68671,205.38,8.6505,1,64.328,56.228,0,0
1.8023,68514,205.17,8.6617,1,64.401,56.301,0,0
1.8026,68475,205.1,8.673,1,64.474,56.374,0,0
1.8023,68500,205.11,8.6842,1,64.547,56.447,0,0
1.802,68526,205.12,8.6954,1,64.62,56.52,0,0
1.8018,68551,205.14,8.7067,1,64.693,56.593,0,0
1.8015,68576,205.15,8.7179,1,64.767,56.667,0,0
1.8012,68602,205.16,8.7292,1,64.84,56.74,0,0
1.801,68627,205.17,8.7404,1,64.913,56.813,0,0
1.8007,68652,205.18,8.7517,1,64.986,56.886,0,0
1.8004,68678,205.19,8.7629,1,65.059,56.959,0,0
1.8002,68703,205.2,8.7742,1,65.132,57.032,0,0
1.7999,68728,205.21,8.7854,1,65.205,57.105,0,0
1.7997,68754,205.22,8.7967,1,65.278,57.178,0,0
1.7994,68779,205.23,8.8079,1,65.351,57.251,0,0
1.798,68927,205.34,8.8192,1,65.424,57.325,0,0
1.7963,69101,205.47,8.8304,1,65.498,57.398,0,0
1.7946,69275,205.59,8.8416,1,65.571,57.471,0,0
1.7929,69449,205.72,8.8529,1,65.644,57.544,0,0
1.7912,69624,205.85,8.8641,1,65.717,57.617,0,0
1.7895,69798,205.98,8.8754,1,65.79,57.69,0,0
1.7879,69972,206.1,8.8866,1,65.863,57.763,0,0
1.7862,70146,206.23,8.8979,1,65.936,57.836,0,0
1.7845,70321,206.36,8.9091,1,66.009,57.909,0,0
1.7828,70495,206.49,8.9204,1,66.082,57.982,0,0
1.7811,70669,206.62,8.9316,1,66.156,58.056,0,0
1.7794,70843,206.74,8.9429,1,66.229,58.129,0,0
1.7777,71017,206.87,8.9541,1,66.302,58.202,0,0
1.7733,71500,207.24,8.9654,1,66.375,58.275,0,0
1.7685,72014,207.64,8.9766,1,66.448,58.348,0,0
1.7637,72528,208.04,8.9878,1,66.521,58.421,0,0
1.7589,73042,208.44,8.9991,1,66.594,58.494,0,0
1.7542,73556,208.83,9.0103,1,66.667,58.567,0,0
1.7494,74070,209.23,9.0216,1,66.74,58.64,0,0
1.7446,74584,209.63,9.0328,1,66.813,58.713,0,0
1.7399,75098,210.03,9.0441,1,66.886,58.786,0,0
1.7351,75612,210.42,9.0553,1,66.96,58.86,0,0
1.7303,76126,210.82,9.0666,1,67.033,58.933,0,0
1.7255,76640,211.22,9.0778,1,67.106,59.006,0,0
1.7208,77154,211.62,9.0891,1,67.179,59.079,0,0
1.716,77668,212.02,9.1003,1,67.252,59.152,0,0
1.7078,78653,212.74,9.1116,1,67.325,59.225,0,0
1.6992,79688,213.5,9.1228,1,67.398,59.298,0,0
1.6906,80723,214.27,9.134,1,67.471,59.371,0,0
1.6821,81758,215.03,9.1453,1,67.544,59.444,0,0
1.6735,82793,215.79,9.1565,1,67.618,59.518,0,0
1.6649,83828,216.55,9.1678,1,67.691,59.591,0,0
1.6563,84863,217.31,9.179,1,67.764,59.664,0,0
1.6477,85898,218.07,9.1903,1,67.837,59.737,0,0
1.6392,86933,218.83,9.2015,1,67.91,59.81,0,0
1.6306,87968,219.59,9.2128,1,67.983,59.883,0,0
1.622,89003,220.36,9.224,1,68.056,59.956,0,0
1.6134,90038,221.12,9.2353,1,68.129,60.029,0,0
1.6049,91073,221.88,9.2465,1,68.202,60.102,0,0
1.595,92464,222.79,9.2578,1,68.275,60.175,0,0
1.5847,93940,223.75,9.269,1,68.349,60.249,0,0
1.5745,95416,224.7,9.2802,1,68.422,60.322,0,0
1.5643,96892,225.65,9.2915,1,68.495,60.395,0,0
1.5541,98369,226.6,9.3027,1,68.568,60.468,0,0
1.5439,99845,227.55,9.314,1,68.641,60.541,0,0
1.5337,1.0132e+05,228.51,9.3252,1,68.714,60.614,0,0
1.5235,1.028e+05,229.46,9.3365,1,68.787,60.687,0,0
1.5133,1.0427e+05,230.41,9.3477,1,68.86,60.76,0,0
1.5031,1.0575e+05,231.36,9.359,1,68.933,60.833,0,0
1.4929,1.0723e+05,232.32,9.3702,1,69.006,60.906,0,0
1.4826,1.087e+05,233.27,9.3815,1,69.079,60.979,0,0
1.4724,1.1018e+05,234.22,9.3927,1,69.153,61.053,0,0
1.4645,1.1147e+05,234.99,9.404,1,69.226,61.126,0,0
1.458,1.1264e+05,235.65,9.4152,1,69.299,61.199,0,0
1.4515,1.1382e+05,236.3,9.4264,1,69.372,61.272,0,0
1.445,1.15e+05,236.96,9.4377,1,69.445,61.345,0,0
1.4385,1.1618e+05,237.62,9.4489,1,69.518,61.418,0,0
1.432,1.1735e+05,238.28,9.4602,1,69.591,61.491,0,0
1.4255,1.1853e+05,238.93,9.4714,1,69.664,61.564,0,0
1.419,1.1971e+05,239.59,9.4827,1,69.737,61.637,0,0
1.4125,1.2089e+05,240.25,9.4939,1,69.811,61.71,0,0
1.406,1.2206e+05,240.91,9.5052,1,69.884,61.784,0,0
1.3995,1.2324e+05,241.56,9.5164,1,69.957,61.857,0,0
1.393,1.2442e+05,242.22,9.5277,1,70.03,61.93,0,0
1.3864,1.256e+05,242.88,9.5389,1,70.103,62.003,0,0
1.3819,1.2653e+05,243.39,9.5502,1,70.176,62.076,0,0
1.3807,1.2704e+05,243.64,9.5614,1,70.249,62.149,0,0
1.3795,1.2755e+05,243.9,9.5726,1,70.322,62.222,0,0
1.3783,1.2806e+05,244.15,9.5839,1,70.395,62.295,0,0
1.3771,1.2856e+05,244.41,9.5951,1,70.468,62.368,0,0
1.3759,1.2907e+05,244.66,9.6064,1,70.542,62.442,0,0
1.3747,1.2958e+05,244.92,9.6176,1,70.615,62.515,0,0
1.3736,1.3009e+05,245.17,9.6289,1,70.688,62.588,0,0
1.3724,1.306e+05,245.43,9.6401,1,70.761,62.661,0,0
1.3712,1.311e+05,245.68,9.6514,1,70.834,62.734,0,0
1.37,1.3161e+05,245.94,9.6626,1,70.907,62.807,0,0
1.3688,1.3212e+05,246.19,9.6739,1,70.98,62.88,0,0
1.3676,1.3263e+05,246.45,9.6851,1,71.053,62.953,0,0
1.3664,1.3313e+05,246.7,9.6964,1,71.126,63.026,0,0
1.3669,1.3309e+05,246.68,9.7076,1,71.199,63.099,0,0
1.3673,1.3305e+05,246.66,9.7188,1,71.272,63.173,0,0
1.3678,1.3301e+05,246.64,9.7301,1,71.346,63.246,0,0
1.3682,1.3296e+05,246.62,9.7413,1,71.419,63.319,0,0
1.3687,1.3292e+05,246.6,9.7526,1,71.492,63.392,0,0
1.3691,1.3287e+05,246.57,9.7638,1,71.565,63.465,0,0
1.3695,1.3283e+05,246.55,9.7751,1,71.638,63.538,0,0
1.37,1.3279e+05,246.53,9.7863,1,71.711,63.611,0,0
1.3704,1.3274e+05,246.51,9.7976,1,71.784,63.684,0,0
1.3709,1.327e+05,246.49,9.8088,1,71.857,63.757,0,0
1.3713,1.3265e+05,246.47,9.8201,1,71.93,63.83,0,0
1.3718,1.3261e+05,246.45,9.8313,1,72.004,63.903,0,0
1.3722,1.3257e+05,246.43,9.8426,1,72.077,63.977,0,0
1.3731,1.3243e+05,246.35,9.8538,1,72.15,64.05,0,0
1.3744,1.322e+05,246.23,9.865,1,72.223,64.123,0,0
1.3756,1.3198e+05,246.1,9.8763,1,72.296,64.196,0,0
1.3769,1.3175e+05,245.98,9.8875,1,72.369,64.269,0,0
1.3782,1.3153e+05,245.85,9.8988,1,72.442,64.342,0,0
1.3794,1.313e+05,245.73,9.91,1,72.515,64.415,0,0
1.3807,1.3108e+05,245.61,9.9213,1,72.588,64.488,0,0
1.382,1.3086e+05,245.48,9.9325,1,72.661,64.561,0,0
1.3832,1.3063e+05,245.36,9.9438,1,72.734,64.634,0,0
1.3845,1.3041e+05,245.24,9.955,1,72.808,64.708,0,0
1.3858,1.3018e+05,245.11,9.9663,1,72.881,64.781,0,0
1.387,1.2996e+05,244.99,9.9775,1,72.954,64.854,0,0
1.3883,1.2974e+05,244.87,9.9888,1,73.027,64.927,0,0
1.3895,1.2951e+05,244.74,10,1,73.1,65,0,0
