"Density","Energy","Mach","Momentum:0","Momentum:1","Momentum:2","Pressure","Pressure_Coefficient","Temperature","vtkValidPointMask","arc_length","Points:0","Points:1","Points:2"
202.89,3.1627e+08,1.7,16309,-2.4707e-11,0,1.4999e+06,5.3988e-14,569.36,1,0,0,0.4,0
202.89,3.1627e+08,1.7,16309,-2.8473e-11,0,1.4999e+06,5.4066e-14,569.36,1,0.001,0.001,0.4,0
202.89,3.1627e+08,1.7,16309,-3.2238e-11,0,1.4999e+06,5.4144e-14,569.36,1,0.002,0.002,0.4,0
202.89,3.1627e+08,1.7,16309,-3.6003e-11,0,1.4999e+06,5.4222e-14,569.36,1,0.003,0.003,0.4,0
202.89,3.1627e+08,1.7,16309,-3.9769e-11,0,1.4999e+06,5.43e-14,569.36,1,0.004,0.004,0.4,0
202.89,3.1627e+08,1.7,16309,-4.3534e-11,0,1.4999e+06,5.4378e-14,569.36,1,0.005,0.005,0.4,0
202.89,3.1627e+08,1.7,16309,-4.73e-11,0,1.4999e+06,5.4456e-14,569.36,1,0.006,0.006,0.4,0
202.89,3.1627e+08,1.7,16309,-5.1065e-11,0,1.4999e+06,5.4535e-14,569.36,1,0.007,0.007,0.4,0
202.89,3.1627e+08,1.7,16309,-5.483e-11,0,1.4999e+06,5.4613e-14,569.36,1,0.008,0.008,0.4,0
202.89,3.1627e+08,1.7,16309,-5.8596e-11,0,1.4999e+06,5.4691e-14,569.36,1,0.009,0.009,0.4,0
202.89,3.1627e+08,1.7,16309,-6.2361e-11,0,1.4999e+06,5.4769e-14,569.36,1,0.01,0.01,0.4,0
202.89,3.1627e+08,1.7,16309,-6.6126e-11,0,1.4999e+06,5.4847e-14,569.36,1,0.011,0.011,0.4,0
202.89,3.1627e+08,1.7,16309,-6.9892e-11,0,1.4999e+06,5.4925e-14,569.36,1,0.012,0.012,0.4,0
202.89,3.1627e+08,1.7,16309,-7.3657e-11,0,1.4999e+06,5.5003e-14,569.36,1,0.013,0.013,0.4,0
202.89,3.1627e+08,1.7,16309,-7.7422e-11,0,1.4999e+06,5.5081e-14,569.36,1,0.014,0.014,0.4,0
202.89,3.1627e+08,1.7,16309,-8.1188e-11,0,1.4999e+06,5.5159e-14,569.36,1,0.015,0.015,0.4,0
202.89,3.1627e+08,1.7,16309,-8.4953e-11,0,1.4999e+06,5.5237e-14,569.36,1,0.016,0.016,0.4,0
202.89,3.1627e+08,1.7,16309,-8.8718e-11,0,1.4999e+06,5.5315e-14,569.36,1,0.017,0.017,0.4,0
202.89,3.1627e+08,1.7,16309,-9.6584e-11,0,1.4999e+06,5.5278e-14,569.36,1,0.018,0.018,0.4,0
202.89,3.1627e+08,1.7,16309,-1.0635e-10,0,1.4999e+06,5.5188e-14,569.36,1,0.019,0.019,0.4,0
202.89,3.1627e+08,1.7,16309,-1.1611e-10,0,1.4999e+06,5.5098e-14,569.36,1,0.02,0.02,0.4,0
202.89,3.1627e+08,1.7,16309,-1.2588e-10,0,1.4999e+06,5.5008e-14,569.36,1,0.021,0.021,0.4,0
202.89,3.1627e+08,1.7,16309,-1.3564e-10,0,1.4999e+06,5.4918e-14,569.36,1,0.022,0.022,0.4,0
202.89,3.1627e+08,1.7,16309,-1.4541e-10,0,1.4999e+06,5.4828e-14,569.36,1,0.023,0.023,0.4,0
202.89,3.1627e+08,1.7,16309,-1.5517e-10,0,1.4999e+06,5.4738e-14,569.36,1,0.024,0.024,0.4,0
202.89,3.1627e+08,1.7,16309,-1.6493e-10,0,1.4999e+06,5.4648e-14,569.36,1,0.025,0.025,0.4,0
202.89,3.1627e+08,1.7,16309,-1.747e-10,0,1.4999e+06,5.4558e-14,569.36,1,0.026,0.026,0.4,0
202.89,3.1627e+08,1.7,16309,-1.8446e-10,0,1.4999e+06,5.4468e-14,569.36,1,0.027,0.027,0.4,0
202.89,3.1627e+08,1.7,16309,-1.9423e-10,0,1.4999e+06,5.4378e-14,569.36,1,0.028,0.028,0.4,0
202.89,3.1627e+08,1.7,16309,-2.0399e-10,0,1.4999e+06,5.4288e-14,569.36,1,0.029,0.029,0.4,0
202.89,3.1627e+08,1.7,16309,-2.1376e-10,0,1.4999e+06,5.4198e-14,569.36,1,0.03,0.03,0.4,0
202.89,3.1627e+08,1.7,16309,-2.2352e-10,0,1.4999e+06,5.4108e-14,569.36,1,0.031,0.031,0.4,0
202.89,3.1627e+08,1.7,16309,-2.3328e-10,0,1.4999e+06,5.4018e-14,569.36,1,0.032,0.032,0.4,0
202.89,3.1627e+08,1.7,16309,-2.4305e-10,0,1.4999e+06,5.3929e-14,569.36,1,0.033,0.033,0.4,0
202.89,3.1627e+08,1.7,16309,-2.5281e-10,0,1.4999e+06,5.3839e-14,569.36,1,0.034,0.034,0.4,0
202.89,3.1627e+08,1.7,16309,-2.5574e-10,0,1.4999e+06,5.465e-14,569.36,1,0.035,0.035,0.4,0
202.89,3.1627e+08,1.7,16309,-2.4656e-10,0,1.4999e+06,5.6274e-14,569.36,1,0.036,0.036,0.4,0
202.89,3.1627e+08,1.7,16309,-2.3739e-10,0,1.4999e+06,5.7898e-14,569.36,1,0.037,0.037,0.4,0
202.89,3.1627e+08,1.7,16309,-2.2821e-10,0,1.4999e+06,5.9522e-14,569.36,1,0.038,0.038,0.4,0
202.89,3.1627e+08,1.7,16309,-2.1904e-10,0,1.4999e+06,6.1147e-14,569.36,1,0.039,0.039,0.4,0
202.89,3.1627e+08,1.7,16309,-2.0987e-10,0,1.4999e+06,6.2771e-14,569.36,1,0.04,0.04,0.4,0
202.89,3.1627e+08,1.7,16309,-2.0069e-10,0,1.4999e+06,6.4395e-14,569.36,1,0.041,0.041,0.4,0
202.89,3.1627e+08,1.7,16309,-1.9152e-10,0,1.4999e+06,6.6019e-14,569.36,1,0.042,0.042,0.4,0
202.89,3.1627e+08,1.7,16309,-1.8234e-10,0,1.4999e+06,6.7643e-14,569.36,1,0.043,0.043,0.4,0
202.89,3.1627e+08,1.7,16309,-1.7317e-10,0,1.4999e+06,6.9267e-14,569.36,1,0.044,0.044,0.4,0
202.89,3.1627e+08,1.7,16309,-1.6399e-10,0,1.4999e+06,7.0891e-14,569.36,1,0.045,0.045,0.4,0
202.89,3.1627e+08,1.7,16309,-1.5482e-10,0,1.4999e+06,7.2515e-14,569.36,1,0.046,0.046,0.4,0
202.89,3.1627e+08,1.7,16309,-1.4565e-10,0,1.4999e+06,7.4139e-14,569.36,1,0.047,0.047,0.4,0
202.89,3.1627e+08,1.7,16309,-1.3647e-10,0,1.4999e+06,7.5763e-14,569.36,1,0.048,0.048,0.4,0
202.89,3.1627e+08,1.7,16309,-1.273e-10,0,1.4999e+06,7.7387e-14,569.36,1,0.049,0.049,0.4,0
202.89,3.1627e+08,1.7,16309,-1.1812e-10,0,1.4999e+06,7.9011e-14,569.36,1,0.05,0.05,0.4,0
202.89,3.1627e+08,1.7,16309,-1.0895e-10,0,1.4999e+06,8.0635e-14,569.36,1,0.051,0.051,0.4,0
202.89,3.1627e+08,1.7,16309,-1.001e-10,0,1.4999e+06,8.1993e-14,569.36,1,0.052,0.052,0.4,0
202.89,3.1627e+08,1.7,16309,-9.6129e-11,0,1.4999e+06,7.9306e-14,569.36,1,0.053,0.053,0.4,0
202.89,3.1627e+08,1.7,16309,-9.2162e-11,0,1.4999e+06,7.662e-14,569.36,1,0.054,0.054,0.4,0
202.89,3.1627e+08,1.7,16309,-8.8195e-11,0,1.4999e+06,7.3934e-14,569.36,1,0.055,0.055,0.4,0
202.89,3.1627e+08,1.7,16309,-8.4229e-11,0,1.4999e+06,7.1247e-14,569.36,1,0.056,0.056,0.4,0
202.89,3.1627e+08,1.7,16309,-8.0262e-11,0,1.4999e+06,6.8561e-14,569.36,1,0.057,0.057,0.4,0
202.89,3.1627e+08,1.7,16309,-7.6296e-11,0,1.4999e+06,6.5875e-14,569.36,1,0.058,0.058,0.4,0
202.89,3.1627e+08,1.7,16309,-7.2329e-11,0,1.4999e+06,6.3188e-14,569.36,1,0.059,0.059,0.4,0
202.89,3.1627e+08,1.7,16309,-6.8363e-11,0,1.4999e+06,6.0502e-14,569.36,1,0.06,0.06,0.4,0
202.89,3.1627e+08,1.7,16309,-6.4396e-11,0,1.4999e+06,5.7816e-14,569.36,1,0.061,0.061,0.4,0
202.89,3.1627e+08,1.7,16309,-6.0429e-11,0,1.4999e+06,5.5129e-14,569.36,1,0.062,0.062,0.4,0
202.89,3.1627e+08,1.7,16309,-5.6463e-11,0,1.4999e+06,5.2443e-14,569.36,1,0.063,0.063,0.4,0
202.89,3.1627e+08,1.7,16309,-5.2496e-11,0,1.4999e+06,4.9757e-14,569.36,1,0.064,0.064,0.4,0
202.89,3.1627e+08,1.7,16309,-4.853e-11,0,1.4999e+06,4.707e-14,569.36,1,0.065,0.065,0.4,0
202.89,3.1627e+08,1.7,16309,-4.4563e-11,0,1.4999e+06,4.4384e-14,569.36,1,0.066,0.066,0.4,0
202.89,3.1627e+08,1.7,16309,-4.0596e-11,0,1.4999e+06,4.1698e-14,569.36,1,0.067,0.067,0.4,0
202.89,3.1627e+08,1.7,16309,-3.663e-11,0,1.4999e+06,3.9011e-14,569.36,1,0.068,0.068,0.4,0
202.89,3.1627e+08,1.7,16309,-3.2125e-11,0,1.4999e+06,3.6354e-14,569.36,1,0.069,0.069,0.4,0
202.89,3.1627e+08,1.7,16309,-3.1882e-11,0,1.4999e+06,3.646e-14,569.36,1,0.07,0.07,0.4,0
202.89,3.1627e+08,1.7,16309,-3.8648e-11,0,1.4999e+06,3.6666e-14,569.36,1,0.071,0.071,0.4,0
202.89,3.1627e+08,1.7,16309,-4.5414e-11,0,1.4999e+06,3.6872e-14,569.36,1,0.072,0.072,0.4,0
202.89,3.1627e+08,1.7,16309,-5.218e-11,0,1.4999e+06,3.7077e-14,569.36,1,0.073,0.073,0.4,0
202.89,3.1627e+08,1.7,16309,-5.8946e-11,0,1.4999e+06,3.7283e-14,569.36,1,0.074,0.074,0.4,0
202.89,3.1627e+08,1.7,16309,-6.5712e-11,0,1.4999e+06,3.7489e-14,569.36,1,0.075,0.075,0.4,0
202.89,3.1627e+08,1.7,16309,-7.2478e-11,0,1.4999e+06,3.7694e-14,569.36,1,0.076,0.076,0.4,0
202.89,3.1627e+08,1.7,16309,-7.9244e-11,0,1.4999e+06,3.79e-14,569.36,1,0.077,0.077,0.4,0
202.89,3.1627e+08,1.7,16309,-8.6011e-11,0,1.4999e+06,3.8106e-14,569.36,1,0.078,0.078,0.4,0
202.89,3.1627e+08,1.7,16309,-9.2777e-11,0,1.4999e+06,3.8311e-14,569.36,1,0.079,0.079,0.4,0
202.89,3.1627e+08,1.7,16309,-9.9543e-11,0,1.4999e+06,3.8517e-14,569.36,1,0.08,0.08,0.4,0
202.89,3.1627e+08,1.7,16309,-1.0631e-10,0,1.4999e+06,3.8723e-14,569.36,1,0.081,0.081,0.4,0
202.89,3.1627e+08,1.7,16309,-1.1307e-10,0,1.4999e+06,3.8928e-14,569.36,1,0.082,0.082,0.4,0
202.89,3.1627e+08,1.7,16309,-1.1984e-10,0,1.4999e+06,3.9134e-14,569.36,1,0.083,0.083,0.4,0
202.89,3.1627e+08,1.7,16309,-1.2661e-10,0,1.4999e+06,3.934e-14,569.36,1,0.084,0.084,0.4,0
202.89,3.1627e+08,1.7,16309,-1.3337e-10,0,1.4999e+06,3.9545e-14,569.36,1,0.085,0.085,0.4,0
202.89,3.1627e+08,1.7,16309,-1.4014e-10,0,1.4999e+06,3.9751e-14,569.36,1,0.086,0.086,0.4,0
202.89,3.1627e+08,1.7,16309,-1.3586e-10,0,1.4999e+06,4.0162e-14,569.36,1,0.087,0.087,0.4,0
202.89,3.1627e+08,1.7,16309,-1.186e-10,0,1.4999e+06,4.0815e-14,569.36,1,0.088,0.088,0.4,0
202.89,3.1627e+08,1.7,16309,-1.0135e-10,0,1.4999e+06,4.1467e-14,569.36,1,0.089,0.089,0.4,0
202.89,3.1627e+08,1.7,16309,-8.4096e-11,0,1.4999e+06,4.212e-14,569.36,1,0.09,0.09,0.4,0
202.89,3.1627e+08,1.7,16309,-6.6841e-11,0,1.4999e+06,4.2772e-14,569.36,1,0.091,0.091,0.4,0
202.89,3.1627e+08,1.7,16309,-4.9586e-11,0,1.4999e+06,4.3425e-14,569.36,1,0.092,0.092,0.4,0
202.89,3.1627e+08,1.7,16309,-3.2332e-11,0,1.4999e+06,4.4077e-14,569.36,1,0.093,0.093,0.4,0
202.89,3.1627e+08,1.7,16309,-1.5077e-11,0,1.4999e+06,4.473e-14,569.36,1,0.094,0.094,0.4,0
202.89,3.1627e+08,1.7,16309,2.1775e-12,0,1.4999e+06,4.5382e-14,569.36,1,0.095,0.095,0.4,0
202.89,3.1627e+08,1.7,16309,1.9432e-11,0,1.4999e+06,4.6035e-14,569.36,1,0.096,0.096,0.4,0
202.89,3.1627e+08,1.7,16309,3.6687e-11,0,1.4999e+06,4.6688e-14,569.36,1,0.097,0.097,0.4,0
202.89,3.1627e+08,1.7,16309,5.3941e-11,0,1.4999e+06,4.734e-14,569.36,1,0.098,0.098,0.4,0
202.89,3.1627e+08,1.7,16309,7.1196e-11,0,1.4999e+06,4.7993e-14,569.36,1,0.099,0.099,0.4,0
202.89,3.1627e+08,1.7,16309,8.8451e-11,0,1.4999e+06,4.8645e-14,569.36,1,0.1,0.1,0.4,0
202.89,3.1627e+08,1.7,16309,1.0571e-10,0,1.4999e+06,4.9298e-14,569.36,1,0.101,0.101,0.4,0
202.89,3.1627e+08,1.7,16309,1.2296e-10,0,1.4999e+06,4.995e-14,569.36,1,0.102,0.102,0.4,0
202.89,3.1627e+08,1.7,16309,1.4021e-10,0,1.4999e+06,5.0603e-14,569.36,1,0.103,0.103,0.4,0
202.89,3.1627e+08,1.7,16309,1.4444e-10,0,1.4999e+06,5.001e-14,569.36,1,0.104,0.104,0.4,0
202.89,3.1627e+08,1.7,16309,1.488e-10,0,1.4999e+06,5.2043e-14,569.36,1,0.105,0.105,0.4,0
202.89,3.1627e+08,1.7,16309,1.5488e-10,0,1.4999e+06,5.3737e-14,569.36,1,0.106,0.106,0.4,0
202.89,3.1627e+08,1.7,16309,1.6096e-10,0,1.4999e+06,5.5432e-14,569.36,1,0.107,0.107,0.4,0
202.89,3.1627e+08,1.7,16309,1.6704e-10,0,1.4999e+06,5.7127e-14,569.36,1,0.108,0.108,0.4,0
202.89,3.1627e+08,1.7,16309,1.7312e-10,0,1.4999e+06,5.8821e-14,569.36,1,0.109,0.109,0.4,0
202.89,3.1627e+08,1.7,16309,1.7921e-10,0,1.4999e+06,6.0516e-14,569.36,1,0.11,0.11,0.4,0
202.89,3.1627e+08,1.7,16309,1.8529e-10,0,1.4999e+06,6.2211e-14,569.36,1,0.111,0.111,0.4,0
202.89,3.1627e+08,1.7,16309,1.9137e-10,0,1.4999e+06,6.3905e-14,569.36,1,0.112,0.112,0.4,0
202.89,3.1627e+08,1.7,16309,1.9745e-10,0,1.4999e+06,6.56e-14,569.36,1,0.113,0.113,0.4,0
202.89,3.1627e+08,1.7,16309,2.0354e-10,0,1.4999e+06,6.7295e-14,569.36,1,0.114,0.114,0.4,0
202.89,3.1627e+08,1.7,16309,2.0962e-10,0,1.4999e+06,6.899e-14,569.36,1,0.115,0.115,0.4,0
202.89,3.1627e+08,1.7,16309,2.157e-10,0,1.4999e+06,7.0684e-14,569.36,1,0.116,0.116,0.4,0
202.89,3.1627e+08,1.7,16309,2.2178e-10,0,1.4999e+06,7.2379e-14,569.36,1,0.117,0.117,0.4,0
202.89,3.1627e+08,1.7,16309,2.2786e-10,0,1.4999e+06,7.4074e-14,569.36,1,0.118,0.118,0.4,0
202.89,3.1627e+08,1.7,16309,2.3395e-10,0,1.4999e+06,7.5768e-14,569.36,1,0.119,0.119,0.4,0
202.89,3.1627e+08,1.7,16309,2.4003e-10,0,1.4999e+06,7.7463e-14,569.36,1,0.12,0.12,0.4,0
202.89,3.1627e+08,1.7,16309,2.4611e-10,0,1.4999e+06,7.9158e-14,569.36,1,0.121,0.121,0.4,0
202.89,3.1627e+08,1.7,16309,2.5485e-10,0,1.4999e+06,7.7822e-14,569.36,1,0.122,0.122,0.4,0
202.89,3.1627e+08,1.7,16309,2.6471e-10,0,1.4999e+06,7.5213e-14,569.36,1,0.123,0.123,0.4,0
202.89,3.1627e+08,1.7,16309,2.7457e-10,0,1.4999e+06,7.2605e-14,569.36,1,0.124,0.124,0.4,0
202.89,3.1627e+08,1.7,16309,2.8442e-10,0,1.4999e+06,6.9997e-14,569.36,1,0.125,0.125,0.4,0
202.89,3.1627e+08,1.7,16309,2.9428e-10,0,1.4999e+06,6.7388e-14,569.36,1,0.126,0.126,0.4,0
202.89,3.1627e+08,1.7,16309,3.0414e-10,0,1.4999e+06,6.478e-14,569.36,1,0.127,0.127,0.4,0
202.89,3.1627e+08,1.7,16309,3.1399e-10,0,1.4999e+06,6.2172e-14,569.36,1,0.128,0.128,0.4,0
202.89,3.1627e+08,1.7,16309,3.2385e-10,0,1.4999e+06,5.9563e-14,569.36,1,0.129,0.129,0.4,0
202.89,3.1627e+08,1.7,16309,3.3371e-10,0,1.4999e+06,5.6955e-14,569.36,1,0.13,0.13,0.4,0
202.89,3.1627e+08,1.7,16309,3.4356e-10,0,1.4999e+06,5.4347e-14,569.36,1,0.131,0.131,0.4,0
202.89,3.1627e+08,1.7,16309,3.5342e-10,0,1.4999e+06,5.1738e-14,569.36,1,0.132,0.132,0.4,0
202.89,3.1627e+08,1.7,16309,3.6328e-10,0,1.4999e+06,4.913e-14,569.36,1,0.133,0.133,0.4,0
202.89,3.1627e+08,1.7,16309,3.7314e-10,0,1.4999e+06,4.6522e-14,569.36,1,0.134,0.134,0.4,0
202.89,3.1627e+08,1.7,16309,3.8299e-10,0,1.4999e+06,4.3913e-14,569.36,1,0.135,0.135,0.4,0
202.89,3.1627e+08,1.7,16309,3.9285e-10,0,1.4999e+06,4.1305e-14,569.36,1,0.136,0.136,0.4,0
202.89,3.1627e+08,1.7,16309,4.0271e-10,0,1.4999e+06,3.8697e-14,569.36,1,0.137,0.137,0.4,0
202.89,3.1627e+08,1.7,16309,4.1256e-10,0,1.4999e+06,3.6088e-14,569.36,1,0.138,0.138,0.4,0
202.89,3.1627e+08,1.7,16309,4.2045e-10,0,1.4999e+06,3.3844e-14,569.36,1,0.139,0.139,0.4,0
202.89,3.1627e+08,1.7,16309,4.0734e-10,0,1.4999e+06,3.4855e-14,569.36,1,0.14,0.14,0.4,0
202.89,3.1627e+08,1.7,16309,3.8781e-10,0,1.4999e+06,3.6139e-14,569.36,1,0.141,0.141,0.4,0
202.89,3.1627e+08,1.7,16309,3.6827e-10,0,1.4999e+06,3.7423e-14,569.36,1,0.142,0.142,0.4,0
202.89,3.1627e+08,1.7,16309,3.4873e-10,0,1.4999e+06,3.8707e-14,569.36,1,0.143,0.143,0.4,0
202.89,3.1627e+08,1.7,16309,3.2919e-10,0,1.4999e+06,3.9991e-14,569.36,1,0.144,0.144,0.4,0
202.89,3.1627e+08,1.7,16309,3.0966e-10,0,1.4999e+06,4.1274e-14,569.36,1,0.145,0.145,0.4,0
202.89,3.1627e+08,1.7,16309,2.9012e-10,0,1.4999e+06,4.2558e-14,569.36,1,0.146,0.146,0.4,0
202.89,3.1627e+08,1.7,16309,2.7058e-10,0,1.4999e+06,4.3842e-14,569.36,1,0.147,0.147,0.4,0
202.89,3.1627e+08,1.7,16309,2.5104e-10,0,1.4999e+06,4.5126e-14,569.36,1,0.148,0.148,0.4,0
202.89,3.1627e+08,1.7,16309,2.3151e-10,0,1.4999e+06,4.641e-14,569.36,1,0.149,0.149,0.4,0
202.89,3.1627e+08,1.7,16309,2.1197e-10,0,1.4999e+06,4.7694e-14,569.36,1,0.15,0.15,0.4,0
202.89,3.1627e+08,1.7,16309,1.9243e-10,0,1.4999e+06,4.8978e-14,569.36,1,0.151,0.151,0.4,0
202.89,3.1627e+08,1.7,16309,1.729e-10,0,1.4999e+06,5.0262e-14,569.36,1,0.152,0.152,0.4,0
202.89,3.1627e+08,1.7,16309,1.5336e-10,0,1.4999e+06,5.1545e-14,569.36,1,0.153,0.153,0.4,0
202.89,3.1627e+08,1.7,16309,1.3382e-10,0,1.4999e+06,5.2829e-14,569.36,1,0.154,0.154,0.4,0
202.89,3.1627e+08,1.7,16309,1.1428e-10,0,1.4999e+06,5.4113e-14,569.36,1,0.155,0.155,0.4,0
202.89,3.1627e+08,1.7,16309,9.4746e-11,0,1.4999e+06,5.5397e-14,569.36,1,0.156,0.156,0.4,0
202.89,3.1627e+08,1.7,16309,7.5554e-11,0,1.4999e+06,5.6899e-14,569.36,1,0.157,0.157,0.4,0
202.89,3.1627e+08,1.7,16309,5.8065e-11,0,1.4999e+06,5.948e-14,569.36,1,0.158,0.158,0.4,0
202.89,3.1627e+08,1.7,16309,4.0577e-11,0,1.4999e+06,6.206e-14,569.36,1,0.159,0.159,0.4,0
202.89,3.1627e+08,1.7,16309,2.3089e-11,0,1.4999e+06,6.4641e-14,569.36,1,0.16,0.16,0.4,0
202.89,3.1627e+08,1.7,16309,5.6006e-12,0,1.4999e+06,6.7221e-14,569.36,1,0.161,0.161,0.4,0
202.89,3.1627e+08,1.7,16309,-1.1888e-11,0,1.4999e+06,6.9802e-14,569.36,1,0.162,0.162,0.4,0
202.89,3.1627e+08,1.7,16309,-2.9376e-11,0,1.4999e+06,7.2383e-14,569.36,1,0.163,0.163,0.4,0
202.89,3.1627e+08,1.7,16309,-4.6865e-11,0,1.4999e+06,7.4963e-14,569.36,1,0.164,0.164,0.4,0
202.89,3.1627e+08,1.7,16309,-6.4353e-11,0,1.4999e+06,7.7544e-14,569.36,1,0.165,0.165,0.4,0
202.89,3.1627e+08,1.7,16309,-8.1841e-11,0,1.4999e+06,8.0124e-14,569.36,1,0.166,0.166,0.4,0
202.89,3.1627e+08,1.7,16309,-9.9329e-11,0,1.4999e+06,8.2705e-14,569.36,1,0.167,0.167,0.4,0
202.89,3.1627e+08,1.7,16309,-1.1682e-10,0,1.4999e+06,8.5285e-14,569.36,1,0.168,0.168,0.4,0
202.89,3.1627e+08,1.7,16309,-1.3431e-10,0,1.4999e+06,8.7866e-14,569.36,1,0.169,0.169,0.4,0
202.89,3.1627e+08,1.7,16309,-1.5179e-10,0,1.4999e+06,9.0446e-14,569.36,1,0.17,0.17,0.4,0
202.89,3.1627e+08,1.7,16309,-1.6928e-10,0,1.4999e+06,9.3027e-14,569.36,1,0.171,0.171,0.4,0
202.89,3.1627e+08,1.7,16309,-1.8677e-10,0,1.4999e+06,9.5608e-14,569.36,1,0.172,0.172,0.4,0
202.89,3.1627e+08,1.7,16309,-2.0426e-10,0,1.4999e+06,9.8188e-14,569.36,1,0.173,0.173,0.4,0
202.89,3.1627e+08,1.7,16309,-2.2154e-10,0,1.4999e+06,1.0077e-13,569.36,1,0.174,0.174,0.4,0
202.89,3.1627e+08,1.7,16309,-2.3392e-10,0,1.4999e+06,1.0349e-13,569.36,1,0.175,0.175,0.4,0
202.89,3.1627e+08,1.7,16309,-2.3521e-10,0,1.4999e+06,1.0301e-13,569.36,1,0.176,0.176,0.4,0
202.89,3.1627e+08,1.7,16309,-2.2542e-10,0,1.4999e+06,9.9342e-14,569.36,1,0.177,0.177,0.4,0
202.89,3.1627e+08,1.7,16309,-2.1871e-10,0,1.4999e+06,9.6068e-14,569.36,1,0.178,0.178,0.4,0
202.89,3.1627e+08,1.7,16309,-2.1224e-10,0,1.4999e+06,9.2826e-14,569.36,1,0.179,0.179,0.4,0
202.89,3.1627e+08,1.7,16309,-2.0577e-10,0,1.4999e+06,8.9583e-14,569.36,1,0.18,0.18,0.4,0
202.89,3.1627e+08,1.7,16309,-1.993e-10,0,1.4999e+06,8.6341e-14,569.36,1,0.181,0.181,0.4,0
202.89,3.1627e+08,1.7,16309,-1.9283e-10,0,1.4999e+06,8.3098e-14,569.36,1,0.182,0.182,0.4,0
202.89,3.1627e+08,1.7,16309,-1.8636e-10,0,1.4999e+06,7.9855e-14,569.36,1,0.183,0.183,0.4,0
202.89,3.1627e+08,1.7,16309,-1.7989e-10,0,1.4999e+06,7.6613e-14,569.36,1,0.184,0.184,0.4,0
202.89,3.1627e+08,1.7,16309,-1.7342e-10,0,1.4999e+06,7.337e-14,569.36,1,0.185,0.185,0.4,0
202.89,3.1627e+08,1.7,16309,-1.6694e-10,0,1.4999e+06,7.0128e-14,569.36,1,0.186,0.186,0.4,0
202.89,3.1627e+08,1.7,16309,-1.6047e-10,0,1.4999e+06,6.6885e-14,569.36,1,0.187,0.187,0.4,0
202.89,3.1627e+08,1.7,16309,-1.54e-10,0,1.4999e+06,6.3642e-14,569.36,1,0.188,0.188,0.4,0
202.89,3.1627e+08,1.7,16309,-1.4753e-10,0,1.4999e+06,6.04e-14,569.36,1,0.189,0.189,0.4,0
202.89,3.1627e+08,1.7,16309,-1.4106e-10,0,1.4999e+06,5.7157e-14,569.36,1,0.19,0.19,0.4,0
202.89,3.1627e+08,1.7,16309,-1.3459e-10,0,1.4999e+06,5.3915e-14,569.36,1,0.191,0.191,0.4,0
202.89,3.1627e+08,1.7,16309,-1.2812e-10,0,1.4999e+06,5.0672e-14,569.36,1,0.192,0.192,0.4,0
202.89,3.1627e+08,1.7,16309,-1.2165e-10,0,1.4999e+06,4.743e-14,569.36,1,0.193,0.193,0.4,0
202.89,3.1627e+08,1.7,16309,-1.1518e-10,0,1.4999e+06,4.4187e-14,569.36,1,0.194,0.194,0.4,0
202.89,3.1627e+08,1.7,16309,-1.1625e-10,0,1.4999e+06,4.2442e-14,569.36,1,0.195,0.195,0.4,0
202.89,3.1627e+08,1.7,16309,-1.1964e-10,0,1.4999e+06,4.1156e-14,569.36,1,0.196,0.196,0.4,0
202.89,3.1627e+08,1.7,16309,-1.2302e-10,0,1.4999e+06,3.9871e-14,569.36,1,0.197,0.197,0.4,0
202.89,3.1627e+08,1.7,16309,-1.2641e-10,0,1.4999e+06,3.8585e-14,569.36,1,0.198,0.198,0.4,0
202.89,3.1627e+08,1.7,16309,-1.298e-10,0,1.4999e+06,3.7299e-14,569.36,1,0.199,0.199,0.4,0
202.89,3.1627e+08,1.7,16309,-1.3318e-10,0,1.4999e+06,3.6014e-14,569.36,1,0.2,0.2,0.4,0
202.89,3.1627e+08,1.7,16309,-1.3657e-10,0,1.4999e+06,3.4728e-14,569.36,1,0.201,0.201,0.4,0
202.89,3.1627e+08,1.7,16309,-1.3995e-10,0,1.4999e+06,3.3442e-14,569.36,1,0.202,0.202,0.4,0
202.89,3.1627e+08,1.7,16309,-1.4334e-10,0,1.4999e+06,3.2157e-14,569.36,1,0.203,0.203,0.4,0
202.89,3.1627e+08,1.7,16309,-1.4673e-10,0,1.4999e+06,3.0871e-14,569.36,1,0.204,0.204,0.4,0
202.89,3.1627e+08,1.7,16309,-1.5011e-10,0,1.4999e+06,2.9586e-14,569.36,1,0.205,0.205,0.4,0
202.89,3.1627e+08,1.7,16309,-1.535e-10,0,1.4999e+06,2.83e-14,569.36,1,0.206,0.206,0.4,0
202.89,3.1627e+08,1.7,16309,-1.5688e-10,0,1.4999e+06,2.7014e-14,569.36,1,0.207,0.207,0.4,0
202.89,3.1627e+08,1.7,16309,-1.6027e-10,0,1.4999e+06,2.5729e-14,569.36,1,0.208,0.208,0.4,0
202.89,3.1627e+08,1.7,16309,-1.6365e-10,0,1.4999e+06,2.4443e-14,569.36,1,0.209,0.209,0.4,0
202.89,3.1627e+08,1.7,16309,-1.6704e-10,0,1.4999e+06,2.3157e-14,569.36,1,0.21,0.21,0.4,0
202.89,3.1627e+08,1.7,16309,-1.6723e-10,0,1.4999e+06,2.17e-14,569.36,1,0.211,0.211,0.4,0
202.89,3.1627e+08,1.7,16309,-1.6673e-10,0,1.4999e+06,2.0207e-14,569.36,1,0.212,0.212,0.4,0
202.89,3.1627e+08,1.7,16309,-1.6623e-10,0,1.4999e+06,1.8713e-14,569.36,1,0.213,0.213,0.4,0
202.89,3.1627e+08,1.7,16309,-1.6843e-10,0,1.4999e+06,1.9089e-14,569.36,1,0.214,0.214,0.4,0
202.89,3.1627e+08,1.7,16309,-1.7136e-10,0,1.4999e+06,1.9971e-14,569.36,1,0.215,0.215,0.4,0
202.89,3.1627e+08,1.7,16309,-1.7429e-10,0,1.4999e+06,2.0852e-14,569.36,1,0.216,0.216,0.4,0
202.89,3.1627e+08,1.7,16309,-1.7721e-10,0,1.4999e+06,2.1734e-14,569.36,1,0.217,0.217,0.4,0
202.89,3.1627e+08,1.7,16309,-1.8014e-10,0,1.4999e+06,2.2615e-14,569.36,1,0.218,0.218,0.4,0
202.89,3.1627e+08,1.7,16309,-1.8306e-10,0,1.4999e+06,2.3497e-14,569.36,1,0.219,0.219,0.4,0
202.89,3.1627e+08,1.7,16309,-1.8599e-10,0,1.4999e+06,2.4378e-14,569.36,1,0.22,0.22,0.4,0
202.89,3.1627e+08,1.7,16309,-1.8892e-10,0,1.4999e+06,2.526e-14,569.36,1,0.221,0.221,0.4,0
202.89,3.1627e+08,1.7,16309,-1.9184e-10,0,1.4999e+06,2.6141e-14,569.36,1,0.222,0.222,0.4,0
202.89,3.1627e+08,1.7,16309,-1.9477e-10,0,1.4999e+06,2.7022e-14,569.36,1,0.223,0.223,0.4,0
202.89,3.1627e+08,1.7,16309,-1.977e-10,0,1.4999e+06,2.7904e-14,569.36,1,0.224,0.224,0.4,0
202.89,3.1627e+08,1.7,16309,-2.0062e-10,0,1.4999e+06,2.8785e-14,569.36,1,0.225,0.225,0.4,0
202.89,3.1627e+08,1.7,16309,-2.0355e-10,0,1.4999e+06,2.9667e-14,569.36,1,0.226,0.226,0.4,0
202.89,3.1627e+08,1.7,16309,-2.0648e-10,0,1.4999e+06,3.0548e-14,569.36,1,0.227,0.227,0.4,0
202.89,3.1627e+08,1.7,16309,-2.094e-10,0,1.4999e+06,3.143e-14,569.36,1,0.228,0.228,0.4,0
202.89,3.1627e+08,1.7,16309,-2.1196e-10,0,1.4999e+06,3.2349e-14,569.36,1,0.229,0.229,0.4,0
202.89,3.1627e+08,1.7,16309,-2.141e-10,0,1.4999e+06,3.3311e-14,569.36,1,0.23,0.23,0.4,0
202.89,3.1627e+08,1.7,16309,-2.1624e-10,0,1.4999e+06,3.4272e-14,569.36,1,0.231,0.231,0.4,0
202.89,3.1627e+08,1.7,16309,-2.1838e-10,0,1.4999e+06,3.5234e-14,569.36,1,0.232,0.232,0.4,0
202.89,3.1627e+08,1.7,16309,-2.2053e-10,0,1.4999e+06,3.6196e-14,569.36,1,0.233,0.233,0.4,0
202.89,3.1627e+08,1.7,16309,-2.2267e-10,0,1.4999e+06,3.7157e-14,569.36,1,0.234,0.234,0.4,0
202.89,3.1627e+08,1.7,16309,-2.2481e-10,0,1.4999e+06,3.8119e-14,569.36,1,0.235,0.235,0.4,0
202.89,3.1627e+08,1.7,16309,-2.2278e-10,0,1.4999e+06,3.6279e-14,569.36,1,0.236,0.236,0.4,0
202.89,3.1627e+08,1.7,16309,-2.0423e-10,0,1.4999e+06,3.671e-14,569.36,1,0.237,0.237,0.4,0
202.89,3.1627e+08,1.7,16309,-1.854e-10,0,1.4999e+06,3.7186e-14,569.36,1,0.238,0.238,0.4,0
202.89,3.1627e+08,1.7,16309,-1.6656e-10,0,1.4999e+06,3.7662e-14,569.36,1,0.239,0.239,0.4,0
202.89,3.1627e+08,1.7,16309,-1.4772e-10,0,1.4999e+06,3.8138e-14,569.36,1,0.24,0.24,0.4,0
202.89,3.1627e+08,1.7,16309,-1.2888e-10,0,1.4999e+06,3.8614e-14,569.36,1,0.241,0.241,0.4,0
202.89,3.1627e+08,1.7,16309,-1.1005e-10,0,1.4999e+06,3.9089e-14,569.36,1,0.242,0.242,0.4,0
202.89,3.1627e+08,1.7,16309,-9.121e-11,0,1.4999e+06,3.9565e-14,569.36,1,0.243,0.243,0.4,0
202.89,3.1627e+08,1.7,16309,-7.2373e-11,0,1.4999e+06,4.0041e-14,569.36,1,0.244,0.244,0.4,0
202.89,3.1627e+08,1.7,16309,-5.3535e-11,0,1.4999e+06,4.0517e-14,569.36,1,0.245,0.245,0.4,0
202.89,3.1627e+08,1.7,16309,-3.4698e-11,0,1.4999e+06,4.0993e-14,569.36,1,0.246,0.246,0.4,0
202.89,3.1627e+08,1.7,16309,-1.5861e-11,0,1.4999e+06,4.1469e-14,569.36,1,0.247,0.247,0.4,0
202.89,3.1627e+08,1.7,16309,2.9766e-12,0,1.4999e+06,4.1945e-14,569.36,1,0.248,0.248,0.4,0
202.89,3.1627e+08,1.7,16309,2.1814e-11,0,1.4999e+06,4.2421e-14,569.36,1,0.249,0.249,0.4,0
202.89,3.1627e+08,1.7,16309,4.0651e-11,0,1.4999e+06,4.2896e-14,569.36,1,0.25,0.25,0.4,0
202.89,3.1627e+08,1.7,16309,5.9488e-11,0,1.4999e+06,4.3372e-14,569.36,1,0.251,0.251,0.4,0
202.89,3.1627e+08,1.7,16309,7.8326e-11,0,1.4999e+06,4.3848e-14,569.36,1,0.252,0.252,0.4,0
202.89,3.1627e+08,1.7,16309,9.7163e-11,0,1.4999e+06,4.4324e-14,569.36,1,0.253,0.253,0.4,0
202.89,3.1627e+08,1.7,16309,1.16e-10,0,1.4999e+06,4.48e-14,569.36,1,0.254,0.254,0.4,0
202.89,3.1627e+08,1.7,16309,1.3484e-10,0,1.4999e+06,4.5276e-14,569.36,1,0.255,0.255,0.4,0
202.89,3.1627e+08,1.7,16309,1.5368e-10,0,1.4999e+06,4.5752e-14,569.36,1,0.256,0.256,0.4,0
202.89,3.1627e+08,1.7,16309,1.5975e-10,0,1.4999e+06,4.8113e-14,569.36,1,0.257,0.257,0.4,0
202.89,3.1627e+08,1.7,16309,1.6031e-10,0,1.4999e+06,5.1286e-14,569.36,1,0.258,0.258,0.4,0
202.89,3.1627e+08,1.7,16309,1.6088e-10,0,1.4999e+06,5.446e-14,569.36,1,0.259,0.259,0.4,0
202.89,3.1627e+08,1.7,16309,1.6173e-10,0,1.4999e+06,5.7598e-14,569.36,1,0.26,0.26,0.4,0
202.89,3.1627e+08,1.7,16309,1.7424e-10,0,1.4999e+06,5.928e-14,569.36,1,0.261,0.261,0.4,0
202.89,3.1627e+08,1.7,16309,1.8674e-10,0,1.4999e+06,6.0961e-14,569.36,1,0.262,0.262,0.4,0
202.89,3.1627e+08,1.7,16309,1.9925e-10,0,1.4999e+06,6.2643e-14,569.36,1,0.263,0.263,0.4,0
202.89,3.1627e+08,1.7,16309,2.1175e-10,0,1.4999e+06,6.4325e-14,569.36,1,0.264,0.264,0.4,0
202.89,3.1627e+08,1.7,16309,2.2426e-10,0,1.4999e+06,6.6006e-14,569.36,1,0.265,0.265,0.4,0
202.89,3.1627e+08,1.7,16309,2.3677e-10,0,1.4999e+06,6.7688e-14,569.36,1,0.266,0.266,0.4,0
202.89,3.1627e+08,1.7,16309,2.4927e-10,0,1.4999e+06,6.9369e-14,569.36,1,0.267,0.267,0.4,0
202.89,3.1627e+08,1.7,16309,2.6178e-10,0,1.4999e+06,7.1051e-14,569.36,1,0.268,0.268,0.4,0
202.89,3.1627e+08,1.7,16309,2.7428e-10,0,1.4999e+06,7.2733e-14,569.36,1,0.269,0.269,0.4,0
202.89,3.1627e+08,1.7,16309,2.8679e-10,0,1.4999e+06,7.4414e-14,569.36,1,0.27,0.27,0.4,0
202.89,3.1627e+08,1.7,16309,2.9929e-10,0,1.4999e+06,7.6096e-14,569.36,1,0.271,0.271,0.4,0
202.89,3.1627e+08,1.7,16309,3.118e-10,0,1.4999e+06,7.7777e-14,569.36,1,0.272,0.272,0.4,0
202.89,3.1627e+08,1.7,16309,3.243e-10,0,1.4999e+06,7.9459e-14,569.36,1,0.273,0.273,0.4,0
202.89,3.1627e+08,1.7,16309,3.3681e-10,0,1.4999e+06,8.1141e-14,569.36,1,0.274,0.274,0.4,0
202.89,3.1627e+08,1.7,16309,3.4932e-10,0,1.4999e+06,8.2822e-14,569.36,1,0.275,0.275,0.4,0
202.89,3.1627e+08,1.7,16309,3.6182e-10,0,1.4999e+06,8.4504e-14,569.36,1,0.276,0.276,0.4,0
202.89,3.1627e+08,1.7,16309,3.7433e-10,0,1.4999e+06,8.6185e-14,569.36,1,0.277,0.277,0.4,0
202.89,3.1627e+08,1.7,16309,3.6483e-10,0,1.4999e+06,8.7007e-14,569.36,1,0.278,0.278,0.4,0
202.89,3.1627e+08,1.7,16309,3.4187e-10,0,1.4999e+06,8.7302e-14,569.36,1,0.279,0.279,0.4,0
202.89,3.1627e+08,1.7,16309,3.189e-10,0,1.4999e+06,8.7596e-14,569.36,1,0.28,0.28,0.4,0
202.89,3.1627e+08,1.7,16309,2.9594e-10,0,1.4999e+06,8.7891e-14,569.36,1,0.281,0.281,0.4,0
202.89,3.1627e+08,1.7,16309,2.7297e-10,0,1.4999e+06,8.8186e-14,569.36,1,0.282,0.282,0.4,0
202.89,3.1627e+08,1.7,16309,2.5e-10,0,1.4999e+06,8.8481e-14,569.36,1,0.283,0.283,0.4,0
202.89,3.1627e+08,1.7,16309,2.2704e-10,0,1.4999e+06,8.8775e-14,569.36,1,0.284,0.284,0.4,0
202.89,3.1627e+08,1.7,16309,2.0407e-10,0,1.4999e+06,8.907e-14,569.36,1,0.285,0.285,0.4,0
202.89,3.1627e+08,1.7,16309,1.8111e-10,0,1.4999e+06,8.9365e-14,569.36,1,0.286,0.286,0.4,0
202.89,3.1627e+08,1.7,16309,1.5814e-10,0,1.4999e+06,8.966e-14,569.36,1,0.287,0.287,0.4,0
202.89,3.1627e+08,1.7,16309,1.3189e-10,0,1.4999e+06,8.9447e-14,569.36,1,0.288,0.288,0.4,0
202.89,3.1627e+08,1.7,16309,1.039e-10,0,1.4999e+06,8.8968e-14,569.36,1,0.289,0.289,0.4,0
202.89,3.1627e+08,1.7,16309,7.5923e-11,0,1.4999e+06,8.8489e-14,569.36,1,0.29,0.29,0.4,0
202.89,3.1627e+08,1.7,16309,4.7941e-11,0,1.4999e+06,8.801e-14,569.36,1,0.291,0.291,0.4,0
202.89,3.1627e+08,1.7,16309,1.9959e-11,0,1.4999e+06,8.753e-14,569.36,1,0.292,0.292,0.4,0
202.89,3.1627e+08,1.7,16309,-8.0235e-12,0,1.4999e+06,8.7051e-14,569.36,1,0.293,0.293,0.4,0
202.89,3.1627e+08,1.7,16309,-3.6005e-11,0,1.4999e+06,8.6572e-14,569.36,1,0.294,0.294,0.4,0
202.89,3.1627e+08,1.7,16309,-6.3987e-11,0,1.4999e+06,8.6093e-14,569.36,1,0.295,0.295,0.4,0
202.89,3.1627e+08,1.7,16309,-9.1969e-11,0,1.4999e+06,8.5614e-14,569.36,1,0.296,0.296,0.4,0
202.89,3.1627e+08,1.7,16309,-1.1995e-10,0,1.4999e+06,8.5134e-14,569.36,1,0.297,0.297,0.4,0
202.89,3.1627e+08,1.7,16309,-1.4793e-10,0,1.4999e+06,8.4655e-14,569.36,1,0.298,0.298,0.4,0
202.89,3.1627e+08,1.7,16309,-1.6379e-10,0,1.4999e+06,8.4457e-14,569.36,1,0.299,0.299,0.4,0
202.89,3.1627e+08,1.7,16309,-1.6428e-10,0,1.4999e+06,8.4614e-14,569.36,1,0.3,0.3,0.4,0
202.89,3.1627e+08,1.7,16309,-1.6477e-10,0,1.4999e+06,8.4771e-14,569.36,1,0.301,0.301,0.4,0
202.89,3.1627e+08,1.7,16309,-1.6526e-10,0,1.4999e+06,8.4928e-14,569.36,1,0.302,0.302,0.4,0
202.89,3.1627e+08,1.7,16309,-1.6575e-10,0,1.4999e+06,8.5086e-14,569.36,1,0.303,0.303,0.4,0
202.89,3.1627e+08,1.7,16309,-1.6624e-10,0,1.4999e+06,8.5243e-14,569.36,1,0.304,0.304,0.4,0
202.89,3.1627e+08,1.7,16309,-1.6673e-10,0,1.4999e+06,8.54e-14,569.36,1,0.305,0.305,0.4,0
202.89,3.1627e+08,1.7,16309,-1.6722e-10,0,1.4999e+06,8.5557e-14,569.36,1,0.306,0.306,0.4,0
202.89,3.1627e+08,1.7,16309,-1.6771e-10,0,1.4999e+06,8.5714e-14,569.36,1,0.307,0.307,0.4,0
202.89,3.1627e+08,1.7,16309,-1.682e-10,0,1.4999e+06,8.5872e-14,569.36,1,0.308,0.308,0.4,0
202.89,3.1627e+08,1.7,16309,-1.6869e-10,0,1.4999e+06,8.6029e-14,569.36,1,0.309,0.309,0.4,0
202.89,3.1627e+08,1.7,16309,-1.6918e-10,0,1.4999e+06,8.6186e-14,569.36,1,0.31,0.31,0.4,0
202.89,3.1627e+08,1.7,16309,-1.6967e-10,0,1.4999e+06,8.6343e-14,569.36,1,0.311,0.311,0.4,0
202.89,3.1627e+08,1.7,16309,-1.7016e-10,0,1.4999e+06,8.6501e-14,569.36,1,0.312,0.312,0.4,0
202.89,3.1627e+08,1.7,16309,-1.7065e-10,0,1.4999e+06,8.6658e-14,569.36,1,0.313,0.313,0.4,0
202.89,3.1627e+08,1.7,16309,-1.7114e-10,0,1.4999e+06,8.6815e-14,569.36,1,0.314,0.314,0.4,0
202.89,3.1627e+08,1.7,16309,-1.7385e-10,0,1.4999e+06,8.644e-14,569.36,1,0.315,0.315,0.4,0
202.89,3.1627e+08,1.7,16309,-1.8137e-10,0,1.4999e+06,8.4916e-14,569.36,1,0.316,0.316,0.4,0
202.89,3.1627e+08,1.7,16309,-1.8889e-10,0,1.4999e+06,8.3392e-14,569.36,1,0.317,0.317,0.4,0
202.89,3.1627e+08,1.7,16309,-1.9641e-10,0,1.4999e+06,8.1868e-14,569.36,1,0.318,0.318,0.4,0
202.89,3.1627e+08,1.7,16309,-2.0393e-10,0,1.4999e+06,8.0343e-14,569.36,1,0.319,0.319,0.4,0
202.89,3.1627e+08,1.7,16309,-2.086e-10,0,1.4999e+06,7.9203e-14,569.36,1,0.32,0.32,0.4,0
202.89,3.1627e+08,1.7,16309,-2.0791e-10,0,1.4999e+06,7.8782e-14,569.36,1,0.321,0.321,0.4,0
202.89,3.1627e+08,1.7,16309,-2.0723e-10,0,1.4999e+06,7.8361e-14,569.36,1,0.322,0.322,0.4,0
202.89,3.1627e+08,1.7,16309,-2.0654e-10,0,1.4999e+06,7.794e-14,569.36,1,0.323,0.323,0.4,0
202.89,3.1627e+08,1.7,16309,-2.0585e-10,0,1.4999e+06,7.7519e-14,569.36,1,0.324,0.324,0.4,0
202.89,3.1627e+08,1.7,16309,-2.0517e-10,0,1.4999e+06,7.7098e-14,569.36,1,0.325,0.325,0.4,0
202.89,3.1627e+08,1.7,16309,-2.0448e-10,0,1.4999e+06,7.6677e-14,569.36,1,0.326,0.326,0.4,0
202.89,3.1627e+08,1.7,16309,-2.038e-10,0,1.4999e+06,7.6256e-14,569.36,1,0.327,0.327,0.4,0
202.89,3.1627e+08,1.7,16309,-2.0311e-10,0,1.4999e+06,7.5835e-14,569.36,1,0.328,0.328,0.4,0
202.89,3.1627e+08,1.7,16309,-2.0243e-10,0,1.4999e+06,7.5414e-14,569.36,1,0.329,0.329,0.4,0
202.89,3.1627e+08,1.7,16309,-2.0174e-10,0,1.4999e+06,7.4993e-14,569.36,1,0.33,0.33,0.4,0
202.89,3.1627e+08,1.7,16309,-2.0106e-10,0,1.4999e+06,7.4573e-14,569.36,1,0.331,0.331,0.4,0
202.89,3.1627e+08,1.7,16309,-2.0037e-10,0,1.4999e+06,7.4152e-14,569.36,1,0.332,0.332,0.4,0
202.89,3.1627e+08,1.7,16309,-1.9969e-10,0,1.4999e+06,7.3731e-14,569.36,1,0.333,0.333,0.4,0
202.89,3.1627e+08,1.7,16309,-1.99e-10,0,1.4999e+06,7.331e-14,569.36,1,0.334,0.334,0.4,0
202.89,3.1627e+08,1.7,16309,-1.9831e-10,0,1.4999e+06,7.2889e-14,569.36,1,0.335,0.335,0.4,0
202.89,3.1627e+08,1.7,16309,-1.9763e-10,0,1.4999e+06,7.2468e-14,569.36,1,0.336,0.336,0.4,0
202.89,3.1627e+08,1.7,16309,-1.9694e-10,0,1.4999e+06,7.2047e-14,569.36,1,0.337,0.337,0.4,0
202.89,3.1627e+08,1.7,16309,-1.9626e-10,0,1.4999e+06,7.1626e-14,569.36,1,0.338,0.338,0.4,0
202.89,3.1627e+08,1.7,16309,-1.9163e-10,0,1.4999e+06,7.0796e-14,569.36,1,0.339,0.339,0.4,0
202.89,3.1627e+08,1.7,16309,-1.8622e-10,0,1.4999e+06,6.9887e-14,569.36,1,0.34,0.34,0.4,0
202.89,3.1627e+08,1.7,16309,-1.8444e-10,0,1.4999e+06,6.9027e-14,569.36,1,0.341,0.341,0.4,0
202.89,3.1627e+08,1.7,16309,-1.8749e-10,0,1.4999e+06,6.9267e-14,569.36,1,0.342,0.342,0.4,0
202.89,3.1627e+08,1.7,16309,-1.883e-10,0,1.4999e+06,7.0106e-14,569.36,1,0.343,0.343,0.4,0
202.89,3.1627e+08,1.7,16309,-1.8911e-10,0,1.4999e+06,7.0945e-14,569.36,1,0.344,0.344,0.4,0
202.89,3.1627e+08,1.7,16309,-1.8992e-10,0,1.4999e+06,7.1784e-14,569.36,1,0.345,0.345,0.4,0
202.89,3.1627e+08,1.7,16309,-1.9073e-10,0,1.4999e+06,7.2622e-14,569.36,1,0.346,0.346,0.4,0
202.89,3.1627e+08,1.7,16309,-1.9155e-10,0,1.4999e+06,7.3461e-14,569.36,1,0.347,0.347,0.4,0
202.89,3.1627e+08,1.7,16309,-1.9236e-10,0,1.4999e+06,7.43e-14,569.36,1,0.348,0.348,0.4,0
202.89,3.1627e+08,1.7,16309,-1.9317e-10,0,1.4999e+06,7.5139e-14,569.36,1,0.349,0.349,0.4,0
202.89,3.1627e+08,1.7,16309,-1.9398e-10,0,1.4999e+06,7.5978e-14,569.36,1,0.35,0.35,0.4,0
202.89,3.1627e+08,1.7,16309,-1.9479e-10,0,1.4999e+06,7.6817e-14,569.36,1,0.351,0.351,0.4,0
202.89,3.1627e+08,1.7,16309,-1.956e-10,0,1.4999e+06,7.7656e-14,569.36,1,0.352,0.352,0.4,0
202.89,3.1627e+08,1.7,16309,-1.9641e-10,0,1.4999e+06,7.8494e-14,569.36,1,0.353,0.353,0.4,0
202.89,3.1627e+08,1.7,16309,-1.9722e-10,0,1.4999e+06,7.9333e-14,569.36,1,0.354,0.354,0.4,0
202.89,3.1627e+08,1.7,16309,-1.9804e-10,0,1.4999e+06,8.0172e-14,569.36,1,0.355,0.355,0.4,0
202.89,3.1627e+08,1.7,16309,-1.9885e-10,0,1.4999e+06,8.1011e-14,569.36,1,0.356,0.356,0.4,0
202.89,3.1627e+08,1.7,16309,-1.9966e-10,0,1.4999e+06,8.185e-14,569.36,1,0.357,0.357,0.4,0
202.89,3.1627e+08,1.7,16309,-2.0047e-10,0,1.4999e+06,8.2689e-14,569.36,1,0.358,0.358,0.4,0
202.89,3.1627e+08,1.7,16309,-2.0128e-10,0,1.4999e+06,8.3528e-14,569.36,1,0.359,0.359,0.4,0
202.89,3.1627e+08,1.7,16309,-2.0209e-10,0,1.4999e+06,8.4366e-14,569.36,1,0.36,0.36,0.4,0
202.89,3.1627e+08,1.7,16309,-2.029e-10,0,1.4999e+06,8.5205e-14,569.36,1,0.361,0.361,0.4,0
202.89,3.1627e+08,1.7,16309,-2.0136e-10,0,1.4999e+06,8.4817e-14,569.36,1,0.362,0.362,0.4,0
202.89,3.1627e+08,1.7,16309,-1.9564e-10,0,1.4999e+06,8.2262e-14,569.36,1,0.363,0.363,0.4,0
202.89,3.1627e+08,1.7,16309,-1.8993e-10,0,1.4999e+06,7.9708e-14,569.36,1,0.364,0.364,0.4,0
202.89,3.1627e+08,1.7,16309,-1.8422e-10,0,1.4999e+06,7.7154e-14,569.36,1,0.365,0.365,0.4,0
202.89,3.1627e+08,1.7,16309,-1.7851e-10,0,1.4999e+06,7.46e-14,569.36,1,0.366,0.366,0.4,0
202.89,3.1627e+08,1.7,16309,-1.728e-10,0,1.4999e+06,7.2045e-14,569.36,1,0.367,0.367,0.4,0
202.89,3.1627e+08,1.7,16309,-1.6473e-10,0,1.4999e+06,6.9942e-14,569.36,1,0.368,0.368,0.4,0
202.89,3.1627e+08,1.7,16309,-1.4977e-10,0,1.4999e+06,6.9158e-14,569.36,1,0.369,0.369,0.4,0
202.89,3.1627e+08,1.7,16309,-1.3482e-10,0,1.4999e+06,6.8374e-14,569.36,1,0.37,0.37,0.4,0
202.89,3.1627e+08,1.7,16309,-1.1986e-10,0,1.4999e+06,6.759e-14,569.36,1,0.371,0.371,0.4,0
202.89,3.1627e+08,1.7,16309,-1.049e-10,0,1.4999e+06,6.6807e-14,569.36,1,0.372,0.372,0.4,0
202.89,3.1627e+08,1.7,16309,-8.9944e-11,0,1.4999e+06,6.6023e-14,569.36,1,0.373,0.373,0.4,0
202.89,3.1627e+08,1.7,16309,-7.4986e-11,0,1.4999e+06,6.5239e-14,569.36,1,0.374,0.374,0.4,0
202.89,3.1627e+08,1.7,16309,-6.0029e-11,0,1.4999e+06,6.4455e-14,569.36,1,0.375,0.375,0.4,0
202.89,3.1627e+08,1.7,16309,-4.5071e-11,0,1.4999e+06,6.3671e-14,569.36,1,0.376,0.376,0.4,0
202.89,3.1627e+08,1.7,16309,-3.0114e-11,0,1.4999e+06,6.2887e-14,569.36,1,0.377,0.377,0.4,0
202.89,3.1627e+08,1.7,16309,-1.5156e-11,0,1.4999e+06,6.2103e-14,569.36,1,0.378,0.378,0.4,0
202.89,3.1627e+08,1.7,16309,-1.985e-13,0,1.4999e+06,6.132e-14,569.36,1,0.379,0.379,0.4,0
202.89,3.1627e+08,1.7,16309,1.4759e-11,0,1.4999e+06,6.0536e-14,569.36,1,0.38,0.38,0.4,0
202.89,3.1627e+08,1.7,16309,2.9717e-11,0,1.4999e+06,5.9752e-14,569.36,1,0.381,0.381,0.4,0
202.89,3.1627e+08,1.7,16309,3.5483e-11,0,1.4999e+06,6.1476e-14,569.36,1,0.382,0.382,0.4,0
202.89,3.1627e+08,1.7,16309,4.0084e-11,0,1.4999e+06,6.3518e-14,569.36,1,0.383,0.383,0.4,0
202.89,3.1627e+08,1.7,16309,4.4685e-11,0,1.4999e+06,6.5561e-14,569.36,1,0.384,0.384,0.4,0
202.89,3.1627e+08,1.7,16309,4.9285e-11,0,1.4999e+06,6.7603e-14,569.36,1,0.385,0.385,0.4,0
202.89,3.1627e+08,1.7,16309,5.3886e-11,0,1.4999e+06,6.9645e-14,569.36,1,0.386,0.386,0.4,0
202.89,3.1627e+08,1.7,16309,5.8487e-11,0,1.4999e+06,7.1688e-14,569.36,1,0.387,0.387,0.4,0
202.89,3.1627e+08,1.7,16309,6.3088e-11,0,1.4999e+06,7.373e-14,569.36,1,0.388,0.388,0.4,0
202.89,3.1627e+08,1.7,16309,6.7688e-11,0,1.4999e+06,7.5773e-14,569.36,1,0.389,0.389,0.4,0
202.89,3.1627e+08,1.7,16309,7.2289e-11,0,1.4999e+06,7.7815e-14,569.36,1,0.39,0.39,0.4,0
202.89,3.1627e+08,1.7,16309,7.689e-11,0,1.4999e+06,7.9857e-14,569.36,1,0.391,0.391,0.4,0
202.89,3.1627e+08,1.7,16309,7.9856e-11,0,1.4999e+06,8.0541e-14,569.36,1,0.392,0.392,0.4,0
202.89,3.1627e+08,1.7,16309,8.2417e-11,0,1.4999e+06,8.0888e-14,569.36,1,0.393,0.393,0.4,0
202.89,3.1627e+08,1.7,16309,8.4977e-11,0,1.4999e+06,8.1235e-14,569.36,1,0.394,0.394,0.4,0
202.89,3.1627e+08,1.7,16309,8.7538e-11,0,1.4999e+06,8.1582e-14,569.36,1,0.395,0.395,0.4,0
202.89,3.1627e+08,1.7,16309,9.0099e-11,0,1.4999e+06,8.1929e-14,569.36,1,0.396,0.396,0.4,0
202.89,3.1627e+08,1.7,16309,9.2659e-11,0,1.4999e+06,8.2276e-14,569.36,1,0.397,0.397,0.4,0
202.89,3.1627e+08,1.7,16309,9.522e-11,0,1.4999e+06,8.2623e-14,569.36,1,0.398,0.398,0.4,0
202.89,3.1627e+08,1.7,16309,9.2127e-11,0,1.4999e+06,8.2711e-14,569.36,1,0.399,0.399,0.4,0
202.89,3.1627e+08,1.7,16309,8.8124e-11,0,1.4999e+06,8.2757e-14,569.36,1,0.4,0.4,0.4,0
202.89,3.1627e+08,1.7,16309,8.4122e-11,0,1.4999e+06,8.2804e-14,569.36,1,0.401,0.401,0.4,0
202.89,3.1627e+08,1.7,16309,8.012e-11,0,1.4999e+06,8.285e-14,569.36,1,0.402,0.402,0.4,0
202.89,3.1627e+08,1.7,16309,7.6118e-11,0,1.4999e+06,8.2897e-14,569.36,1,0.403,0.403,0.4,0
202.89,3.1627e+08,1.7,16309,7.2116e-11,0,1.4999e+06,8.2943e-14,569.36,1,0.404,0.404,0.4,0
202.89,3.1627e+08,1.7,16309,6.8114e-11,0,1.4999e+06,8.2989e-14,569.36,1,0.405,0.405,0.4,0
202.89,3.1627e+08,1.7,16309,6.4111e-11,0,1.4999e+06,8.3036e-14,569.36,1,0.406,0.406,0.4,0
202.89,3.1627e+08,1.7,16309,6.0109e-11,0,1.4999e+06,8.3082e-14,569.36,1,0.407,0.407,0.4,0
202.89,3.1627e+08,1.7,16309,5.6107e-11,0,1.4999e+06,8.3129e-14,569.36,1,0.408,0.408,0.4,0
202.89,3.1627e+08,1.7,16309,5.2105e-11,0,1.4999e+06,8.3175e-14,569.36,1,0.409,0.409,0.4,0
202.89,3.1627e+08,1.7,16309,4.8547e-11,0,1.4999e+06,8.0697e-14,569.36,1,0.41,0.41,0.4,0
202.89,3.1627e+08,1.7,16309,4.5443e-11,0,1.4999e+06,7.5641e-14,569.36,1,0.411,0.411,0.4,0
202.89,3.1627e+08,1.7,16309,4.2338e-11,0,1.4999e+06,7.0585e-14,569.36,1,0.412,0.412,0.4,0
202.89,3.1627e+08,1.7,16309,3.3512e-11,0,1.4999e+06,6.6282e-14,569.36,1,0.413,0.413,0.4,0
202.89,3.1627e+08,1.7,16309,1.4444e-11,0,1.4999e+06,6.3325e-14,569.36,1,0.414,0.414,0.4,0
202.89,3.1627e+08,1.7,16309,-4.6235e-12,0,1.4999e+06,6.0368e-14,569.36,1,0.415,0.415,0.4,0
202.89,3.1627e+08,1.7,16309,-2.3691e-11,0,1.4999e+06,5.7411e-14,569.36,1,0.416,0.416,0.4,0
202.89,3.1627e+08,1.7,16309,-4.2759e-11,0,1.4999e+06,5.4455e-14,569.36,1,0.417,0.417,0.4,0
202.89,3.1627e+08,1.7,16309,-6.1827e-11,0,1.4999e+06,5.1498e-14,569.36,1,0.418,0.418,0.4,0
202.89,3.1627e+08,1.7,16309,-8.0894e-11,0,1.4999e+06,4.8541e-14,569.36,1,0.419,0.419,0.4,0
202.89,3.1627e+08,1.7,16309,-9.9962e-11,0,1.4999e+06,4.5584e-14,569.36,1,0.42,0.42,0.4,0
202.89,3.1627e+08,1.7,16309,-1.1903e-10,0,1.4999e+06,4.2627e-14,569.36,1,0.421,0.421,0.4,0
202.89,3.1627e+08,1.7,16309,-1.381e-10,0,1.4999e+06,3.967e-14,569.36,1,0.422,0.422,0.4,0
202.89,3.1627e+08,1.7,16309,-1.5716e-10,0,1.4999e+06,3.6714e-14,569.36,1,0.423,0.423,0.4,0
202.89,3.1627e+08,1.7,16309,-1.7623e-10,0,1.4999e+06,3.3757e-14,569.36,1,0.424,0.424,0.4,0
202.89,3.1627e+08,1.7,16309,-1.953e-10,0,1.4999e+06,3.08e-14,569.36,1,0.425,0.425,0.4,0
202.89,3.1627e+08,1.7,16309,-2.1829e-10,0,1.4999e+06,2.9161e-14,569.36,1,0.426,0.426,0.4,0
202.89,3.1627e+08,1.7,16309,-2.0512e-10,0,1.4999e+06,3.3347e-14,569.36,1,0.427,0.427,0.4,0
202.89,3.1627e+08,1.7,16309,-1.6613e-10,0,1.4999e+06,4.0634e-14,569.36,1,0.428,0.428,0.4,0
202.89,3.1627e+08,1.7,16309,-1.365e-10,0,1.4999e+06,4.6028e-14,569.36,1,0.429,0.429,0.4,0
202.89,3.1627e+08,1.7,16309,-1.133e-10,0,1.4999e+06,5.0119e-14,569.36,1,0.43,0.43,0.4,0
202.89,3.1627e+08,1.7,16309,-9.0106e-11,0,1.4999e+06,5.4209e-14,569.36,1,0.431,0.431,0.4,0
202.89,3.1627e+08,1.7,16309,-6.6911e-11,0,1.4999e+06,5.8299e-14,569.36,1,0.432,0.432,0.4,0
202.89,3.1627e+08,1.7,16309,-4.3716e-11,0,1.4999e+06,6.2389e-14,569.36,1,0.433,0.433,0.4,0
202.89,3.1627e+08,1.7,16309,-2.0522e-11,0,1.4999e+06,6.648e-14,569.36,1,0.434,0.434,0.4,0
202.89,3.1627e+08,1.7,16309,2.6735e-12,0,1.4999e+06,7.057e-14,569.36,1,0.435,0.435,0.4,0
202.89,3.1627e+08,1.7,16309,2.5868e-11,0,1.4999e+06,7.466e-14,569.36,1,0.436,0.436,0.4,0
202.89,3.1627e+08,1.7,16309,4.9063e-11,0,1.4999e+06,7.8751e-14,569.36,1,0.437,0.437,0.4,0
202.89,3.1627e+08,1.7,16309,7.2258e-11,0,1.4999e+06,8.2841e-14,569.36,1,0.438,0.438,0.4,0
202.89,3.1627e+08,1.7,16309,9.5453e-11,0,1.4999e+06,8.6931e-14,569.36,1,0.439,0.439,0.4,0
202.89,3.1627e+08,1.7,16309,7.3778e-11,0,1.4999e+06,8.5012e-14,569.36,1,0.44,0.44,0.4,0
202.89,3.1627e+08,1.7,16309,5.0153e-11,0,1.4999e+06,8.2832e-14,569.36,1,0.441,0.441,0.4,0
202.89,3.1627e+08,1.7,16309,2.6528e-11,0,1.4999e+06,8.0651e-14,569.36,1,0.442,0.442,0.4,0
202.89,3.1627e+08,1.7,16309,2.9027e-12,0,1.4999e+06,7.8471e-14,569.36,1,0.443,0.443,0.4,0
202.89,3.1627e+08,1.7,16309,-2.0723e-11,0,1.4999e+06,7.629e-14,569.36,1,0.444,0.444,0.4,0
202.89,3.1627e+08,1.7,16309,-4.4348e-11,0,1.4999e+06,7.411e-14,569.36,1,0.445,0.445,0.4,0
202.89,3.1627e+08,1.7,16309,-6.7974e-11,0,1.4999e+06,7.193e-14,569.36,1,0.446,0.446,0.4,0
202.89,3.1627e+08,1.7,16309,-9.1599e-11,0,1.4999e+06,6.9749e-14,569.36,1,0.447,0.447,0.4,0
202.89,3.1627e+08,1.7,16309,-1.1522e-10,0,1.4999e+06,6.7569e-14,569.36,1,0.448,0.448,0.4,0
202.89,3.1627e+08,1.7,16309,-1.241e-10,0,1.4999e+06,6.7503e-14,569.36,1,0.449,0.449,0.4,0
202.89,3.1627e+08,1.7,16309,-1.307e-10,0,1.4999e+06,6.7762e-14,569.36,1,0.45,0.45,0.4,0
202.89,3.1627e+08,1.7,16309,-1.3731e-10,0,1.4999e+06,6.8021e-14,569.36,1,0.451,0.451,0.4,0
202.89,3.1627e+08,1.7,16309,-1.5199e-10,0,1.4999e+06,6.7045e-14,569.36,1,0.452,0.452,0.4,0
202.89,3.1627e+08,1.7,16309,-1.876e-10,0,1.4999e+06,6.2869e-14,569.36,1,0.453,0.453,0.4,0
202.89,3.1627e+08,1.7,16309,-2.232e-10,0,1.4999e+06,5.8692e-14,569.36,1,0.454,0.454,0.4,0
202.89,3.1627e+08,1.7,16309,-2.5881e-10,0,1.4999e+06,5.4516e-14,569.36,1,0.455,0.455,0.4,0
202.89,3.1627e+08,1.7,16309,-2.9442e-10,0,1.4999e+06,5.0339e-14,569.36,1,0.456,0.456,0.4,0
202.89,3.1627e+08,1.7,16309,-3.3003e-10,0,1.4999e+06,4.6163e-14,569.36,1,0.457,0.457,0.4,0
202.89,3.1627e+08,1.7,16309,-3.6563e-10,0,1.4999e+06,4.1987e-14,569.36,1,0.458,0.458,0.4,0
202.89,3.1627e+08,1.7,16309,-4.0124e-10,0,1.4999e+06,3.781e-14,569.36,1,0.459,0.459,0.4,0
202.89,3.1627e+08,1.7,16309,-4.3685e-10,0,1.4999e+06,3.3634e-14,569.36,1,0.46,0.46,0.4,0
202.89,3.1627e+08,1.7,16309,-4.7245e-10,0,1.4999e+06,2.9457e-14,569.36,1,0.461,0.461,0.4,0
202.89,3.1627e+08,1.7,16309,-5.0806e-10,0,1.4999e+06,2.5281e-14,569.36,1,0.462,0.462,0.4,0
202.89,3.1627e+08,1.7,16309,-5.4367e-10,0,1.4999e+06,2.1105e-14,569.36,1,0.463,0.463,0.4,0
202.89,3.1627e+08,1.7,16309,-5.7917e-10,0,1.4999e+06,1.6803e-14,569.36,1,0.464,0.464,0.4,0
202.89,3.1627e+08,1.7,16309,-5.7701e-10,0,1.4999e+06,1.5013e-14,569.36,1,0.465,0.465,0.4,0
202.89,3.1627e+08,1.7,16309,-5.1563e-10,0,1.4999e+06,1.8186e-14,569.36,1,0.466,0.466,0.4,0
202.89,3.1627e+08,1.7,16309,-4.4035e-10,0,1.4999e+06,2.2332e-14,569.36,1,0.467,0.467,0.4,0
202.89,3.1627e+08,1.7,16309,-3.6508e-10,0,1.4999e+06,2.6478e-14,569.36,1,0.468,0.468,0.4,0
202.89,3.1627e+08,1.7,16309,-2.8981e-10,0,1.4999e+06,3.0624e-14,569.36,1,0.469,0.469,0.4,0
202.89,3.1627e+08,1.7,16309,-2.1454e-10,0,1.4999e+06,3.477e-14,569.36,1,0.47,0.47,0.4,0
202.89,3.1627e+08,1.7,16309,-1.3926e-10,0,1.4999e+06,3.8915e-14,569.36,1,0.471,0.471,0.4,0
202.89,3.1627e+08,1.7,16309,-6.3991e-11,0,1.4999e+06,4.3061e-14,569.36,1,0.472,0.472,0.4,0
202.89,3.1627e+08,1.7,16309,1.1281e-11,0,1.4999e+06,4.7207e-14,569.36,1,0.473,0.473,0.4,0
202.89,3.1627e+08,1.7,16309,8.6554e-11,0,1.4999e+06,5.1353e-14,569.36,1,0.474,0.474,0.4,0
202.89,3.1627e+08,1.7,16309,1.6183e-10,0,1.4999e+06,5.5499e-14,569.36,1,0.475,0.475,0.4,0
202.89,3.1627e+08,1.7,16309,2.001e-10,0,1.4999e+06,5.7416e-14,569.36,1,0.476,0.476,0.4,0
202.89,3.1627e+08,1.7,16309,1.7255e-10,0,1.4999e+06,5.5367e-14,569.36,1,0.477,0.477,0.4,0
202.89,3.1627e+08,1.7,16309,1.45e-10,0,1.4999e+06,5.3318e-14,569.36,1,0.478,0.478,0.4,0
202.89,3.1627e+08,1.7,16309,1.1745e-10,0,1.4999e+06,5.1269e-14,569.36,1,0.479,0.479,0.4,0
202.89,3.1627e+08,1.7,16309,8.9908e-11,0,1.4999e+06,4.922e-14,569.36,1,0.48,0.48,0.4,0
202.89,3.1627e+08,1.7,16309,6.236e-11,0,1.4999e+06,4.7171e-14,569.36,1,0.481,0.481,0.4,0
202.89,3.1627e+08,1.7,16309,3.4813e-11,0,1.4999e+06,4.5123e-14,569.36,1,0.482,0.482,0.4,0
202.89,3.1627e+08,1.7,16309,7.2651e-12,0,1.4999e+06,4.3074e-14,569.36,1,0.483,0.483,0.4,0
202.89,3.1627e+08,1.7,16309,-7.9103e-12,0,1.4999e+06,4.2325e-14,569.36,1,0.484,0.484,0.4,0
202.89,3.1627e+08,1.7,16309,9.6285e-12,0,1.4999e+06,4.5769e-14,569.36,1,0.485,0.485,0.4,0
202.89,3.1627e+08,1.7,16309,4.0831e-11,0,1.4999e+06,4.8972e-14,569.36,1,0.486,0.486,0.4,0
202.89,3.1627e+08,1.7,16309,6.7219e-11,0,1.4999e+06,5.091e-14,569.36,1,0.487,0.487,0.4,0
202.89,3.1627e+08,1.7,16309,9.3608e-11,0,1.4999e+06,5.2848e-14,569.36,1,0.488,0.488,0.4,0
202.89,3.1627e+08,1.7,16309,1.2e-10,0,1.4999e+06,5.4786e-14,569.36,1,0.489,0.489,0.4,0
202.89,3.1627e+08,1.7,16309,1.4638e-10,0,1.4999e+06,5.6724e-14,569.36,1,0.49,0.49,0.4,0
202.89,3.1627e+08,1.7,16309,1.7277e-10,0,1.4999e+06,5.8662e-14,569.36,1,0.491,0.491,0.4,0
202.89,3.1627e+08,1.7,16309,1.9916e-10,0,1.4999e+06,6.06e-14,569.36,1,0.492,0.492,0.4,0
202.89,3.1627e+08,1.7,16309,2.3095e-10,0,1.4999e+06,6.0117e-14,569.36,1,0.493,0.493,0.4,0
202.89,3.1627e+08,1.7,16309,2.6445e-10,0,1.4999e+06,5.8867e-14,569.36,1,0.494,0.494,0.4,0
202.89,3.1627e+08,1.7,16309,2.2739e-10,0,1.4999e+06,5.8021e-14,569.36,1,0.495,0.495,0.4,0
202.89,3.1627e+08,1.7,16309,1.6099e-10,0,1.4999e+06,5.7342e-14,569.36,1,0.496,0.496,0.4,0
202.89,3.1627e+08,1.7,16309,9.4581e-11,0,1.4999e+06,5.6663e-14,569.36,1,0.497,0.497,0.4,0
202.89,3.1627e+08,1.7,16309,2.8178e-11,0,1.4999e+06,5.5985e-14,569.36,1,0.498,0.498,0.4,0
202.89,3.1627e+08,1.7,16309,-1.1341e-11,0,1.4999e+06,5.5094e-14,569.36,1,0.499,0.499,0.4,0
202.89,3.1627e+08,1.7,16309,-4.6617e-11,0,1.4999e+06,5.4171e-14,569.36,1,0.5,0.5,0.4,0
202.89,3.1627e+08,1.7,16309,-4.541e-11,0,1.4999e+06,5.5412e-14,569.36,1,0.501,0.501,0.4,0
202.89,3.1627e+08,1.7,16309,-9.1496e-12,0,1.4999e+06,5.8731e-14,569.36,1,0.502,0.502,0.4,0
202.89,3.1627e+08,1.7,16309,2.7113e-11,0,1.4999e+06,6.2052e-14,569.36,1,0.503,0.503,0.4,0
202.89,3.1627e+08,1.7,16309,6.3373e-11,0,1.4999e+06,6.5371e-14,569.36,1,0.504,0.504,0.4,0
202.89,3.1627e+08,1.7,16309,9.9633e-11,0,1.4999e+06,6.8691e-14,569.36,1,0.505,0.505,0.4,0
202.89,3.1627e+08,1.7,16309,1.3589e-10,0,1.4999e+06,7.2011e-14,569.36,1,0.506,0.506,0.4,0
202.89,3.1627e+08,1.7,16309,-4.15e-11,0,1.4999e+06,5.9533e-14,569.36,1,0.507,0.507,0.4,0
202.89,3.1627e+08,1.7,16309,-3.6718e-10,0,1.4999e+06,3.4863e-14,569.36,1,0.508,0.508,0.4,0
202.89,3.1627e+08,1.7,16309,-6.9285e-10,0,1.4999e+06,1.0193e-14,569.36,1,0.509,0.509,0.4,0
202.89,3.1627e+08,1.7,16309,-1.0185e-09,0,1.4999e+06,-1.4476e-14,569.36,1,0.51,0.51,0.4,0
202.89,3.1627e+08,1.7,16309,-1.3442e-09,0,1.4999e+06,-3.9146e-14,569.36,1,0.511,0.511,0.4,0
202.89,3.1627e+08,1.7,16309,-1.6699e-09,0,1.4999e+06,-6.3817e-14,569.36,1,0.512,0.512,0.4,0
202.89,3.1627e+08,1.7,16309,-1.8056e-09,0,1.4999e+06,-6.0287e-14,569.36,1,0.513,0.513,0.4,0
202.89,3.1627e+08,1.7,16309,-1.4951e-09,0,1.4999e+06,-9.1221e-14,569.36,1,0.514,0.514,0.4,0
202.89,3.1627e+08,1.7,16309,-1.1845e-09,0,1.4999e+06,-1.2216e-13,569.36,1,0.515,0.515,0.4,0
202.89,3.1627e+08,1.7,16309,-8.7388e-10,0,1.4999e+06,-1.5309e-13,569.36,1,0.516,0.516,0.4,0
202.89,3.1627e+08,1.7,16309,1.8863e-10,0,1.4999e+06,-1.0799e-13,569.36,1,0.517,0.517,0.4,0
202.89,3.1627e+08,1.7,16309,2.6413e-10,0,1.4999e+06,-1.7075e-13,569.36,1,0.518,0.518,0.4,0
202.89,3.1627e+08,1.7,16309,1.052e-09,0,1.4999e+06,-1.4489e-13,569.36,1,0.519,0.519,0.4,0
202.89,3.1627e+08,1.7,16309,1.84e-09,0,1.4999e+06,-1.1902e-13,569.36,1,0.52,0.52,0.4,0
202.89,3.1627e+08,1.7,16309,2.6279e-09,0,1.4999e+06,-9.3162e-14,569.36,1,0.521,0.521,0.4,0
202.89,3.1627e+08,1.7,16309,3.288e-09,0,1.4999e+06,-6.628e-14,569.36,1,0.522,0.522,0.4,0
202.89,3.1627e+08,1.7,16309,3.6609e-09,0,1.4999e+06,-3.7104e-14,569.36,1,0.523,0.523,0.4,0
202.89,3.1627e+08,1.7,16309,4.0338e-09,0,1.4999e+06,-7.9283e-15,569.36,1,0.524,0.524,0.4,0
202.89,3.1627e+08,1.7,16309,4.4067e-09,0,1.4999e+06,2.1248e-14,569.36,1,0.525,0.525,0.4,0
202.89,3.1627e+08,1.7,16309,3.4709e-09,0,1.4999e+06,6.2184e-15,569.36,1,0.526,0.526,0.4,0
202.89,3.1627e+08,1.7,16309,2.1638e-09,0,1.4999e+06,-3.8623e-14,569.36,1,0.527,0.527,0.4,0
202.89,3.1627e+08,1.7,16309,8.5682e-10,0,1.4999e+06,-8.3464e-14,569.36,1,0.528,0.528,0.4,0
202.89,3.1627e+08,1.7,16309,-5.3507e-10,0,1.4999e+06,-1.3244e-13,569.36,1,0.529,0.529,0.4,0
202.89,3.1627e+08,1.7,16309,-6.391e-09,0,1.4999e+06,-3.987e-13,569.36,1,0.53,0.53,0.4,0
202.89,3.1627e+08,1.7,16309,-1.2247e-08,0,1.4999e+06,-6.6499e-13,569.36,1,0.531,0.531,0.4,0
202.89,3.1627e+08,1.7,16309,-1.7229e-08,0,1.4999e+06,-8.4639e-13,569.36,1,0.532,0.532,0.4,0
202.89,3.1627e+08,1.7,16309,-1.6933e-08,0,1.4999e+06,-1.4757e-12,569.36,1,0.533,0.533,0.4,0
202.89,3.1627e+08,1.7,16309,1.8873e-10,0,1.4999e+06,-1.2076e-12,569.36,1,0.534,0.534,0.4,0
202.89,3.1627e+08,1.7,16309,2.0373e-08,0,1.4999e+06,-7.6212e-13,569.36,1,0.535,0.535,0.4,0
202.89,3.1627e+08,1.7,16309,4.0616e-08,0,1.4999e+06,7.1346e-12,569.36,1,0.536,0.536,0.4,0
202.89,3.1627e+08,1.7,16309,6.1044e-08,0,1.4999e+06,1.3855e-11,569.36,1,0.537,0.537,0.4,0
202.89,3.1627e+08,1.7,16309,8.8457e-08,0,1.4999e+06,1.8576e-11,569.36,1,0.538,0.538,0.4,0
202.89,3.1627e+08,1.7,16309,2.5366e-07,0,1.4999e+06,4.0366e-12,569.36,1,0.539,0.539,0.4,0
202.89,3.1627e+08,1.7,16309,4.1887e-07,0,1.4999e+06,-1.0504e-11,569.36,1,0.54,0.54,0.4,0
202.89,3.1627e+08,1.7,16309,5.1916e-07,0,1.4999e+06,-2.5329e-11,569.36,1,0.541,0.541,0.4,0
202.89,3.1627e+08,1.7,16309,-5.9906e-07,0,1.4999e+06,-4.1149e-11,569.36,1,0.542,0.542,0.4,0
202.89,3.1627e+08,1.7,16309,-1.7173e-06,0,1.4999e+06,-5.697e-11,569.36,1,0.543,0.543,0.4,0
202.89,3.1627e+08,1.7,16309,-2.8356e-06,0,1.4999e+06,-7.2791e-11,569.36,1,0.544,0.544,0.4,0
202.89,3.1627e+08,1.7,16309,-3.08e-07,0,1.4999e+06,2.0498e-10,569.36,1,0.545,0.545,0.4,0
202.89,3.1627e+08,1.7,16309,2.2986e-06,0,1.4999e+06,4.8911e-10,569.36,1,0.546,0.546,0.4,0
202.89,3.1627e+08,1.7,16309,7.0441e-06,0,1.4999e+06,1.1228e-09,569.36,1,0.547,0.547,0.4,0
202.89,3.1627e+08,1.7,16309,3.5934e-05,0,1.4999e+06,1.8675e-09,569.36,1,0.548,0.548,0.4,0
202.89,3.1627e+08,1.7,16309,6.5258e-05,0,1.4999e+06,2.5913e-09,569.36,1,0.549,0.549,0.4,0
202.89,3.1627e+08,1.7,16309,3.7257e-05,0,1.4999e+06,-5.1056e-09,569.36,1,0.55,0.55,0.4,0
202.89,3.1627e+08,1.7,16309,3.8601e-05,0,1.4999e+06,-1.1455e-08,569.36,1,0.551,0.551,0.4,0
202.89,3.1627e+08,1.7,16309,-0.00014918,0,1.4999e+06,-1.8982e-08,569.36,1,0.552,0.552,0.4,0
202.89,3.1627e+08,1.7,16309,-0.0003677,0,1.4999e+06,-1.319e-08,569.36,1,0.553,0.553,0.4,0
202.89,3.1627e+08,1.7,16309,0.00024902,0,1.4999e+06,6.6962e-08,569.36,1,0.554,0.554,0.4,0
202.89,3.1627e+08,1.7,16309,0.00069731,0,1.4999e+06,1.3577e-07,569.36,1,0.555,0.555,0.4,0
202.89,3.1627e+08,1.7,16309,0.0058511,0,1.4999e+06,6.0453e-07,569.36,1,0.556,0.556,0.4,0
202.89,3.1627e+08,1.7,16309,0.014606,0,1.4999e+06,1.4279e-06,569.36,1,0.557,0.557,0.4,0
202.89,3.1627e+08,1.7,16309,0.049961,0,1.4999e+06,4.5746e-06,569.36,1,0.558,0.558,0.4,0
202.89,3.1627e+08,1.7,16309,0.087336,0,1.4999e+06,7.9014e-06,569.36,1,0.559,0.559,0.4,0
202.9,3.1628e+08,1.7,16310,0.34081,0,1.4999e+06,3.073e-05,569.37,1,0.56,0.56,0.4,0
202.9,3.1629e+08,1.7,16310,0.60164,0,1.4999e+06,5.4221e-05,569.37,1,0.561,0.561,0.4,0
202.93,3.1633e+08,1.6999,16311,1.5899,0,1.5e+06,0.00014235,569.37,1,0.562,0.562,0.4,0
202.97,3.164e+08,1.6998,16314,3.1509,0,1.5001e+06,0.00028161,569.37,1,0.563,0.563,0.4,0
203.04,3.165e+08,1.6996,16317,5.6442,0,1.5002e+06,0.00050433,569.38,1,0.564,0.564,0.4,0
203.11,3.1662e+08,1.6993,16321,8.5692,0,1.5004e+06,0.00076587,569.38,1,0.565,0.565,0.4,0
203.22,3.1679e+08,1.699,16327,12.758,0,1.5006e+06,0.0011355,569.39,1,0.566,0.566,0.4,0
203.34,3.1697e+08,1.6987,16333,17.275,0,1.5009e+06,0.0015286,569.4,1,0.567,0.567,0.4,0
203.45,3.1715e+08,1.6983,16338,21.547,0,1.5012e+06,0.0019123,569.41,1,0.568,0.568,0.4,0
203.52,3.1726e+08,1.6981,16343,24.279,0,1.5013e+06,0.0021691,569.42,1,0.569,0.569,0.4,0
203.58,3.1735e+08,1.698,16346,26.31,0,1.5015e+06,0.0023661,569.42,1,0.57,0.57,0.4,0
203.52,3.1726e+08,1.6981,16343,24.167,0,1.5013e+06,0.0021667,569.42,1,0.571,0.571,0.4,0
203.46,3.1716e+08,1.6983,16339,21.828,0,1.5012e+06,0.0019411,569.41,1,0.572,0.572,0.4,0
203.35,3.1699e+08,1.6986,16333,17.621,0,1.5009e+06,0.0015663,569.4,1,0.573,0.573,0.4,0
203.16,3.167e+08,1.6992,16323,10.435,0,1.5005e+06,0.00092926,569.39,1,0.574,0.574,0.4,0
202.97,3.164e+08,1.6997,16314,3.2499,0,1.5001e+06,0.00029219,569.37,1,0.575,0.575,0.4,0
202.68,3.1595e+08,1.7006,16298,-7.8537,0,1.4994e+06,-0.00069865,569.35,1,0.576,0.576,0.4,0
202.29,3.1534e+08,1.7016,16278,-22.639,0,1.4986e+06,-0.0020229,569.32,1,0.577,0.577,0.4,0
201.84,3.1464e+08,1.7028,16254,-39.849,0,1.4976e+06,-0.0035618,569.28,1,0.578,0.578,0.4,0
201.32,3.1381e+08,1.7042,16226,-60.007,0,1.4964e+06,-0.0053616,569.24,1,0.579,0.579,0.4,0
200.77,3.1295e+08,1.7055,16197,-80.914,0,1.4952e+06,-0.0072337,569.19,1,0.58,0.58,0.4,0
200.18,3.1204e+08,1.7067,16166,-103.16,0,1.4938e+06,-0.0092349,569.15,1,0.581,0.581,0.4,0
199.6,3.1112e+08,1.708,16135,-125.38,0,1.4925e+06,-0.011233,569.1,1,0.582,0.582,0.4,0
199.01,3.102e+08,1.7093,16103,-147.81,0,1.4912e+06,-0.013252,569.05,1,0.583,0.583,0.4,0
198.4,3.0926e+08,1.7103,16071,-170.55,0,1.4899e+06,-0.015311,569,1,0.584,0.584,0.4,0
197.81,3.0833e+08,1.7113,16039,-192.9,0,1.4885e+06,-0.017339,568.96,1,0.585,0.585,0.4,0
197.21,3.0739e+08,1.7122,16006,-215.68,0,1.4872e+06,-0.019406,568.91,1,0.586,0.586,0.4,0
196.6,3.0644e+08,1.7131,15974,-238.58,0,1.4858e+06,-0.021484,568.86,1,0.587,0.587,0.4,0
196.01,3.0552e+08,1.7139,15942,-260.8,0,1.4845e+06,-0.02351,568.81,1,0.588,0.588,0.4,0
195.42,3.0459e+08,1.7145,15909,-283.17,0,1.4831e+06,-0.025554,568.76,1,0.589,0.589,0.4,0
194.82,3.0366e+08,1.7151,15877,-305.55,0,1.4818e+06,-0.027602,568.71,1,0.59,0.59,0.4,0
194.23,3.0273e+08,1.7156,15845,-327.82,0,1.4805e+06,-0.029649,568.66,1,0.591,0.591,0.4,0
193.64,3.018e+08,1.7161,15812,-350.02,0,1.4791e+06,-0.031691,568.62,1,0.592,0.592,0.4,0
193.04,3.0086e+08,1.7164,15779,-372.58,0,1.4778e+06,-0.033773,568.57,1,0.593,0.593,0.4,0
192.43,2.9992e+08,1.7166,15746,-395.12,0,1.4764e+06,-0.035861,568.52,1,0.594,0.594,0.4,0
191.84,2.9899e+08,1.7168,15713,-417.26,0,1.475e+06,-0.037919,568.47,1,0.595,0.595,0.4,0
191.25,2.9806e+08,1.7169,15681,-439.53,0,1.4737e+06,-0.039991,568.42,1,0.596,0.596,0.4,0
190.59,2.9703e+08,1.7169,15644,-463.96,0,1.4722e+06,-0.042281,568.36,1,0.597,0.597,0.4,0
189.8,2.9581e+08,1.7168,15601,-493.2,0,1.4704e+06,-0.045022,568.3,1,0.598,0.598,0.4,0
189.29,2.95e+08,1.7167,15572,-512.16,0,1.4692e+06,-0.046832,568.26,1,0.599,0.599,0.4,0
188.69,2.9406e+08,1.7164,15539,-534.44,0,1.4678e+06,-0.048932,568.21,1,0.6,0.6,0.4,0
187.98,2.9295e+08,1.716,15499,-560.77,0,1.4662e+06,-0.051429,568.15,1,0.601,0.601,0.4,0
187.3,2.919e+08,1.7155,15462,-585.85,0,1.4646e+06,-0.053814,568.09,1,0.602,0.602,0.4,0
186.61,2.9082e+08,1.715,15423,-611.41,0,1.463e+06,-0.056261,568.03,1,0.603,0.603,0.4,0
185.9,2.8971e+08,1.7142,15383,-637.69,0,1.4614e+06,-0.058786,567.97,1,0.604,0.604,0.4,0
185.18,2.8858e+08,1.7134,15342,-664.35,0,1.4597e+06,-0.061362,567.91,1,0.605,0.605,0.4,0
184.45,2.8743e+08,1.7125,15301,-691.31,0,1.458e+06,-0.063979,567.85,1,0.606,0.606,0.4,0
183.71,2.8627e+08,1.7114,15259,-718.8,0,1.4562e+06,-0.066658,567.79,1,0.607,0.607,0.4,0
182.94,2.8507e+08,1.7102,15215,-747.1,0,1.4544e+06,-0.069435,567.72,1,0.608,0.608,0.4,0
182.13,2.8381e+08,1.7088,15170,-776.65,0,1.4525e+06,-0.072345,567.66,1,0.609,0.609,0.4,0
181.29,2.825e+08,1.7072,15122,-807.4,0,1.4505e+06,-0.075398,567.59,1,0.61,0.61,0.4,0
180.41,2.8112e+08,1.7054,15072,-839.66,0,1.4484e+06,-0.078621,567.51,1,0.611,0.611,0.4,0
179.53,2.7973e+08,1.7034,15021,-872.18,0,1.4462e+06,-0.081891,567.44,1,0.612,0.612,0.4,0
178.64,2.7834e+08,1.7014,14970,-904.69,0,1.4441e+06,-0.085186,567.36,1,0.613,0.613,0.4,0
177.76,2.7696e+08,1.6992,14920,-936.88,0,1.4419e+06,-0.088472,567.28,1,0.614,0.614,0.4,0
176.82,2.7551e+08,1.6967,14866,-970.85,0,1.4396e+06,-0.091964,567.2,1,0.615,0.615,0.4,0
175.85,2.7399e+08,1.694,14811,-1006.2,0,1.4372e+06,-0.09563,567.12,1,0.616,0.616,0.4,0
174.89,2.7249e+08,1.6911,14755,-1041.1,0,1.4348e+06,-0.099276,567.04,1,0.617,0.617,0.4,0
173.93,2.7099e+08,1.6882,14700,-1076.1,0,1.4324e+06,-0.10296,566.95,1,0.618,0.618,0.4,0
172.91,2.6939e+08,1.6849,14641,-1113.1,0,1.4298e+06,-0.1069,566.87,1,0.619,0.619,0.4,0
171.86,2.6775e+08,1.6814,14580,-1151.1,0,1.4271e+06,-0.11099,566.77,1,0.62,0.62,0.4,0
170.74,2.6599e+08,1.6775,14515,-1191.8,0,1.4243e+06,-0.1154,566.68,1,0.621,0.621,0.4,0
169.56,2.6415e+08,1.6732,14446,-1234.2,0,1.4212e+06,-0.12005,566.57,1,0.622,0.622,0.4,0
168.35,2.6226e+08,1.6687,14376,-1277.8,0,1.418e+06,-0.12489,566.47,1,0.623,0.623,0.4,0
167.09,2.6029e+08,1.6638,14303,-1323.2,0,1.4147e+06,-0.13,566.36,1,0.624,0.624,0.4,0
165.84,2.5833e+08,1.6587,14229,-1368.5,0,1.4113e+06,-0.13515,566.24,1,0.625,0.625,0.4,0
164.55,2.5632e+08,1.6534,14154,-1414.8,0,1.4078e+06,-0.14048,566.13,1,0.626,0.626,0.4,0
163.22,2.5424e+08,1.6478,14076,-1462.4,0,1.4042e+06,-0.14605,566.01,1,0.627,0.627,0.4,0
161.86,2.5211e+08,1.6418,13996,-1511.4,0,1.4004e+06,-0.15184,565.89,1,0.628,0.628,0.4,0
160.42,2.4985e+08,1.6355,13911,-1563.3,0,1.3963e+06,-0.15808,565.76,1,0.629,0.629,0.4,0
158.92,2.4751e+08,1.6287,13822,-1616.9,0,1.392e+06,-0.16464,565.62,1,0.63,0.63,0.4,0
157.39,2.4512e+08,1.6216,13732,-1671.7,0,1.3875e+06,-0.17144,565.48,1,0.631,0.631,0.4,0
155.83,2.4269e+08,1.6143,13639,-1727.3,0,1.3829e+06,-0.17847,565.34,1,0.632,0.632,0.4,0
154.25,2.4021e+08,1.6068,13545,-1784,0,1.3781e+06,-0.18577,565.19,1,0.633,0.633,0.4,0
152.63,2.3768e+08,1.5991,13449,-1841.6,0,1.3732e+06,-0.19334,565.04,1,0.634,0.634,0.4,0
151.02,2.3516e+08,1.5914,13353,-1899.3,0,1.3681e+06,-0.20102,564.89,1,0.635,0.635,0.4,0
149.4,2.3263e+08,1.5836,13256,-1957.1,0,1.363e+06,-0.20889,564.74,1,0.636,0.636,0.4,0
147.77,2.3009e+08,1.5757,13159,-2014.8,0,1.3577e+06,-0.21695,564.58,1,0.637,0.637,0.4,0
146.16,2.2757e+08,1.5679,13063,-2071.7,0,1.3524e+06,-0.22502,564.43,1,0.638,0.638,0.4,0
144.58,2.251e+08,1.5602,12968,-2127.6,0,1.3471e+06,-0.23309,564.28,1,0.639,0.639,0.4,0
143.1,2.2279e+08,1.5532,12879,-2180,0,1.342e+06,-0.24087,564.14,1,0.64,0.64,0.4,0
141.64,2.205e+08,1.5462,12791,-2232,0,1.3369e+06,-0.24861,564,1,0.641,0.641,0.4,0
140.29,2.1839e+08,1.5399,12709,-2280.1,0,1.3321e+06,-0.25598,563.86,1,0.642,0.642,0.4,0
138.96,2.1632e+08,1.5337,12629,-2327.1,0,1.3273e+06,-0.26328,563.73,1,0.643,0.643,0.4,0
137.7,2.1434e+08,1.5278,12552,-2371.4,0,1.3227e+06,-0.27037,563.61,1,0.644,0.644,0.4,0
136.43,2.1237e+08,1.5218,12475,-2415.5,0,1.318e+06,-0.27743,563.49,1,0.645,0.645,0.4,0
135.25,2.1052e+08,1.5165,12403,-2457.5,0,1.3136e+06,-0.28426,563.37,1,0.646,0.646,0.4,0
134.12,2.0875e+08,1.5116,12335,-2497.8,0,1.3092e+06,-0.29096,563.25,1,0.647,0.647,0.4,0
133,2.0699e+08,1.5067,12267,-2537.8,0,1.3048e+06,-0.29764,563.13,1,0.648,0.648,0.4,0
131.88,2.0525e+08,1.5018,12198,-2577.2,0,1.3004e+06,-0.3043,563.02,1,0.649,0.649,0.4,0
130.81,2.0358e+08,1.4972,12133,-2614.3,0,1.2961e+06,-0.31089,562.91,1,0.65,0.65,0.4,0
129.75,2.0192e+08,1.4926,12068,-2651.2,0,1.2918e+06,-0.31746,562.81,1,0.651,0.651,0.4,0
128.7,2.0029e+08,1.4881,12003,-2687.5,0,1.2876e+06,-0.3239,562.7,1,0.652,0.652,0.4,0
127.71,1.9873e+08,1.484,11942,-2722.2,0,1.2834e+06,-0.33022,562.6,1,0.653,0.653,0.4,0
126.76,1.9725e+08,1.4802,11883,-2755.5,0,1.2794e+06,-0.33642,562.5,1,0.654,0.654,0.4,0
125.81,1.9577e+08,1.4765,11825,-2788.7,0,1.2753e+06,-0.34263,562.4,1,0.655,0.655,0.4,0
124.84,1.9425e+08,1.4726,11765,-2822.7,0,1.2712e+06,-0.34892,562.3,1,0.656,0.656,0.4,0
123.94,1.9284e+08,1.469,11709,-2854,0,1.2673e+06,-0.35482,562.2,1,0.657,0.657,0.4,0
123.15,1.9161e+08,1.466,11660,-2881.4,0,1.2638e+06,-0.36015,562.12,1,0.658,0.658,0.4,0
122.4,1.9044e+08,1.4632,11613,-2907.5,0,1.2605e+06,-0.36528,562.04,1,0.659,0.659,0.4,0
121.66,1.8929e+08,1.4605,11567,-2933,0,1.2571e+06,-0.37033,561.96,1,0.66,0.66,0.4,0
121,1.8826e+08,1.4582,11526,-2955.9,0,1.2541e+06,-0.37498,561.89,1,0.661,0.661,0.4,0
120.34,1.8723e+08,1.4558,11485,-2978.8,0,1.2511e+06,-0.37962,561.82,1,0.662,0.662,0.4,0
119.64,1.8613e+08,1.4532,11440,-3003.2,0,1.2478e+06,-0.38451,561.74,1,0.663,0.663,0.4,0
119,1.8513e+08,1.4509,11400,-3025.2,0,1.2449e+06,-0.38894,561.68,1,0.664,0.664,0.4,0
118.52,1.8438e+08,1.4492,11370,-3041.9,0,1.2427e+06,-0.39241,561.62,1,0.665,0.665,0.4,0
118.04,1.8363e+08,1.4476,11340,-3058.6,0,1.2404e+06,-0.39588,561.57,1,0.666,0.666,0.4,0
117.55,1.8288e+08,1.4459,11309,-3075.2,0,1.2381e+06,-0.39935,561.52,1,0.667,0.667,0.4,0
117.05,1.8208e+08,1.4442,11277,-3092.7,0,1.2357e+06,-0.40299,561.47,1,0.668,0.668,0.4,0
116.81,1.8171e+08,1.4434,11262,-3101.1,0,1.2346e+06,-0.40473,561.44,1,0.669,0.669,0.4,0
116.58,1.8136e+08,1.4426,11247,-3109.2,0,1.2335e+06,-0.40637,561.42,1,0.67,0.67,0.4,0
116.36,1.8101e+08,1.4418,11233,-3117.2,0,1.2324e+06,-0.40802,561.39,1,0.671,0.671,0.4,0
116.14,1.8066e+08,1.441,11218,-3125.2,0,1.2314e+06,-0.40967,561.37,1,0.672,0.672,0.4,0
115.8,1.8013e+08,1.4399,11196,-3137,0,1.2298e+06,-0.41212,561.34,1,0.673,0.673,0.4,0
115.66,1.7993e+08,1.4394,11188,-3140.8,0,1.2291e+06,-0.41309,561.32,1,0.674,0.674,0.4,0
115.6,1.7982e+08,1.4392,11184,-3142.2,0,1.2288e+06,-0.4136,561.32,1,0.675,0.675,0.4,0
115.53,1.7972e+08,1.439,11180,-3143.6,0,1.2284e+06,-0.4141,561.31,1,0.676,0.676,0.4,0
115.46,1.7961e+08,1.4387,11176,-3145,0,1.2281e+06,-0.41461,561.3,1,0.677,0.677,0.4,0
115.24,1.7927e+08,1.438,11162,-3152.3,0,1.2271e+06,-0.41621,561.28,1,0.678,0.678,0.4,0
115.06,1.7898e+08,1.4374,11150,-3159,0,1.2262e+06,-0.41756,561.26,1,0.679,0.679,0.4,0
114.91,1.7874e+08,1.4369,11140,-3164.8,0,1.2254e+06,-0.41869,561.24,1,0.68,0.68,0.4,0
114.82,1.7861e+08,1.4366,11135,-3168.2,0,1.225e+06,-0.41933,561.23,1,0.681,0.681,0.4,0
114.8,1.7859e+08,1.4366,11133,-3168.8,0,1.2249e+06,-0.41945,561.23,1,0.682,0.682,0.4,0
114.77,1.7854e+08,1.4365,11131,-3169.8,0,1.2248e+06,-0.41969,561.23,1,0.683,0.683,0.4,0
114.74,1.7848e+08,1.4364,11129,-3170.8,0,1.2246e+06,-0.41994,561.23,1,0.684,0.684,0.4,0
114.71,1.7843e+08,1.4363,11127,-3171.8,0,1.2245e+06,-0.42018,561.22,1,0.685,0.685,0.4,0
114.67,1.7838e+08,1.4362,11125,-3172.7,0,1.2243e+06,-0.42043,561.22,1,0.686,0.686,0.4,0
114.65,1.7834e+08,1.4361,11124,-3173.4,0,1.2242e+06,-0.42061,561.22,1,0.687,0.687,0.4,0
114.64,1.7832e+08,1.436,11123,-3173.8,0,1.2241e+06,-0.42072,561.21,1,0.688,0.688,0.4,0
114.62,1.783e+08,1.436,11122,-3174.1,0,1.2241e+06,-0.42081,561.21,1,0.689,0.689,0.4,0
114.61,1.7828e+08,1.436,11121,-3174.4,0,1.224e+06,-0.42091,561.21,1,0.69,0.69,0.4,0
114.6,1.7826e+08,1.4359,11121,-3174.7,0,1.2239e+06,-0.42099,561.21,1,0.691,0.691,0.4,0
114.6,1.7826e+08,1.4359,11120,-3174.9,0,1.2239e+06,-0.42101,561.21,1,0.692,0.692,0.4,0
114.6,1.7826e+08,1.4359,11120,-3175,0,1.2239e+06,-0.42102,561.21,1,0.693,0.693,0.4,0
114.6,1.7826e+08,1.4359,11120,-3175.2,0,1.2239e+06,-0.42102,561.21,1,0.694,0.694,0.4,0
114.59,1.7826e+08,1.4359,11120,-3175.3,0,1.2239e+06,-0.42103,561.21,1,0.695,0.695,0.4,0
114.59,1.7825e+08,1.4359,11120,-3175.5,0,1.2239e+06,-0.42105,561.21,1,0.696,0.696,0.4,0
114.59,1.7825e+08,1.4359,11119,-3175.7,0,1.2239e+06,-0.42108,561.21,1,0.697,0.697,0.4,0
114.58,1.7824e+08,1.4358,11119,-3176,0,1.2238e+06,-0.42112,561.21,1,0.698,0.698,0.4,0
114.58,1.7823e+08,1.4358,11119,-3176.3,0,1.2238e+06,-0.42116,561.21,1,0.699,0.699,0.4,0
114.57,1.7823e+08,1.4358,11118,-3176.5,0,1.2238e+06,-0.42119,561.21,1,0.7,0.7,0.4,0
114.57,1.7822e+08,1.4358,11118,-3176.9,0,1.2238e+06,-0.42122,561.21,1,0.701,0.701,0.4,0
114.57,1.7821e+08,1.4358,11118,-3177.2,0,1.2238e+06,-0.42125,561.21,1,0.702,0.702,0.4,0
114.57,1.7822e+08,1.4358,11118,-3177.3,0,1.2238e+06,-0.42123,561.21,1,0.703,0.703,0.4,0
114.57,1.7822e+08,1.4358,11118,-3177.5,0,1.2238e+06,-0.42122,561.21,1,0.704,0.704,0.4,0
114.57,1.7822e+08,1.4358,11118,-3177.6,0,1.2238e+06,-0.4212,561.21,1,0.705,0.705,0.4,0
114.57,1.7823e+08,1.4358,11118,-3177.7,0,1.2238e+06,-0.42119,561.21,1,0.706,0.706,0.4,0
114.57,1.7823e+08,1.4358,11118,-3177.7,0,1.2238e+06,-0.42119,561.21,1,0.707,0.707,0.4,0
114.57,1.7822e+08,1.4358,11118,-3177.7,0,1.2238e+06,-0.4212,561.21,1,0.708,0.708,0.4,0
114.57,1.7822e+08,1.4358,11118,-3177.7,0,1.2238e+06,-0.4212,561.21,1,0.709,0.709,0.4,0
114.57,1.7822e+08,1.4358,11118,-3177.5,0,1.2238e+06,-0.42121,561.21,1,0.71,0.71,0.4,0
114.57,1.7822e+08,1.4358,11118,-3177.3,0,1.2238e+06,-0.42122,561.21,1,0.711,0.711,0.4,0
114.57,1.7821e+08,1.4358,11118,-3177.3,0,1.2238e+06,-0.42124,561.21,1,0.712,0.712,0.4,0
114.56,1.7821e+08,1.4358,11117,-3177.4,0,1.2238e+06,-0.42126,561.21,1,0.713,0.713,0.4,0
114.56,1.7821e+08,1.4358,11117,-3177.4,0,1.2238e+06,-0.42127,561.21,1,0.714,0.714,0.4,0
114.56,1.7821e+08,1.4358,11117,-3177.4,0,1.2237e+06,-0.42127,561.21,1,0.715,0.715,0.4,0
114.56,1.7821e+08,1.4358,11117,-3177.4,0,1.2237e+06,-0.42128,561.21,1,0.716,0.716,0.4,0
114.56,1.7821e+08,1.4358,11117,-3177.4,0,1.2237e+06,-0.42128,561.21,1,0.717,0.717,0.4,0
114.56,1.7821e+08,1.4358,11117,-3177.3,0,1.2237e+06,-0.42128,561.21,1,0.718,0.718,0.4,0
114.56,1.7821e+08,1.4358,11117,-3177.2,0,1.2237e+06,-0.42128,561.21,1,0.719,0.719,0.4,0
114.56,1.7821e+08,1.4358,11117,-3177.2,0,1.2237e+06,-0.42128,561.21,1,0.72,0.72,0.4,0
114.56,1.7821e+08,1.4358,11117,-3177.3,0,1.2237e+06,-0.42127,561.21,1,0.721,0.721,0.4,0
114.56,1.7821e+08,1.4358,11117,-3177.3,0,1.2238e+06,-0.42127,561.21,1,0.722,0.722,0.4,0
114.57,1.7821e+08,1.4358,11118,-3177.4,0,1.2238e+06,-0.42125,561.21,1,0.723,0.723,0.4,0
114.57,1.7822e+08,1.4358,11118,-3177.5,0,1.2238e+06,-0.42123,561.21,1,0.724,0.724,0.4,0
114.57,1.7822e+08,1.4358,11118,-3177.6,0,1.2238e+06,-0.42122,561.21,1,0.725,0.725,0.4,0
114.57,1.7822e+08,1.4358,11118,-3177.7,0,1.2238e+06,-0.42121,561.21,1,0.726,0.726,0.4,0
114.57,1.7822e+08,1.4358,11118,-3177.7,0,1.2238e+06,-0.42121,561.21,1,0.727,0.727,0.4,0
114.57,1.7822e+08,1.4358,11118,-3177.7,0,1.2238e+06,-0.42121,561.21,1,0.728,0.728,0.4,0
114.57,1.7822e+08,1.4358,11118,-3177.7,0,1.2238e+06,-0.42121,561.21,1,0.729,0.729,0.4,0
114.57,1.7822e+08,1.4358,11118,-3177.7,0,1.2238e+06,-0.4212,561.21,1,0.73,0.73,0.4,0
114.57,1.7823e+08,1.4358,11118,-3177.7,0,1.2238e+06,-0.42119,561.21,1,0.731,0.731,0.4,0
114.57,1.7823e+08,1.4358,11118,-3177.7,0,1.2238e+06,-0.42119,561.21,1,0.732,0.732,0.4,0
114.57,1.7823e+08,1.4358,11118,-3177.7,0,1.2238e+06,-0.42119,561.21,1,0.733,0.733,0.4,0
114.57,1.7822e+08,1.4358,11118,-3177.6,0,1.2238e+06,-0.42119,561.21,1,0.734,0.734,0.4,0
114.57,1.7822e+08,1.4358,11118,-3177.5,0,1.2238e+06,-0.4212,561.21,1,0.735,0.735,0.4,0
114.57,1.7822e+08,1.4358,11118,-3177.5,0,1.2238e+06,-0.4212,561.21,1,0.736,0.736,0.4,0
114.57,1.7822e+08,1.4358,11118,-3177.4,0,1.2238e+06,-0.4212,561.21,1,0.737,0.737,0.4,0
114.57,1.7822e+08,1.4358,11118,-3177.3,0,1.2238e+06,-0.42121,561.21,1,0.738,0.738,0.4,0
114.57,1.7822e+08,1.4358,11118,-3177.3,0,1.2238e+06,-0.42121,561.21,1,0.739,0.739,0.4,0
114.57,1.7822e+08,1.4358,11118,-3177.2,0,1.2238e+06,-0.42122,561.21,1,0.74,0.74,0.4,0
114.57,1.7822e+08,1.4358,11118,-3177.2,0,1.2238e+06,-0.42122,561.21,1,0.741,0.741,0.4,0
114.57,1.7822e+08,1.4358,11118,-3177.1,0,1.2238e+06,-0.42122,561.21,1,0.742,0.742,0.4,0
114.57,1.7822e+08,1.4358,11118,-3177,0,1.2238e+06,-0.42122,561.21,1,0.743,0.743,0.4,0
114.57,1.7822e+08,1.4358,11118,-3177,0,1.2238e+06,-0.42123,561.21,1,0.744,0.744,0.4,0
114.57,1.7822e+08,1.4358,11118,-3177,0,1.2238e+06,-0.42123,561.21,1,0.745,0.745,0.4,0
114.57,1.7822e+08,1.4358,11118,-3176.9,0,1.2238e+06,-0.42123,561.21,1,0.746,0.746,0.4,0
114.57,1.7822e+08,1.4358,11118,-3176.9,0,1.2238e+06,-0.42123,561.21,1,0.747,0.747,0.4,0
114.57,1.7822e+08,1.4358,11118,-3176.8,0,1.2238e+06,-0.42123,561.21,1,0.748,0.748,0.4,0
114.57,1.7822e+08,1.4358,11118,-3176.8,0,1.2238e+06,-0.42124,561.21,1,0.749,0.749,0.4,0
114.57,1.7822e+08,1.4358,11118,-3176.7,0,1.2238e+06,-0.42124,561.21,1,0.75,0.75,0.4,0
114.57,1.7822e+08,1.4358,11118,-3176.7,0,1.2238e+06,-0.42124,561.21,1,0.751,0.751,0.4,0
114.57,1.7822e+08,1.4358,11118,-3176.7,0,1.2238e+06,-0.42124,561.21,1,0.752,0.752,0.4,0
114.57,1.7822e+08,1.4358,11118,-3176.6,0,1.2238e+06,-0.42124,561.21,1,0.753,0.753,0.4,0
114.57,1.7822e+08,1.4358,11118,-3176.6,0,1.2238e+06,-0.42124,561.21,1,0.754,0.754,0.4,0
114.57,1.7822e+08,1.4358,11118,-3176.6,0,1.2238e+06,-0.42124,561.21,1,0.755,0.755,0.4,0
114.57,1.7822e+08,1.4358,11118,-3176.5,0,1.2238e+06,-0.42124,561.21,1,0.756,0.756,0.4,0
114.57,1.7822e+08,1.4358,11118,-3176.5,0,1.2238e+06,-0.42124,561.21,1,0.757,0.757,0.4,0
114.57,1.7822e+08,1.4358,11118,-3176.5,0,1.2238e+06,-0.42124,561.21,1,0.758,0.758,0.4,0
114.57,1.7822e+08,1.4358,11118,-3176.4,0,1.2238e+06,-0.42124,561.21,1,0.759,0.759,0.4,0
114.57,1.7822e+08,1.4358,11118,-3176.4,0,1.2238e+06,-0.42124,561.21,1,0.76,0.76,0.4,0
114.57,1.7822e+08,1.4357,11118,-3176.4,0,1.2238e+06,-0.42123,561.21,1,0.761,0.761,0.4,0
114.57,1.7822e+08,1.4357,11118,-3176.4,0,1.2238e+06,-0.42123,561.21,1,0.762,0.762,0.4,0
114.57,1.7822e+08,1.4357,11118,-3176.4,0,1.2238e+06,-0.42123,561.21,1,0.763,0.763,0.4,0
114.57,1.7822e+08,1.4357,11118,-3176.4,0,1.2238e+06,-0.42123,561.21,1,0.764,0.764,0.4,0
114.57,1.7822e+08,1.4357,11118,-3176.4,0,1.2238e+06,-0.42123,561.21,1,0.765,0.765,0.4,0
114.57,1.7822e+08,1.4357,11118,-3176.4,0,1.2238e+06,-0.42123,561.21,1,0.766,0.766,0.4,0
114.57,1.7822e+08,1.4357,11118,-3176.3,0,1.2238e+06,-0.42123,561.21,1,0.767,0.767,0.4,0
114.57,1.7822e+08,1.4357,11118,-3176.4,0,1.2238e+06,-0.42122,561.21,1,0.768,0.768,0.4,0
114.57,1.7822e+08,1.4357,11118,-3176.4,0,1.2238e+06,-0.42122,561.21,1,0.769,0.769,0.4,0
114.57,1.7822e+08,1.4357,11118,-3176.4,0,1.2238e+06,-0.42122,561.21,1,0.77,0.77,0.4,0
114.57,1.7822e+08,1.4357,11118,-3176.4,0,1.2238e+06,-0.42121,561.21,1,0.771,0.771,0.4,0
114.57,1.7822e+08,1.4357,11118,-3176.4,0,1.2238e+06,-0.42121,561.21,1,0.772,0.772,0.4,0
114.57,1.7822e+08,1.4357,11118,-3176.4,0,1.2238e+06,-0.42121,561.21,1,0.773,0.773,0.4,0
114.57,1.7822e+08,1.4357,11118,-3176.4,0,1.2238e+06,-0.4212,561.21,1,0.774,0.774,0.4,0
114.57,1.7822e+08,1.4357,11118,-3176.4,0,1.2238e+06,-0.4212,561.21,1,0.775,0.775,0.4,0
114.57,1.7822e+08,1.4357,11118,-3176.4,0,1.2238e+06,-0.4212,561.21,1,0.776,0.776,0.4,0
114.57,1.7822e+08,1.4357,11118,-3176.4,0,1.2238e+06,-0.4212,561.21,1,0.777,0.777,0.4,0
114.57,1.7822e+08,1.4357,11118,-3176.4,0,1.2238e+06,-0.42119,561.21,1,0.778,0.778,0.4,0
114.57,1.7822e+08,1.4357,11118,-3176.4,0,1.2238e+06,-0.42119,561.21,1,0.779,0.779,0.4,0
114.57,1.7822e+08,1.4357,11118,-3176.5,0,1.2238e+06,-0.42119,561.21,1,0.78,0.78,0.4,0
114.57,1.7822e+08,1.4357,11118,-3176.5,0,1.2238e+06,-0.42119,561.21,1,0.781,0.781,0.4,0
114.57,1.7822e+08,1.4357,11118,-3176.5,0,1.2238e+06,-0.42119,561.21,1,0.782,0.782,0.4,0
114.57,1.7822e+08,1.4357,11118,-3176.5,0,1.2238e+06,-0.42119,561.21,1,0.783,0.783,0.4,0
114.57,1.7822e+08,1.4357,11118,-3176.5,0,1.2238e+06,-0.42119,561.21,1,0.784,0.784,0.4,0
114.57,1.7822e+08,1.4357,11118,-3176.5,0,1.2238e+06,-0.42119,561.21,1,0.785,0.785,0.4,0
114.57,1.7822e+08,1.4357,11118,-3176.5,0,1.2238e+06,-0.42119,561.21,1,0.786,0.786,0.4,0
114.57,1.7822e+08,1.4357,11118,-3176.5,0,1.2238e+06,-0.42119,561.21,1,0.787,0.787,0.4,0
114.57,1.7822e+08,1.4357,11118,-3176.4,0,1.2238e+06,-0.42119,561.21,1,0.788,0.788,0.4,0
114.57,1.7822e+08,1.4357,11118,-3176.4,0,1.2238e+06,-0.42119,561.21,1,0.789,0.789,0.4,0
114.57,1.7822e+08,1.4357,11118,-3176.4,0,1.2238e+06,-0.42119,561.21,1,0.79,0.79,0.4,0
114.57,1.7822e+08,1.4357,11118,-3176.4,0,1.2238e+06,-0.42119,561.21,1,0.791,0.791,0.4,0
114.57,1.7822e+08,1.4357,11118,-3176.4,0,1.2238e+06,-0.42119,561.21,1,0.792,0.792,0.4,0
114.57,1.7822e+08,1.4357,11118,-3176.4,0,1.2238e+06,-0.42119,561.21,1,0.793,0.793,0.4,0
114.57,1.7822e+08,1.4357,11118,-3176.4,0,1.2238e+06,-0.4212,561.21,1,0.794,0.794,0.4,0
114.57,1.7822e+08,1.4357,11118,-3176.4,0,1.2238e+06,-0.4212,561.21,1,0.795,0.795,0.4,0
114.57,1.7822e+08,1.4357,11118,-3176.3,0,1.2238e+06,-0.4212,561.21,1,0.796,0.796,0.4,0
114.57,1.7822e+08,1.4357,11118,-3176.3,0,1.2238e+06,-0.4212,561.21,1,0.797,0.797,0.4,0
114.57,1.7822e+08,1.4357,11118,-3176.3,0,1.2238e+06,-0.42121,561.21,1,0.798,0.798,0.4,0
114.57,1.7822e+08,1.4357,11118,-3176.3,0,1.2238e+06,-0.42121,561.21,1,0.799,0.799,0.4,0
114.57,1.7822e+08,1.4357,11118,-3176.3,0,1.2238e+06,-0.42121,561.21,1,0.8,0.8,0.4,0
114.57,1.7822e+08,1.4357,11118,-3176.3,0,1.2238e+06,-0.42121,561.21,1,0.801,0.801,0.4,0
114.57,1.7822e+08,1.4357,11118,-3176.3,0,1.2238e+06,-0.42121,561.21,1,0.802,0.802,0.4,0
114.57,1.7822e+08,1.4357,11118,-3176.3,0,1.2238e+06,-0.42121,561.21,1,0.803,0.803,0.4,0
114.57,1.7822e+08,1.4357,11118,-3176.3,0,1.2238e+06,-0.42121,561.21,1,0.804,0.804,0.4,0
114.57,1.7822e+08,1.4357,11118,-3176.3,0,1.2238e+06,-0.42121,561.21,1,0.805,0.805,0.4,0
114.57,1.7822e+08,1.4357,11118,-3176.3,0,1.2238e+06,-0.42121,561.21,1,0.806,0.806,0.4,0
114.57,1.7822e+08,1.4357,11118,-3176.3,0,1.2238e+06,-0.42121,561.21,1,0.807,0.807,0.4,0
114.57,1.7822e+08,1.4357,11118,-3176.3,0,1.2238e+06,-0.42121,561.21,1,0.808,0.808,0.4,0
114.57,1.7822e+08,1.4357,11118,-3176.3,0,1.2238e+06,-0.42121,561.21,1,0.809,0.809,0.4,0
114.57,1.7822e+08,1.4357,11118,-3176.3,0,1.2238e+06,-0.42121,561.21,1,0.81,0.81,0.4,0
114.57,1.7822e+08,1.4357,11118,-3176.3,0,1.2238e+06,-0.42121,561.21,1,0.811,0.811,0.4,0
114.57,1.7822e+08,1.4357,11118,-3176.3,0,1.2238e+06,-0.4212,561.21,1,0.812,0.812,0.4,0
114.57,1.7822e+08,1.4357,11118,-3176.3,0,1.2238e+06,-0.4212,561.21,1,0.813,0.813,0.4,0
114.57,1.7822e+08,1.4357,11118,-3176.3,0,1.2238e+06,-0.4212,561.21,1,0.814,0.814,0.4,0
114.57,1.7822e+08,1.4357,11118,-3176.4,0,1.2238e+06,-0.4212,561.21,1,0.815,0.815,0.4,0
114.57,1.7822e+08,1.4357,11118,-3176.4,0,1.2238e+06,-0.4212,561.21,1,0.816,0.816,0.4,0
114.57,1.7822e+08,1.4357,11118,-3176.4,0,1.2238e+06,-0.4212,561.21,1,0.817,0.817,0.4,0
114.57,1.7822e+08,1.4357,11118,-3176.4,0,1.2238e+06,-0.42119,561.21,1,0.818,0.818,0.4,0
114.57,1.7822e+08,1.4357,11118,-3176.4,0,1.2238e+06,-0.42119,561.21,1,0.819,0.819,0.4,0
114.57,1.7822e+08,1.4357,11118,-3176.4,0,1.2238e+06,-0.42119,561.21,1,0.82,0.82,0.4,0
114.57,1.7823e+08,1.4358,11118,-3176.5,0,1.2238e+06,-0.42119,561.21,1,0.821,0.821,0.4,0
114.57,1.7823e+08,1.4358,11118,-3176.5,0,1.2238e+06,-0.42118,561.21,1,0.822,0.822,0.4,0
114.57,1.7823e+08,1.4358,11118,-3176.5,0,1.2238e+06,-0.42118,561.21,1,0.823,0.823,0.4,0
114.57,1.7823e+08,1.4358,11118,-3176.5,0,1.2238e+06,-0.42118,561.21,1,0.824,0.824,0.4,0
114.58,1.7823e+08,1.4358,11118,-3176.6,0,1.2238e+06,-0.42118,561.21,1,0.825,0.825,0.4,0
114.58,1.7823e+08,1.4358,11118,-3176.6,0,1.2238e+06,-0.42117,561.21,1,0.826,0.826,0.4,0
114.58,1.7823e+08,1.4358,11118,-3176.6,0,1.2238e+06,-0.42117,561.21,1,0.827,0.827,0.4,0
114.58,1.7823e+08,1.4358,11118,-3176.6,0,1.2238e+06,-0.42117,561.21,1,0.828,0.828,0.4,0
114.58,1.7823e+08,1.4358,11118,-3176.7,0,1.2238e+06,-0.42116,561.21,1,0.829,0.829,0.4,0
114.58,1.7823e+08,1.4358,11118,-3176.7,0,1.2238e+06,-0.42116,561.21,1,0.83,0.83,0.4,0
114.58,1.7823e+08,1.4358,11118,-3176.7,0,1.2238e+06,-0.42116,561.21,1,0.831,0.831,0.4,0
114.58,1.7823e+08,1.4358,11118,-3176.7,0,1.2238e+06,-0.42115,561.21,1,0.832,0.832,0.4,0
114.58,1.7823e+08,1.4358,11118,-3176.8,0,1.2238e+06,-0.42115,561.21,1,0.833,0.833,0.4,0
114.58,1.7823e+08,1.4358,11118,-3176.8,0,1.2238e+06,-0.42115,561.21,1,0.834,0.834,0.4,0
114.58,1.7823e+08,1.4358,11118,-3176.8,0,1.2238e+06,-0.42115,561.21,1,0.835,0.835,0.4,0
114.58,1.7823e+08,1.4358,11118,-3176.8,0,1.2238e+06,-0.42114,561.21,1,0.836,0.836,0.4,0
114.58,1.7823e+08,1.4358,11118,-3176.9,0,1.2238e+06,-0.42114,561.21,1,0.837,0.837,0.4,0
114.58,1.7823e+08,1.4358,11118,-3176.9,0,1.2238e+06,-0.42114,561.21,1,0.838,0.838,0.4,0
114.58,1.7823e+08,1.4358,11118,-3176.9,0,1.2238e+06,-0.42114,561.21,1,0.839,0.839,0.4,0
114.58,1.7823e+08,1.4358,11118,-3176.9,0,1.2238e+06,-0.42114,561.21,1,0.84,0.84,0.4,0
114.58,1.7823e+08,1.4358,11118,-3176.9,0,1.2238e+06,-0.42114,561.21,1,0.841,0.841,0.4,0
114.58,1.7824e+08,1.4358,11118,-3176.9,0,1.2238e+06,-0.42114,561.21,1,0.842,0.842,0.4,0
114.58,1.7824e+08,1.4358,11118,-3176.9,0,1.2238e+06,-0.42114,561.21,1,0.843,0.843,0.4,0
114.58,1.7824e+08,1.4358,11118,-3176.9,0,1.2238e+06,-0.42114,561.21,1,0.844,0.844,0.4,0
114.58,1.7824e+08,1.4358,11118,-3176.9,0,1.2238e+06,-0.42114,561.21,1,0.845,0.845,0.4,0
114.58,1.7824e+08,1.4358,11118,-3176.9,0,1.2238e+06,-0.42114,561.21,1,0.846,0.846,0.4,0
114.58,1.7824e+08,1.4358,11118,-3176.9,0,1.2238e+06,-0.42114,561.21,1,0.847,0.847,0.4,0
114.58,1.7824e+08,1.4358,11118,-3176.9,0,1.2238e+06,-0.42114,561.21,1,0.848,0.848,0.4,0
114.58,1.7824e+08,1.4358,11118,-3176.9,0,1.2238e+06,-0.42114,561.21,1,0.849,0.849,0.4,0
114.58,1.7824e+08,1.4358,11118,-3176.9,0,1.2238e+06,-0.42114,561.21,1,0.85,0.85,0.4,0
114.58,1.7823e+08,1.4358,11118,-3176.9,0,1.2238e+06,-0.42114,561.21,1,0.851,0.851,0.4,0
114.58,1.7823e+08,1.4358,11118,-3176.9,0,1.2238e+06,-0.42114,561.21,1,0.852,0.852,0.4,0
114.58,1.7823e+08,1.4358,11118,-3176.9,0,1.2238e+06,-0.42114,561.21,1,0.853,0.853,0.4,0
114.58,1.7823e+08,1.4358,11118,-3176.9,0,1.2238e+06,-0.42114,561.21,1,0.854,0.854,0.4,0
114.58,1.7823e+08,1.4358,11118,-3176.9,0,1.2238e+06,-0.42115,561.21,1,0.855,0.855,0.4,0
114.58,1.7823e+08,1.4358,11118,-3176.9,0,1.2238e+06,-0.42115,561.21,1,0.856,0.856,0.4,0
114.58,1.7823e+08,1.4358,11118,-3176.9,0,1.2238e+06,-0.42115,561.21,1,0.857,0.857,0.4,0
114.58,1.7823e+08,1.4358,11118,-3176.9,0,1.2238e+06,-0.42115,561.21,1,0.858,0.858,0.4,0
114.58,1.7823e+08,1.4358,11118,-3176.9,0,1.2238e+06,-0.42115,561.21,1,0.859,0.859,0.4,0
114.58,1.7823e+08,1.4358,11118,-3176.8,0,1.2238e+06,-0.42116,561.21,1,0.86,0.86,0.4,0
114.58,1.7823e+08,1.4358,11118,-3176.8,0,1.2238e+06,-0.42116,561.21,1,0.861,0.861,0.4,0
114.58,1.7823e+08,1.4358,11118,-3176.8,0,1.2238e+06,-0.42116,561.21,1,0.862,0.862,0.4,0
114.58,1.7823e+08,1.4358,11118,-3176.8,0,1.2238e+06,-0.42116,561.21,1,0.863,0.863,0.4,0
114.58,1.7823e+08,1.4358,11118,-3176.8,0,1.2238e+06,-0.42116,561.21,1,0.864,0.864,0.4,0
114.58,1.7823e+08,1.4358,11118,-3176.8,0,1.2238e+06,-0.42116,561.21,1,0.865,0.865,0.4,0
114.58,1.7823e+08,1.4358,11118,-3176.8,0,1.2238e+06,-0.42116,561.21,1,0.866,0.866,0.4,0
114.58,1.7823e+08,1.4358,11118,-3176.8,0,1.2238e+06,-0.42117,561.21,1,0.867,0.867,0.4,0
114.58,1.7823e+08,1.4358,11118,-3176.8,0,1.2238e+06,-0.42117,561.21,1,0.868,0.868,0.4,0
114.58,1.7823e+08,1.4358,11118,-3176.8,0,1.2238e+06,-0.42117,561.21,1,0.869,0.869,0.4,0
114.58,1.7823e+08,1.4358,11118,-3176.8,0,1.2238e+06,-0.42117,561.21,1,0.87,0.87,0.4,0
114.58,1.7823e+08,1.4358,11118,-3176.8,0,1.2238e+06,-0.42117,561.21,1,0.871,0.871,0.4,0
114.58,1.7823e+08,1.4358,11118,-3176.7,0,1.2238e+06,-0.42117,561.21,1,0.872,0.872,0.4,0
114.58,1.7823e+08,1.4358,11118,-3176.7,0,1.2238e+06,-0.42117,561.21,1,0.873,0.873,0.4,0
114.58,1.7823e+08,1.4358,11118,-3176.7,0,1.2238e+06,-0.42117,561.21,1,0.874,0.874,0.4,0
114.58,1.7823e+08,1.4358,11118,-3176.7,0,1.2238e+06,-0.42117,561.21,1,0.875,0.875,0.4,0
114.58,1.7823e+08,1.4358,11118,-3176.7,0,1.2238e+06,-0.42117,561.21,1,0.876,0.876,0.4,0
114.58,1.7823e+08,1.4358,11118,-3176.7,0,1.2238e+06,-0.42117,561.21,1,0.877,0.877,0.4,0
114.58,1.7823e+08,1.4358,11118,-3176.7,0,1.2238e+06,-0.42117,561.21,1,0.878,0.878,0.4,0
114.58,1.7823e+08,1.4358,11118,-3176.8,0,1.2238e+06,-0.42117,561.21,1,0.879,0.879,0.4,0
114.58,1.7823e+08,1.4358,11118,-3176.8,0,1.2238e+06,-0.42117,561.21,1,0.88,0.88,0.4,0
114.58,1.7823e+08,1.4358,11118,-3176.8,0,1.2238e+06,-0.42117,561.21,1,0.881,0.881,0.4,0
114.58,1.7823e+08,1.4358,11118,-3176.8,0,1.2238e+06,-0.42117,561.21,1,0.882,0.882,0.4,0
114.58,1.7823e+08,1.4358,11118,-3176.8,0,1.2238e+06,-0.42117,561.21,1,0.883,0.883,0.4,0
114.58,1.7823e+08,1.4358,11118,-3176.8,0,1.2238e+06,-0.42116,561.21,1,0.884,0.884,0.4,0
114.58,1.7823e+08,1.4358,11118,-3176.8,0,1.2238e+06,-0.42116,561.21,1,0.885,0.885,0.4,0
114.58,1.7823e+08,1.4358,11118,-3176.8,0,1.2238e+06,-0.42116,561.21,1,0.886,0.886,0.4,0
114.58,1.7823e+08,1.4358,11118,-3176.8,0,1.2238e+06,-0.42116,561.21,1,0.887,0.887,0.4,0
114.58,1.7823e+08,1.4358,11118,-3176.8,0,1.2238e+06,-0.42116,561.21,1,0.888,0.888,0.4,0
114.58,1.7823e+08,1.4358,11118,-3176.9,0,1.2238e+06,-0.42116,561.21,1,0.889,0.889,0.4,0
114.58,1.7823e+08,1.4358,11118,-3176.9,0,1.2238e+06,-0.42116,561.21,1,0.89,0.89,0.4,0
114.58,1.7823e+08,1.4358,11118,-3176.9,0,1.2238e+06,-0.42116,561.21,1,0.891,0.891,0.4,0
114.58,1.7823e+08,1.4358,11118,-3176.9,0,1.2238e+06,-0.42116,561.21,1,0.892,0.892,0.4,0
114.58,1.7823e+08,1.4358,11118,-3176.9,0,1.2238e+06,-0.42116,561.21,1,0.893,0.893,0.4,0
114.58,1.7823e+08,1.4358,11118,-3176.9,0,1.2238e+06,-0.42116,561.21,1,0.894,0.894,0.4,0
114.58,1.7823e+08,1.4358,11118,-3176.9,0,1.2238e+06,-0.42116,561.21,1,0.895,0.895,0.4,0
114.58,1.7823e+08,1.4358,11118,-3176.9,0,1.2238e+06,-0.42116,561.21,1,0.896,0.896,0.4,0
114.58,1.7823e+08,1.4358,11118,-3176.9,0,1.2238e+06,-0.42115,561.21,1,0.897,0.897,0.4,0
114.58,1.7823e+08,1.4358,11118,-3176.9,0,1.2238e+06,-0.42115,561.21,1,0.898,0.898,0.4,0
114.58,1.7823e+08,1.4358,11118,-3176.9,0,1.2238e+06,-0.42116,561.21,1,0.899,0.899,0.4,0
114.58,1.7823e+08,1.4358,11118,-3176.9,0,1.2238e+06,-0.42116,561.21,1,0.9,0.9,0.4,0
114.58,1.7823e+08,1.4358,11118,-3176.9,0,1.2238e+06,-0.42116,561.21,1,0.901,0.901,0.4,0
114.58,1.7823e+08,1.4358,11118,-3176.9,0,1.2238e+06,-0.42116,561.21,1,0.902,0.902,0.4,0
114.58,1.7823e+08,1.4358,11118,-3176.9,0,1.2238e+06,-0.42116,561.21,1,0.903,0.903,0.4,0
114.58,1.7823e+08,1.4358,11118,-3176.9,0,1.2238e+06,-0.42116,561.21,1,0.904,0.904,0.4,0
114.58,1.7823e+08,1.4358,11118,-3176.9,0,1.2238e+06,-0.42116,561.21,1,0.905,0.905,0.4,0
114.58,1.7823e+08,1.4358,11118,-3176.9,0,1.2238e+06,-0.42116,561.21,1,0.906,0.906,0.4,0
114.58,1.7823e+08,1.4358,11118,-3176.9,0,1.2238e+06,-0.42116,561.21,1,0.907,0.907,0.4,0
114.58,1.7823e+08,1.4358,11118,-3176.9,0,1.2238e+06,-0.42116,561.21,1,0.908,0.908,0.4,0
114.58,1.7823e+08,1.4358,11118,-3176.9,0,1.2238e+06,-0.42116,561.21,1,0.909,0.909,0.4,0
114.58,1.7823e+08,1.4358,11118,-3176.9,0,1.2238e+06,-0.42116,561.21,1,0.91,0.91,0.4,0
114.58,1.7823e+08,1.4358,11118,-3176.9,0,1.2238e+06,-0.42116,561.21,1,0.911,0.911,0.4,0
114.58,1.7823e+08,1.4358,11118,-3176.9,0,1.2238e+06,-0.42116,561.21,1,0.912,0.912,0.4,0
114.58,1.7823e+08,1.4358,11118,-3176.9,0,1.2238e+06,-0.42116,561.21,1,0.913,0.913,0.4,0
114.58,1.7823e+08,1.4358,11118,-3176.9,0,1.2238e+06,-0.42116,561.21,1,0.914,0.914,0.4,0
114.58,1.7823e+08,1.4358,11118,-3176.9,0,1.2238e+06,-0.42116,561.21,1,0.915,0.915,0.4,0
114.58,1.7823e+08,1.4358,11118,-3176.9,0,1.2238e+06,-0.42116,561.21,1,0.916,0.916,0.4,0
114.58,1.7823e+08,1.4358,11118,-3176.9,0,1.2238e+06,-0.42116,561.21,1,0.917,0.917,0.4,0
114.58,1.7823e+08,1.4358,11118,-3176.9,0,1.2238e+06,-0.42116,561.21,1,0.918,0.918,0.4,0
114.58,1.7823e+08,1.4358,11118,-3176.9,0,1.2238e+06,-0.42116,561.21,1,0.919,0.919,0.4,0
114.58,1.7823e+08,1.4358,11118,-3176.9,0,1.2238e+06,-0.42116,561.21,1,0.92,0.92,0.4,0
114.58,1.7823e+08,1.4358,11118,-3176.9,0,1.2238e+06,-0.42116,561.21,1,0.921,0.921,0.4,0
114.58,1.7823e+08,1.4358,11118,-3176.9,0,1.2238e+06,-0.42116,561.21,1,0.922,0.922,0.4,0
114.58,1.7823e+08,1.4358,11118,-3176.9,0,1.2238e+06,-0.42116,561.21,1,0.923,0.923,0.4,0
114.58,1.7823e+08,1.4358,11118,-3176.9,0,1.2238e+06,-0.42116,561.21,1,0.924,0.924,0.4,0
114.58,1.7823e+08,1.4358,11118,-3176.9,0,1.2238e+06,-0.42115,561.21,1,0.925,0.925,0.4,0
114.58,1.7823e+08,1.4358,11118,-3176.9,0,1.2238e+06,-0.42115,561.21,1,0.926,0.926,0.4,0
114.58,1.7823e+08,1.4358,11118,-3176.9,0,1.2238e+06,-0.42115,561.21,1,0.927,0.927,0.4,0
114.58,1.7823e+08,1.4358,11118,-3176.9,0,1.2238e+06,-0.42115,561.21,1,0.928,0.928,0.4,0
114.58,1.7823e+08,1.4358,11118,-3176.9,0,1.2238e+06,-0.42115,561.21,1,0.929,0.929,0.4,0
114.58,1.7823e+08,1.4358,11118,-3176.9,0,1.2238e+06,-0.42115,561.21,1,0.93,0.93,0.4,0
114.58,1.7823e+08,1.4358,11118,-3176.9,0,1.2238e+06,-0.42115,561.21,1,0.931,0.931,0.4,0
114.58,1.7823e+08,1.4358,11118,-3177,0,1.2238e+06,-0.42115,561.21,1,0.932,0.932,0.4,0
114.58,1.7823e+08,1.4358,11118,-3177,0,1.2238e+06,-0.42115,561.21,1,0.933,0.933,0.4,0
114.58,1.7823e+08,1.4358,11118,-3177,0,1.2238e+06,-0.42115,561.21,1,0.934,0.934,0.4,0
114.58,1.7823e+08,1.4358,11118,-3177,0,1.2238e+06,-0.42115,561.21,1,0.935,0.935,0.4,0
114.58,1.7823e+08,1.4358,11118,-3177,0,1.2238e+06,-0.42115,561.21,1,0.936,0.936,0.4,0
114.58,1.7823e+08,1.4358,11118,-3177,0,1.2238e+06,-0.42114,561.21,1,0.937,0.937,0.4,0
114.58,1.7823e+08,1.4358,11118,-3177,0,1.2238e+06,-0.42114,561.21,1,0.938,0.938,0.4,0
114.58,1.7823e+08,1.4358,11118,-3177,0,1.2238e+06,-0.42114,561.21,1,0.939,0.939,0.4,0
114.58,1.7823e+08,1.4358,11118,-3177,0,1.2238e+06,-0.42114,561.21,1,0.94,0.94,0.4,0
114.58,1.7823e+08,1.4358,11118,-3177,0,1.2238e+06,-0.42114,561.21,1,0.941,0.941,0.4,0
114.58,1.7823e+08,1.4358,11118,-3177,0,1.2238e+06,-0.42114,561.21,1,0.942,0.942,0.4,0
114.58,1.7823e+08,1.4358,11118,-3177,0,1.2238e+06,-0.42114,561.21,1,0.943,0.943,0.4,0
114.58,1.7823e+08,1.4358,11118,-3177,0,1.2238e+06,-0.42114,561.21,1,0.944,0.944,0.4,0
114.58,1.7823e+08,1.4358,11118,-3177,0,1.2238e+06,-0.42114,561.21,1,0.945,0.945,0.4,0
114.58,1.7824e+08,1.4358,11118,-3177,0,1.2238e+06,-0.42114,561.21,1,0.946,0.946,0.4,0
114.58,1.7824e+08,1.4358,11118,-3177.1,0,1.2238e+06,-0.42114,561.21,1,0.947,0.947,0.4,0
114.58,1.7824e+08,1.4358,11118,-3177.1,0,1.2238e+06,-0.42114,561.21,1,0.948,0.948,0.4,0
114.58,1.7824e+08,1.4358,11118,-3177.1,0,1.2238e+06,-0.42114,561.21,1,0.949,0.949,0.4,0
114.58,1.7824e+08,1.4358,11118,-3177.1,0,1.2238e+06,-0.42114,561.21,1,0.95,0.95,0.4,0
114.58,1.7824e+08,1.4358,11118,-3177.1,0,1.2238e+06,-0.42113,561.21,1,0.951,0.951,0.4,0
114.58,1.7824e+08,1.4358,11118,-3177.1,0,1.2238e+06,-0.42113,561.21,1,0.952,0.952,0.4,0
114.58,1.7824e+08,1.4358,11118,-3177.1,0,1.2238e+06,-0.42113,561.21,1,0.953,0.953,0.4,0
114.58,1.7824e+08,1.4358,11118,-3177.1,0,1.2238e+06,-0.42113,561.21,1,0.954,0.954,0.4,0
114.58,1.7824e+08,1.4358,11118,-3177.1,0,1.2238e+06,-0.42113,561.21,1,0.955,0.955,0.4,0
114.58,1.7824e+08,1.4358,11118,-3177.1,0,1.2238e+06,-0.42113,561.21,1,0.956,0.956,0.4,0
114.58,1.7824e+08,1.4358,11118,-3177.1,0,1.2238e+06,-0.42113,561.21,1,0.957,0.957,0.4,0
114.58,1.7824e+08,1.4358,11118,-3177.1,0,1.2238e+06,-0.42113,561.21,1,0.958,0.958,0.4,0
114.58,1.7824e+08,1.4358,11118,-3177.1,0,1.2238e+06,-0.42113,561.21,1,0.959,0.959,0.4,0
114.58,1.7824e+08,1.4358,11118,-3177.1,0,1.2238e+06,-0.42113,561.21,1,0.96,0.96,0.4,0
114.58,1.7824e+08,1.4358,11118,-3177.1,0,1.2238e+06,-0.42113,561.21,1,0.961,0.961,0.4,0
114.58,1.7824e+08,1.4358,11118,-3177.1,0,1.2238e+06,-0.42113,561.21,1,0.962,0.962,0.4,0
114.58,1.7824e+08,1.4358,11118,-3177.1,0,1.2238e+06,-0.42113,561.21,1,0.963,0.963,0.4,0
114.58,1.7824e+08,1.4358,11118,-3177.1,0,1.2238e+06,-0.42113,561.21,1,0.964,0.964,0.4,0
114.58,1.7824e+08,1.4358,11118,-3177.1,0,1.2238e+06,-0.42113,561.21,1,0.965,0.965,0.4,0
114.58,1.7824e+08,1.4358,11118,-3177.1,0,1.2238e+06,-0.42113,561.21,1,0.966,0.966,0.4,0
114.58,1.7824e+08,1.4358,11118,-3177.1,0,1.2238e+06,-0.42113,561.21,1,0.967,0.967,0.4,0
114.58,1.7824e+08,1.4358,11118,-3177.1,0,1.2238e+06,-0.42113,561.21,1,0.968,0.968,0.4,0
114.58,1.7824e+08,1.4358,11118,-3177.1,0,1.2238e+06,-0.42113,561.21,1,0.969,0.969,0.4,0
114.58,1.7824e+08,1.4358,11118,-3177.1,0,1.2238e+06,-0.42113,561.21,1,0.97,0.97,0.4,0
114.58,1.7824e+08,1.4358,11118,-3177.1,0,1.2238e+06,-0.42113,561.21,1,0.971,0.971,0.4,0
114.58,1.7824e+08,1.4358,11118,-3177.1,0,1.2238e+06,-0.42113,561.21,1,0.972,0.972,0.4,0
114.58,1.7824e+08,1.4358,11118,-3177.1,0,1.2238e+06,-0.42113,561.21,1,0.973,0.973,0.4,0
114.58,1.7823e+08,1.4358,11118,-3177.1,0,1.2238e+06,-0.42114,561.21,1,0.974,0.974,0.4,0
114.58,1.7823e+08,1.4358,11118,-3177.1,0,1.2238e+06,-0.42114,561.21,1,0.975,0.975,0.4,0
114.58,1.7823e+08,1.4358,11118,-3177,0,1.2238e+06,-0.42114,561.21,1,0.976,0.976,0.4,0
114.58,1.7823e+08,1.4358,11118,-3177,0,1.2238e+06,-0.42114,561.21,1,0.977,0.977,0.4,0
114.58,1.7823e+08,1.4358,11118,-3177,0,1.2238e+06,-0.42114,561.21,1,0.978,0.978,0.4,0
114.58,1.7823e+08,1.4358,11118,-3177,0,1.2238e+06,-0.42114,561.21,1,0.979,0.979,0.4,0
114.58,1.7823e+08,1.4358,11118,-3177,0,1.2238e+06,-0.42114,561.21,1,0.98,0.98,0.4,0
114.58,1.7823e+08,1.4358,11118,-3177,0,1.2238e+06,-0.42114,561.21,1,0.981,0.981,0.4,0
114.58,1.7823e+08,1.4358,11118,-3177,0,1.2238e+06,-0.42114,561.21,1,0.982,0.982,0.4,0
114.58,1.7823e+08,1.4358,11118,-3177,0,1.2238e+06,-0.42114,561.21,1,0.983,0.983,0.4,0
114.58,1.7823e+08,1.4358,11118,-3177,0,1.2238e+06,-0.42114,561.21,1,0.984,0.984,0.4,0
114.58,1.7823e+08,1.4358,11118,-3177,0,1.2238e+06,-0.42114,561.21,1,0.985,0.985,0.4,0
114.58,1.7823e+08,1.4358,11118,-3177,0,1.2238e+06,-0.42114,561.21,1,0.986,0.986,0.4,0
114.58,1.7823e+08,1.4358,11118,-3177,0,1.2238e+06,-0.42114,561.21,1,0.987,0.987,0.4,0
114.58,1.7823e+08,1.4358,11118,-3177,0,1.2238e+06,-0.42114,561.21,1,0.988,0.988,0.4,0
114.58,1.7823e+08,1.4358,11118,-3177,0,1.2238e+06,-0.42114,561.21,1,0.989,0.989,0.4,0
114.58,1.7823e+08,1.4358,11118,-3177,0,1.2238e+06,-0.42114,561.21,1,0.99,0.99,0.4,0
114.58,1.7823e+08,1.4358,11118,-3177,0,1.2238e+06,-0.42114,561.21,1,0.991,0.991,0.4,0
114.58,1.7823e+08,1.4358,11118,-3177,0,1.2238e+06,-0.42114,561.21,1,0.992,0.992,0.4,0
114.58,1.7823e+08,1.4358,11118,-3177,0,1.2238e+06,-0.42114,561.21,1,0.993,0.993,0.4,0
114.58,1.7823e+08,1.4358,11118,-3177,0,1.2238e+06,-0.42114,561.21,1,0.994,0.994,0.4,0
114.58,1.7823e+08,1.4358,11118,-3177,0,1.2238e+06,-0.42114,561.21,1,0.995,0.995,0.4,0
114.58,1.7823e+08,1.4358,11118,-3177,0,1.2238e+06,-0.42115,561.21,1,0.996,0.996,0.4,0
114.58,1.7823e+08,1.4358,11118,-3177,0,1.2238e+06,-0.42115,561.21,1,0.997,0.997,0.4,0
114.58,1.7823e+08,1.4358,11118,-3176.9,0,1.2238e+06,-0.42115,561.21,1,0.998,0.998,0.4,0
114.58,1.7823e+08,1.4358,11118,-3176.9,0,1.2238e+06,-0.42115,561.21,1,0.999,0.999,0.4,0
114.58,1.7823e+08,1.4358,11118,-3176.9,0,1.2238e+06,-0.42115,561.21,1,1,1,0.4,0
