"Mach","Pressure","p","vtkValidPointMask","arc_length","Points:0","Points:1","Points:2"
0.17805,8.9528e+05,0.99036,1,0,0,0,0
0.17805,8.9528e+05,0.99036,1,0.00012294,0.00012294,0,0
0.17806,8.9528e+05,0.99036,1,0.00024587,0.00024587,0,0
0.17806,8.9528e+05,0.99035,1,0.00036881,0.00036881,0,0
0.17807,8.9528e+05,0.99035,1,0.00049175,0.00049175,0,0
0.17807,8.9528e+05,0.99035,1,0.00061469,0.00061469,0,0
0.17808,8.9528e+05,0.99035,1,0.00073762,0.00073762,0,0
0.17808,8.9527e+05,0.99035,1,0.00086056,0.00086056,0,0
0.17808,8.9527e+05,0.99035,1,0.0009835,0.0009835,0,0
0.1781,8.9527e+05,0.99034,1,0.0011064,0.0011064,0,0
0.17812,8.9527e+05,0.99034,1,0.0012294,0.0012294,0,0
0.17814,8.9527e+05,0.99034,1,0.0013523,0.0013523,0,0
0.17815,8.9526e+05,0.99034,1,0.0014752,0.0014752,0,0
0.17817,8.9526e+05,0.99034,1,0.0015982,0.0015982,0,0
0.17819,8.9526e+05,0.99033,1,0.0017211,0.0017211,0,0
0.17821,8.9526e+05,0.99033,1,0.0018441,0.0018441,0,0
0.17822,8.9526e+05,0.99033,1,0.001967,0.001967,0,0
0.17825,8.9526e+05,0.99033,1,0.0020899,0.0020899,0,0
0.17828,8.9525e+05,0.99032,1,0.0022129,0.0022129,0,0
0.17832,8.9525e+05,0.99032,1,0.0023358,0.0023358,0,0
0.17835,8.9525e+05,0.99032,1,0.0024587,0.0024587,0,0
0.17838,8.9524e+05,0.99031,1,0.0025817,0.0025817,0,0
0.17841,8.9524e+05,0.99031,1,0.0027046,0.0027046,0,0
0.17844,8.9524e+05,0.99031,1,0.0028276,0.0028276,0,0
0.17847,8.9523e+05,0.9903,1,0.0029505,0.0029505,0,0
0.17851,8.9523e+05,0.9903,1,0.0030734,0.0030734,0,0
0.17855,8.9523e+05,0.99029,1,0.0031964,0.0031964,0,0
0.1786,8.9522e+05,0.99029,1,0.0033193,0.0033193,0,0
0.17864,8.9522e+05,0.99028,1,0.0034422,0.0034422,0,0
0.17868,8.9521e+05,0.99028,1,0.0035652,0.0035652,0,0
0.17872,8.9521e+05,0.99027,1,0.0036881,0.0036881,0,0
0.17877,8.952e+05,0.99027,1,0.003811,0.003811,0,0
0.17881,8.952e+05,0.99026,1,0.003934,0.003934,0,0
0.17886,8.9519e+05,0.99026,1,0.0040569,0.0040569,0,0
0.17891,8.9519e+05,0.99025,1,0.0041799,0.0041799,0,0
0.17897,8.9518e+05,0.99025,1,0.0043028,0.0043028,0,0
0.17902,8.9518e+05,0.99024,1,0.0044257,0.0044257,0,0
0.17908,8.9517e+05,0.99024,1,0.0045487,0.0045487,0,0
0.17913,8.9517e+05,0.99023,1,0.0046716,0.0046716,0,0
0.17918,8.9516e+05,0.99022,1,0.0047945,0.0047945,0,0
0.17924,8.9516e+05,0.99022,1,0.0049175,0.0049175,0,0
0.1793,8.9515e+05,0.99021,1,0.0050404,0.0050404,0,0
0.17936,8.9514e+05,0.9902,1,0.0051634,0.0051634,0,0
0.17943,8.9514e+05,0.9902,1,0.0052863,0.0052863,0,0
0.17949,8.9513e+05,0.99019,1,0.0054092,0.0054092,0,0
0.17956,8.9512e+05,0.99018,1,0.0055322,0.0055322,0,0
0.17962,8.9512e+05,0.99018,1,0.0056551,0.0056551,0,0
0.17969,8.9511e+05,0.99017,1,0.005778,0.005778,0,0
0.17976,8.9511e+05,0.99016,1,0.005901,0.005901,0,0
0.17983,8.951e+05,0.99015,1,0.0060239,0.0060239,0,0
0.1799,8.9509e+05,0.99015,1,0.0061469,0.0061469,0,0
0.17998,8.9508e+05,0.99014,1,0.0062698,0.0062698,0,0
0.18006,8.9508e+05,0.99013,1,0.0063927,0.0063927,0,0
0.18014,8.9507e+05,0.99012,1,0.0065157,0.0065157,0,0
0.18021,8.9506e+05,0.99011,1,0.0066386,0.0066386,0,0
0.18029,8.9505e+05,0.9901,1,0.0067615,0.0067615,0,0
0.18037,8.9505e+05,0.9901,1,0.0068845,0.0068845,0,0
0.18045,8.9504e+05,0.99009,1,0.0070074,0.0070074,0,0
0.18055,8.9503e+05,0.99008,1,0.0071303,0.0071303,0,0
0.18064,8.9502e+05,0.99007,1,0.0072533,0.0072533,0,0
0.18073,8.9501e+05,0.99006,1,0.0073762,0.0073762,0,0
0.18082,8.95e+05,0.99005,1,0.0074992,0.0074992,0,0
0.18091,8.9499e+05,0.99003,1,0.0076221,0.0076221,0,0
0.181,8.9498e+05,0.99002,1,0.007745,0.007745,0,0
0.1811,8.9497e+05,0.99001,1,0.007868,0.007868,0,0
0.18119,8.9496e+05,0.99,1,0.0079909,0.0079909,0,0
0.1813,8.9495e+05,0.98999,1,0.0081138,0.0081138,0,0
0.1814,8.9494e+05,0.98998,1,0.0082368,0.0082368,0,0
0.1815,8.9493e+05,0.98997,1,0.0083597,0.0083597,0,0
0.18161,8.9492e+05,0.98996,1,0.0084827,0.0084827,0,0
0.18171,8.9491e+05,0.98995,1,0.0086056,0.0086056,0,0
0.18181,8.949e+05,0.98993,1,0.0087285,0.0087285,0,0
0.18192,8.9489e+05,0.98992,1,0.0088515,0.0088515,0,0
0.18203,8.9488e+05,0.98991,1,0.0089744,0.0089744,0,0
0.18214,8.9487e+05,0.9899,1,0.0090973,0.0090973,0,0
0.18226,8.9486e+05,0.98989,1,0.0092203,0.0092203,0,0
0.18238,8.9484e+05,0.98987,1,0.0093432,0.0093432,0,0
0.18249,8.9483e+05,0.98986,1,0.0094661,0.0094661,0,0
0.18261,8.9482e+05,0.98985,1,0.0095891,0.0095891,0,0
0.18273,8.9481e+05,0.98983,1,0.009712,0.009712,0,0
0.18285,8.948e+05,0.98982,1,0.009835,0.009835,0,0
0.18297,8.9479e+05,0.98981,1,0.0099579,0.0099579,0,0
0.1831,8.9477e+05,0.98979,1,0.010081,0.010081,0,0
0.18323,8.9476e+05,0.98978,1,0.010204,0.010204,0,0
0.18336,8.9475e+05,0.98976,1,0.010327,0.010327,0,0
0.18349,8.9473e+05,0.98975,1,0.01045,0.01045,0,0
0.18362,8.9472e+05,0.98973,1,0.010573,0.010573,0,0
0.18375,8.9471e+05,0.98972,1,0.010696,0.010696,0,0
0.18388,8.9469e+05,0.9897,1,0.010818,0.010818,0,0
0.18402,8.9468e+05,0.98969,1,0.010941,0.010941,0,0
0.18416,8.9466e+05,0.98967,1,0.011064,0.011064,0,0
0.1843,8.9465e+05,0.98966,1,0.011187,0.011187,0,0
0.18445,8.9463e+05,0.98964,1,0.01131,0.01131,0,0
0.18459,8.9462e+05,0.98962,1,0.011433,0.011433,0,0
0.18473,8.9461e+05,0.98961,1,0.011556,0.011556,0,0
0.18488,8.9459e+05,0.98959,1,0.011679,0.011679,0,0
0.18502,8.9458e+05,0.98958,1,0.011802,0.011802,0,0
0.18516,8.9456e+05,0.98956,1,0.011925,0.011925,0,0
0.18532,8.9455e+05,0.98954,1,0.012048,0.012048,0,0
0.18548,8.9453e+05,0.98952,1,0.012171,0.012171,0,0
0.18564,8.9451e+05,0.9895,1,0.012294,0.012294,0,0
0.1858,8.945e+05,0.98949,1,0.012417,0.012417,0,0
0.18596,8.9448e+05,0.98947,1,0.01254,0.01254,0,0
0.18611,8.9446e+05,0.98945,1,0.012663,0.012663,0,0
0.18627,8.9445e+05,0.98943,1,0.012785,0.012785,0,0
0.18643,8.9443e+05,0.98941,1,0.012908,0.012908,0,0
0.1866,8.9441e+05,0.98939,1,0.013031,0.013031,0,0
0.18678,8.9439e+05,0.98937,1,0.013154,0.013154,0,0
0.18695,8.9438e+05,0.98935,1,0.013277,0.013277,0,0
0.18712,8.9436e+05,0.98933,1,0.0134,0.0134,0,0
0.18729,8.9434e+05,0.98932,1,0.013523,0.013523,0,0
0.18747,8.9432e+05,0.9893,1,0.013646,0.013646,0,0
0.18764,8.9431e+05,0.98928,1,0.013769,0.013769,0,0
0.18781,8.9429e+05,0.98926,1,0.013892,0.013892,0,0
0.188,8.9427e+05,0.98923,1,0.014015,0.014015,0,0
0.18819,8.9425e+05,0.98921,1,0.014138,0.014138,0,0
0.18837,8.9423e+05,0.98919,1,0.014261,0.014261,0,0
0.18856,8.9421e+05,0.98917,1,0.014384,0.014384,0,0
0.18875,8.9419e+05,0.98915,1,0.014507,0.014507,0,0
0.18894,8.9417e+05,0.98913,1,0.01463,0.01463,0,0
0.18912,8.9415e+05,0.9891,1,0.014752,0.014752,0,0
0.18931,8.9413e+05,0.98908,1,0.014875,0.014875,0,0
0.18951,8.9411e+05,0.98906,1,0.014998,0.014998,0,0
0.18971,8.9409e+05,0.98904,1,0.015121,0.015121,0,0
0.18991,8.9407e+05,0.98901,1,0.015244,0.015244,0,0
0.19011,8.9405e+05,0.98899,1,0.015367,0.015367,0,0
0.19032,8.9403e+05,0.98897,1,0.01549,0.01549,0,0
0.19052,8.94e+05,0.98894,1,0.015613,0.015613,0,0
0.19072,8.9398e+05,0.98892,1,0.015736,0.015736,0,0
0.19092,8.9396e+05,0.9889,1,0.015859,0.015859,0,0
0.19114,8.9394e+05,0.98887,1,0.015982,0.015982,0,0
0.19135,8.9392e+05,0.98885,1,0.016105,0.016105,0,0
0.19157,8.9389e+05,0.98882,1,0.016228,0.016228,0,0
0.19179,8.9387e+05,0.98879,1,0.016351,0.016351,0,0
0.19201,8.9385e+05,0.98877,1,0.016474,0.016474,0,0
0.19223,8.9382e+05,0.98874,1,0.016596,0.016596,0,0
0.19244,8.938e+05,0.98872,1,0.016719,0.016719,0,0
0.19266,8.9378e+05,0.98869,1,0.016842,0.016842,0,0
0.19289,8.9375e+05,0.98867,1,0.016965,0.016965,0,0
0.19312,8.9373e+05,0.98864,1,0.017088,0.017088,0,0
0.19336,8.937e+05,0.98861,1,0.017211,0.017211,0,0
0.19359,8.9368e+05,0.98858,1,0.017334,0.017334,0,0
0.19383,8.9365e+05,0.98855,1,0.017457,0.017457,0,0
0.19406,8.9363e+05,0.98853,1,0.01758,0.01758,0,0
0.19429,8.936e+05,0.9885,1,0.017703,0.017703,0,0
0.19453,8.9358e+05,0.98847,1,0.017826,0.017826,0,0
0.19477,8.9355e+05,0.98844,1,0.017949,0.017949,0,0
0.19502,8.9352e+05,0.98841,1,0.018072,0.018072,0,0
0.19527,8.935e+05,0.98838,1,0.018195,0.018195,0,0
0.19552,8.9347e+05,0.98835,1,0.018318,0.018318,0,0
0.19577,8.9344e+05,0.98832,1,0.018441,0.018441,0,0
0.19602,8.9341e+05,0.98829,1,0.018563,0.018563,0,0
0.19627,8.9339e+05,0.98826,1,0.018686,0.018686,0,0
0.19652,8.9336e+05,0.98823,1,0.018809,0.018809,0,0
0.19678,8.9333e+05,0.9882,1,0.018932,0.018932,0,0
0.19705,8.933e+05,0.98817,1,0.019055,0.019055,0,0
0.19732,8.9327e+05,0.98813,1,0.019178,0.019178,0,0
0.19758,8.9324e+05,0.9881,1,0.019301,0.019301,0,0
0.19785,8.9321e+05,0.98807,1,0.019424,0.019424,0,0
0.19812,8.9318e+05,0.98804,1,0.019547,0.019547,0,0
0.19839,8.9315e+05,0.988,1,0.01967,0.01967,0,0
0.19866,8.9312e+05,0.98797,1,0.019793,0.019793,0,0
0.19893,8.9309e+05,0.98794,1,0.019916,0.019916,0,0
0.19922,8.9306e+05,0.9879,1,0.020039,0.020039,0,0
0.1995,8.9303e+05,0.98787,1,0.020162,0.020162,0,0
0.19979,8.93e+05,0.98783,1,0.020285,0.020285,0,0
0.20007,8.9297e+05,0.9878,1,0.020408,0.020408,0,0
0.20036,8.9294e+05,0.98776,1,0.02053,0.02053,0,0
0.20065,8.929e+05,0.98773,1,0.020653,0.020653,0,0
0.20093,8.9287e+05,0.98769,1,0.020776,0.020776,0,0
0.20122,8.9284e+05,0.98766,1,0.020899,0.020899,0,0
0.20153,8.9281e+05,0.98762,1,0.021022,0.021022,0,0
0.20183,8.9277e+05,0.98758,1,0.021145,0.021145,0,0
0.20213,8.9274e+05,0.98754,1,0.021268,0.021268,0,0
0.20244,8.927e+05,0.9875,1,0.021391,0.021391,0,0
0.20274,8.9267e+05,0.98747,1,0.021514,0.021514,0,0
0.20304,8.9263e+05,0.98743,1,0.021637,0.021637,0,0
0.20334,8.926e+05,0.98739,1,0.02176,0.02176,0,0
0.20365,8.9257e+05,0.98735,1,0.021883,0.021883,0,0
0.20398,8.9253e+05,0.98731,1,0.022006,0.022006,0,0
0.2043,8.9249e+05,0.98727,1,0.022129,0.022129,0,0
0.20462,8.9246e+05,0.98723,1,0.022252,0.022252,0,0
0.20495,8.9242e+05,0.98719,1,0.022375,0.022375,0,0
0.20527,8.9238e+05,0.98715,1,0.022497,0.022497,0,0
0.20559,8.9235e+05,0.98711,1,0.02262,0.02262,0,0
0.20592,8.9231e+05,0.98707,1,0.022743,0.022743,0,0
0.20624,8.9227e+05,0.98703,1,0.022866,0.022866,0,0
0.20659,8.9223e+05,0.98698,1,0.022989,0.022989,0,0
0.20693,8.9219e+05,0.98694,1,0.023112,0.023112,0,0
0.20728,8.9215e+05,0.98689,1,0.023235,0.023235,0,0
0.20762,8.9211e+05,0.98685,1,0.023358,0.023358,0,0
0.20797,8.9207e+05,0.98681,1,0.023481,0.023481,0,0
0.20831,8.9203e+05,0.98676,1,0.023604,0.023604,0,0
0.20866,8.9199e+05,0.98672,1,0.023727,0.023727,0,0
0.209,8.9195e+05,0.98667,1,0.02385,0.02385,0,0
0.20937,8.9191e+05,0.98663,1,0.023973,0.023973,0,0
0.20973,8.9187e+05,0.98658,1,0.024096,0.024096,0,0
0.2101,8.9182e+05,0.98653,1,0.024219,0.024219,0,0
0.21046,8.9178e+05,0.98648,1,0.024342,0.024342,0,0
0.21083,8.9174e+05,0.98644,1,0.024464,0.024464,0,0
0.21119,8.9169e+05,0.98639,1,0.024587,0.024587,0,0
0.21155,8.9165e+05,0.98634,1,0.02471,0.02471,0,0
0.21192,8.9161e+05,0.98629,1,0.024833,0.024833,0,0
0.21231,8.9156e+05,0.98624,1,0.024956,0.024956,0,0
0.2127,8.9152e+05,0.98619,1,0.025079,0.025079,0,0
0.21308,8.9147e+05,0.98614,1,0.025202,0.025202,0,0
0.21347,8.9142e+05,0.98609,1,0.025325,0.025325,0,0
0.21386,8.9138e+05,0.98604,1,0.025448,0.025448,0,0
0.21425,8.9133e+05,0.98599,1,0.025571,0.025571,0,0
0.21464,8.9129e+05,0.98594,1,0.025694,0.025694,0,0
0.21502,8.9124e+05,0.98589,1,0.025817,0.025817,0,0
0.21543,8.9119e+05,0.98583,1,0.02594,0.02594,0,0
0.21584,8.9114e+05,0.98578,1,0.026063,0.026063,0,0
0.21624,8.9109e+05,0.98572,1,0.026186,0.026186,0,0
0.21665,8.9104e+05,0.98567,1,0.026309,0.026309,0,0
0.21706,8.9099e+05,0.98561,1,0.026431,0.026431,0,0
0.21747,8.9095e+05,0.98556,1,0.026554,0.026554,0,0
0.21787,8.909e+05,0.9855,1,0.026677,0.026677,0,0
0.21828,8.9085e+05,0.98545,1,0.0268,0.0268,0,0
0.21871,8.9079e+05,0.98539,1,0.026923,0.026923,0,0
0.21914,8.9074e+05,0.98533,1,0.027046,0.027046,0,0
0.21958,8.9069e+05,0.98527,1,0.027169,0.027169,0,0
0.22001,8.9063e+05,0.98521,1,0.027292,0.027292,0,0
0.22045,8.9058e+05,0.98516,1,0.027415,0.027415,0,0
0.22088,8.9053e+05,0.9851,1,0.027538,0.027538,0,0
0.22131,8.9047e+05,0.98504,1,0.027661,0.027661,0,0
0.22175,8.9042e+05,0.98498,1,0.027784,0.027784,0,0
0.2222,8.9036e+05,0.98492,1,0.027907,0.027907,0,0
0.22266,8.9031e+05,0.98485,1,0.02803,0.02803,0,0
0.22312,8.9025e+05,0.98479,1,0.028153,0.028153,0,0
0.22358,8.9019e+05,0.98473,1,0.028276,0.028276,0,0
0.22403,8.9014e+05,0.98466,1,0.028398,0.028398,0,0
0.22449,8.9008e+05,0.9846,1,0.028521,0.028521,0,0
0.22495,8.9002e+05,0.98454,1,0.028644,0.028644,0,0
0.22541,8.8996e+05,0.98447,1,0.028767,0.028767,0,0
0.22589,8.899e+05,0.98441,1,0.02889,0.02889,0,0
0.22637,8.8984e+05,0.98434,1,0.029013,0.029013,0,0
0.22686,8.8978e+05,0.98427,1,0.029136,0.029136,0,0
0.22734,8.8972e+05,0.9842,1,0.029259,0.029259,0,0
0.22783,8.8966e+05,0.98413,1,0.029382,0.029382,0,0
0.22831,8.896e+05,0.98407,1,0.029505,0.029505,0,0
0.2288,8.8953e+05,0.984,1,0.029628,0.029628,0,0
0.22928,8.8947e+05,0.98393,1,0.029751,0.029751,0,0
0.22979,8.8941e+05,0.98386,1,0.029874,0.029874,0,0
0.2303,8.8934e+05,0.98378,1,0.029997,0.029997,0,0
0.23081,8.8927e+05,0.98371,1,0.03012,0.03012,0,0
0.23132,8.8921e+05,0.98364,1,0.030243,0.030243,0,0
0.23183,8.8914e+05,0.98356,1,0.030365,0.030365,0,0
0.23234,8.8907e+05,0.98349,1,0.030488,0.030488,0,0
0.23285,8.8901e+05,0.98342,1,0.030611,0.030611,0,0
0.23336,8.8894e+05,0.98334,1,0.030734,0.030734,0,0
0.23389,8.8887e+05,0.98327,1,0.030857,0.030857,0,0
0.23443,8.888e+05,0.98319,1,0.03098,0.03098,0,0
0.23497,8.8873e+05,0.98311,1,0.031103,0.031103,0,0
0.23551,8.8866e+05,0.98303,1,0.031226,0.031226,0,0
0.23605,8.8859e+05,0.98295,1,0.031349,0.031349,0,0
0.23659,8.8852e+05,0.98287,1,0.031472,0.031472,0,0
0.23713,8.8844e+05,0.98279,1,0.031595,0.031595,0,0
0.23767,8.8837e+05,0.98271,1,0.031718,0.031718,0,0
0.23822,8.883e+05,0.98263,1,0.031841,0.031841,0,0
0.23879,8.8822e+05,0.98255,1,0.031964,0.031964,0,0
0.23936,8.8815e+05,0.98246,1,0.032087,0.032087,0,0
0.23992,8.8807e+05,0.98238,1,0.032209,0.032209,0,0
0.24049,8.8799e+05,0.98229,1,0.032332,0.032332,0,0
0.24106,8.8792e+05,0.98221,1,0.032455,0.032455,0,0
0.24163,8.8784e+05,0.98212,1,0.032578,0.032578,0,0
0.24219,8.8776e+05,0.98204,1,0.032701,0.032701,0,0
0.24277,8.8768e+05,0.98195,1,0.032824,0.032824,0,0
0.24337,8.876e+05,0.98186,1,0.032947,0.032947,0,0
0.24397,8.8752e+05,0.98177,1,0.03307,0.03307,0,0
0.24457,8.8744e+05,0.98168,1,0.033193,0.033193,0,0
0.24516,8.8735e+05,0.98159,1,0.033316,0.033316,0,0
0.24576,8.8727e+05,0.98149,1,0.033439,0.033439,0,0
0.24636,8.8719e+05,0.9814,1,0.033562,0.033562,0,0
0.24696,8.8711e+05,0.98131,1,0.033685,0.033685,0,0
0.24756,8.8702e+05,0.98122,1,0.033808,0.033808,0,0
0.24819,8.8693e+05,0.98112,1,0.033931,0.033931,0,0
0.24882,8.8684e+05,0.98102,1,0.034054,0.034054,0,0
0.24945,8.8676e+05,0.98092,1,0.034176,0.034176,0,0
0.25008,8.8667e+05,0.98083,1,0.034299,0.034299,0,0
0.25071,8.8658e+05,0.98073,1,0.034422,0.034422,0,0
0.25134,8.8649e+05,0.98063,1,0.034545,0.034545,0,0
0.25197,8.864e+05,0.98053,1,0.034668,0.034668,0,0
0.2526,8.8631e+05,0.98043,1,0.034791,0.034791,0,0
0.25327,8.8622e+05,0.98033,1,0.034914,0.034914,0,0
0.25393,8.8612e+05,0.98022,1,0.035037,0.035037,0,0
0.25459,8.8603e+05,0.98012,1,0.03516,0.03516,0,0
0.25525,8.8593e+05,0.98001,1,0.035283,0.035283,0,0
0.25591,8.8583e+05,0.97991,1,0.035406,0.035406,0,0
0.25657,8.8574e+05,0.9798,1,0.035529,0.035529,0,0
0.25724,8.8564e+05,0.97969,1,0.035652,0.035652,0,0
0.2579,8.8555e+05,0.97959,1,0.035775,0.035775,0,0
0.2586,8.8544e+05,0.97947,1,0.035898,0.035898,0,0
0.2593,8.8534e+05,0.97936,1,0.036021,0.036021,0,0
0.25999,8.8524e+05,0.97925,1,0.036143,0.036143,0,0
0.26069,8.8514e+05,0.97913,1,0.036266,0.036266,0,0
0.26138,8.8503e+05,0.97902,1,0.036389,0.036389,0,0
0.26208,8.8493e+05,0.97891,1,0.036512,0.036512,0,0
0.26277,8.8483e+05,0.97879,1,0.036635,0.036635,0,0
0.26347,8.8473e+05,0.97868,1,0.036758,0.036758,0,0
0.2642,8.8462e+05,0.97856,1,0.036881,0.036881,0,0
0.26494,8.8451e+05,0.97844,1,0.037004,0.037004,0,0
0.26567,8.844e+05,0.97831,1,0.037127,0.037127,0,0
0.2664,8.8429e+05,0.97819,1,0.03725,0.03725,0,0
0.26713,8.8417e+05,0.97807,1,0.037373,0.037373,0,0
0.26786,8.8406e+05,0.97795,1,0.037496,0.037496,0,0
0.26859,8.8395e+05,0.97783,1,0.037619,0.037619,0,0
0.26932,8.8384e+05,0.9777,1,0.037742,0.037742,0,0
0.27009,8.8372e+05,0.97757,1,0.037865,0.037865,0,0
0.27086,8.8361e+05,0.97744,1,0.037988,0.037988,0,0
0.27163,8.8349e+05,0.97731,1,0.03811,0.03811,0,0
0.2724,8.8337e+05,0.97718,1,0.038233,0.038233,0,0
0.27316,8.8325e+05,0.97705,1,0.038356,0.038356,0,0
0.27393,8.8313e+05,0.97692,1,0.038479,0.038479,0,0
0.2747,8.8301e+05,0.97678,1,0.038602,0.038602,0,0
0.27547,8.8289e+05,0.97665,1,0.038725,0.038725,0,0
0.27627,8.8277e+05,0.97651,1,0.038848,0.038848,0,0
0.27708,8.8264e+05,0.97637,1,0.038971,0.038971,0,0
0.27788,8.8251e+05,0.97623,1,0.039094,0.039094,0,0
0.27869,8.8238e+05,0.97609,1,0.039217,0.039217,0,0
0.27949,8.8226e+05,0.97595,1,0.03934,0.03934,0,0
0.2803,8.8213e+05,0.97581,1,0.039463,0.039463,0,0
0.2811,8.82e+05,0.97566,1,0.039586,0.039586,0,0
0.28191,8.8187e+05,0.97552,1,0.039709,0.039709,0,0
0.28275,8.8174e+05,0.97537,1,0.039832,0.039832,0,0
0.28359,8.816e+05,0.97522,1,0.039955,0.039955,0,0
0.28444,8.8146e+05,0.97507,1,0.040077,0.040077,0,0
0.28528,8.8133e+05,0.97492,1,0.0402,0.0402,0,0
0.28613,8.8119e+05,0.97477,1,0.040323,0.040323,0,0
0.28697,8.8105e+05,0.97461,1,0.040446,0.040446,0,0
0.28781,8.8091e+05,0.97446,1,0.040569,0.040569,0,0
0.28866,8.8078e+05,0.97431,1,0.040692,0.040692,0,0
0.28954,8.8063e+05,0.97415,1,0.040815,0.040815,0,0
0.29042,8.8048e+05,0.97399,1,0.040938,0.040938,0,0
0.29131,8.8034e+05,0.97382,1,0.041061,0.041061,0,0
0.29219,8.8019e+05,0.97366,1,0.041184,0.041184,0,0
0.29307,8.8004e+05,0.9735,1,0.041307,0.041307,0,0
0.29396,8.7989e+05,0.97333,1,0.04143,0.04143,0,0
0.29484,8.7974e+05,0.97317,1,0.041553,0.041553,0,0
0.29573,8.796e+05,0.973,1,0.041676,0.041676,0,0
0.29664,8.7944e+05,0.97283,1,0.041799,0.041799,0,0
0.29757,8.7928e+05,0.97266,1,0.041922,0.041922,0,0
0.2985,8.7912e+05,0.97248,1,0.042044,0.042044,0,0
0.29943,8.7896e+05,0.97231,1,0.042167,0.042167,0,0
0.30035,8.7881e+05,0.97213,1,0.04229,0.04229,0,0
0.30128,8.7865e+05,0.97195,1,0.042413,0.042413,0,0
0.30221,8.7849e+05,0.97178,1,0.042536,0.042536,0,0
0.30313,8.7833e+05,0.9716,1,0.042659,0.042659,0,0
0.30409,8.7816e+05,0.97142,1,0.042782,0.042782,0,0
0.30506,8.7799e+05,0.97123,1,0.042905,0.042905,0,0
0.30602,8.7782e+05,0.97104,1,0.043028,0.043028,0,0
0.30699,8.7765e+05,0.97085,1,0.043151,0.043151,0,0
0.30796,8.7748e+05,0.97066,1,0.043274,0.043274,0,0
0.30893,8.7731e+05,0.97047,1,0.043397,0.043397,0,0
0.3099,8.7714e+05,0.97028,1,0.04352,0.04352,0,0
0.31087,8.7696e+05,0.97009,1,0.043643,0.043643,0,0
0.31186,8.7679e+05,0.9699,1,0.043766,0.043766,0,0
0.31287,8.766e+05,0.96969,1,0.043889,0.043889,0,0
0.31389,8.7642e+05,0.96949,1,0.044011,0.044011,0,0
0.3149,8.7624e+05,0.96929,1,0.044134,0.044134,0,0
0.31592,8.7605e+05,0.96908,1,0.044257,0.044257,0,0
0.31693,8.7587e+05,0.96888,1,0.04438,0.04438,0,0
0.31794,8.7568e+05,0.96868,1,0.044503,0.044503,0,0
0.31896,8.755e+05,0.96847,1,0.044626,0.044626,0,0
0.31999,8.7531e+05,0.96827,1,0.044749,0.044749,0,0
0.32105,8.7512e+05,0.96805,1,0.044872,0.044872,0,0
0.32211,8.7492e+05,0.96783,1,0.044995,0.044995,0,0
0.32316,8.7473e+05,0.96762,1,0.045118,0.045118,0,0
0.32422,8.7453e+05,0.9674,1,0.045241,0.045241,0,0
0.32528,8.7434e+05,0.96719,1,0.045364,0.045364,0,0
0.32633,8.7414e+05,0.96697,1,0.045487,0.045487,0,0
0.32739,8.7395e+05,0.96675,1,0.04561,0.04561,0,0
0.32847,8.7374e+05,0.96653,1,0.045733,0.045733,0,0
0.32957,8.7353e+05,0.96629,1,0.045855,0.045855,0,0
0.33067,8.7332e+05,0.96606,1,0.045978,0.045978,0,0
0.33178,8.731e+05,0.96582,1,0.046101,0.046101,0,0
0.33288,8.7289e+05,0.96559,1,0.046224,0.046224,0,0
0.33398,8.7268e+05,0.96535,1,0.046347,0.046347,0,0
0.33509,8.7247e+05,0.96512,1,0.04647,0.04647,0,0
0.33619,8.7225e+05,0.96488,1,0.046593,0.046593,0,0
0.33731,8.7204e+05,0.96464,1,0.046716,0.046716,0,0
0.33845,8.7181e+05,0.96439,1,0.046839,0.046839,0,0
0.3396,8.7158e+05,0.96414,1,0.046962,0.046962,0,0
0.34074,8.7136e+05,0.96389,1,0.047085,0.047085,0,0
0.34189,8.7113e+05,0.96364,1,0.047208,0.047208,0,0
0.34304,8.709e+05,0.96339,1,0.047331,0.047331,0,0
0.34418,8.7068e+05,0.96314,1,0.047454,0.047454,0,0
0.34533,8.7045e+05,0.96289,1,0.047577,0.047577,0,0
0.34649,8.7022e+05,0.96263,1,0.0477,0.0477,0,0
0.34768,8.6998e+05,0.96236,1,0.047822,0.047822,0,0
0.34887,8.6973e+05,0.96209,1,0.047945,0.047945,0,0
0.35006,8.6949e+05,0.96183,1,0.048068,0.048068,0,0
0.35126,8.6925e+05,0.96156,1,0.048191,0.048191,0,0
0.35245,8.69e+05,0.96129,1,0.048314,0.048314,0,0
0.35364,8.6876e+05,0.96102,1,0.048437,0.048437,0,0
0.35483,8.6852e+05,0.96075,1,0.04856,0.04856,0,0
0.35603,8.6827e+05,0.96048,1,0.048683,0.048683,0,0
0.35727,8.6801e+05,0.96019,1,0.048806,0.048806,0,0
0.3585,8.6775e+05,0.9599,1,0.048929,0.048929,0,0
0.35974,8.6749e+05,0.95961,1,0.049052,0.049052,0,0
0.36097,8.6723e+05,0.95932,1,0.049175,0.049175,0,0
0.36221,8.6697e+05,0.95904,1,0.049298,0.049298,0,0
0.36344,8.6671e+05,0.95875,1,0.049421,0.049421,0,0
0.36468,8.6645e+05,0.95846,1,0.049544,0.049544,0,0
0.36592,8.6619e+05,0.95817,1,0.049667,0.049667,0,0
0.3672,8.6591e+05,0.95786,1,0.049789,0.049789,0,0
0.36848,8.6563e+05,0.95755,1,0.049912,0.049912,0,0
0.36977,8.6535e+05,0.95725,1,0.050035,0.050035,0,0
0.37105,8.6507e+05,0.95694,1,0.050158,0.050158,0,0
0.37233,8.648e+05,0.95663,1,0.050281,0.050281,0,0
0.37362,8.6452e+05,0.95632,1,0.050404,0.050404,0,0
0.3749,8.6424e+05,0.95602,1,0.050527,0.050527,0,0
0.37618,8.6396e+05,0.95571,1,0.05065,0.05065,0,0
0.37751,8.6366e+05,0.95538,1,0.050773,0.050773,0,0
0.37884,8.6337e+05,0.95505,1,0.050896,0.050896,0,0
0.38017,8.6307e+05,0.95472,1,0.051019,0.051019,0,0
0.38149,8.6277e+05,0.9544,1,0.051142,0.051142,0,0
0.38282,8.6248e+05,0.95407,1,0.051265,0.051265,0,0
0.38415,8.6218e+05,0.95374,1,0.051388,0.051388,0,0
0.38548,8.6189e+05,0.95341,1,0.051511,0.051511,0,0
0.3868,8.6159e+05,0.95309,1,0.051634,0.051634,0,0
0.38818,8.6127e+05,0.95273,1,0.051756,0.051756,0,0
0.38955,8.6095e+05,0.95238,1,0.051879,0.051879,0,0
0.39093,8.6063e+05,0.95203,1,0.052002,0.052002,0,0
0.39231,8.6032e+05,0.95168,1,0.052125,0.052125,0,0
0.39368,8.6e+05,0.95133,1,0.052248,0.052248,0,0
0.39506,8.5968e+05,0.95097,1,0.052371,0.052371,0,0
0.39644,8.5936e+05,0.95062,1,0.052494,0.052494,0,0
0.39781,8.5904e+05,0.95027,1,0.052617,0.052617,0,0
0.39923,8.5871e+05,0.9499,1,0.05274,0.05274,0,0
0.40065,8.5837e+05,0.94952,1,0.052863,0.052863,0,0
0.40207,8.5803e+05,0.94914,1,0.052986,0.052986,0,0
0.40349,8.5769e+05,0.94877,1,0.053109,0.053109,0,0
0.40491,8.5735e+05,0.94839,1,0.053232,0.053232,0,0
0.40633,8.5701e+05,0.94802,1,0.053355,0.053355,0,0
0.40775,8.5667e+05,0.94764,1,0.053478,0.053478,0,0
0.40917,8.5633e+05,0.94727,1,0.053601,0.053601,0,0
0.41062,8.5597e+05,0.94687,1,0.053723,0.053723,0,0
0.41209,8.5561e+05,0.94647,1,0.053846,0.053846,0,0
0.41356,8.5525e+05,0.94607,1,0.053969,0.053969,0,0
0.41502,8.5489e+05,0.94567,1,0.054092,0.054092,0,0
0.41649,8.5452e+05,0.94527,1,0.054215,0.054215,0,0
0.41796,8.5416e+05,0.94487,1,0.054338,0.054338,0,0
0.41943,8.538e+05,0.94447,1,0.054461,0.054461,0,0
0.42089,8.5344e+05,0.94407,1,0.054584,0.054584,0,0
0.42239,8.5306e+05,0.94365,1,0.054707,0.054707,0,0
0.4239,8.5268e+05,0.94323,1,0.05483,0.05483,0,0
0.42541,8.5229e+05,0.9428,1,0.054953,0.054953,0,0
0.42692,8.5191e+05,0.94237,1,0.055076,0.055076,0,0
0.42843,8.5152e+05,0.94195,1,0.055199,0.055199,0,0
0.42993,8.5114e+05,0.94152,1,0.055322,0.055322,0,0
0.43144,8.5075e+05,0.9411,1,0.055445,0.055445,0,0
0.43295,8.5037e+05,0.94067,1,0.055568,0.055568,0,0
0.43449,8.4996e+05,0.94023,1,0.05569,0.05569,0,0
0.43605,8.4955e+05,0.93977,1,0.055813,0.055813,0,0
0.43761,8.4914e+05,0.93932,1,0.055936,0.055936,0,0
0.43917,8.4873e+05,0.93886,1,0.056059,0.056059,0,0
0.44072,8.4832e+05,0.9384,1,0.056182,0.056182,0,0
0.44228,8.4791e+05,0.93795,1,0.056305,0.056305,0,0
0.44384,8.4749e+05,0.93749,1,0.056428,0.056428,0,0
0.4454,8.4708e+05,0.93704,1,0.056551,0.056551,0,0
0.44698,8.4666e+05,0.93657,1,0.056674,0.056674,0,0
0.44858,8.4622e+05,0.93608,1,0.056797,0.056797,0,0
0.45018,8.4578e+05,0.9356,1,0.05692,0.05692,0,0
0.45178,8.4535e+05,0.93512,1,0.057043,0.057043,0,0
0.45338,8.4491e+05,0.93463,1,0.057166,0.057166,0,0
0.45498,8.4447e+05,0.93415,1,0.057289,0.057289,0,0
0.45658,8.4404e+05,0.93367,1,0.057412,0.057412,0,0
0.45819,8.436e+05,0.93318,1,0.057535,0.057535,0,0
0.45981,8.4315e+05,0.93269,1,0.057657,0.057657,0,0
0.46146,8.4268e+05,0.93217,1,0.05778,0.05778,0,0
0.46311,8.4222e+05,0.93166,1,0.057903,0.057903,0,0
0.46476,8.4175e+05,0.93114,1,0.058026,0.058026,0,0
0.4664,8.4129e+05,0.93063,1,0.058149,0.058149,0,0
0.46805,8.4082e+05,0.93011,1,0.058272,0.058272,0,0
0.4697,8.4036e+05,0.9296,1,0.058395,0.058395,0,0
0.47135,8.3989e+05,0.92908,1,0.058518,0.058518,0,0
0.47302,8.3941e+05,0.92856,1,0.058641,0.058641,0,0
0.47471,8.3892e+05,0.92801,1,0.058764,0.058764,0,0
0.47641,8.3843e+05,0.92746,1,0.058887,0.058887,0,0
0.4781,8.3793e+05,0.92691,1,0.05901,0.05901,0,0
0.4798,8.3744e+05,0.92637,1,0.059133,0.059133,0,0
0.4815,8.3694e+05,0.92582,1,0.059256,0.059256,0,0
0.48319,8.3645e+05,0.92527,1,0.059379,0.059379,0,0
0.48489,8.3595e+05,0.92473,1,0.059502,0.059502,0,0
0.4866,8.3545e+05,0.92417,1,0.059624,0.059624,0,0
0.48834,8.3492e+05,0.92359,1,0.059747,0.059747,0,0
0.49008,8.344e+05,0.92301,1,0.05987,0.05987,0,0
0.49183,8.3387e+05,0.92242,1,0.059993,0.059993,0,0
0.49357,8.3335e+05,0.92184,1,0.060116,0.060116,0,0
0.49531,8.3282e+05,0.92126,1,0.060239,0.060239,0,0
0.49705,8.3229e+05,0.92068,1,0.060362,0.060362,0,0
0.4988,8.3177e+05,0.9201,1,0.060485,0.060485,0,0
0.50055,8.3124e+05,0.91951,1,0.060608,0.060608,0,0
0.50234,8.3068e+05,0.91889,1,0.060731,0.060731,0,0
0.50413,8.3012e+05,0.91827,1,0.060854,0.060854,0,0
0.50592,8.2956e+05,0.91765,1,0.060977,0.060977,0,0
0.50771,8.29e+05,0.91704,1,0.0611,0.0611,0,0
0.50951,8.2844e+05,0.91642,1,0.061223,0.061223,0,0
0.5113,8.2788e+05,0.9158,1,0.061346,0.061346,0,0
0.51309,8.2732e+05,0.91518,1,0.061469,0.061469,0,0
0.51488,8.2676e+05,0.91456,1,0.061591,0.061591,0,0
0.51672,8.2617e+05,0.9139,1,0.061714,0.061714,0,0
0.51856,8.2557e+05,0.91325,1,0.061837,0.061837,0,0
0.5204,8.2498e+05,0.91259,1,0.06196,0.06196,0,0
0.52224,8.2439e+05,0.91194,1,0.062083,0.062083,0,0
0.52408,8.238e+05,0.91128,1,0.062206,0.062206,0,0
0.52592,8.232e+05,0.91062,1,0.062329,0.062329,0,0
0.52776,8.2261e+05,0.90997,1,0.062452,0.062452,0,0
0.5296,8.2202e+05,0.90931,1,0.062575,0.062575,0,0
0.53149,8.2139e+05,0.90861,1,0.062698,0.062698,0,0
0.53337,8.2076e+05,0.90792,1,0.062821,0.062821,0,0
0.53526,8.2013e+05,0.90722,1,0.062944,0.062944,0,0
0.53714,8.195e+05,0.90652,1,0.063067,0.063067,0,0
0.53903,8.1887e+05,0.90583,1,0.06319,0.06319,0,0
0.54091,8.1824e+05,0.90513,1,0.063313,0.063313,0,0
0.54279,8.1761e+05,0.90443,1,0.063435,0.063435,0,0
0.54468,8.1698e+05,0.90374,1,0.063558,0.063558,0,0
0.54662,8.1631e+05,0.903,1,0.063681,0.063681,0,0
0.54857,8.1564e+05,0.90226,1,0.063804,0.063804,0,0
0.55051,8.1497e+05,0.90152,1,0.063927,0.063927,0,0
0.55246,8.1431e+05,0.90078,1,0.06405,0.06405,0,0
0.5544,8.1364e+05,0.90004,1,0.064173,0.064173,0,0
0.55635,8.1297e+05,0.8993,1,0.064296,0.064296,0,0
0.55829,8.123e+05,0.89856,1,0.064419,0.064419,0,0
0.56024,8.1163e+05,0.89782,1,0.064542,0.064542,0,0
0.56222,8.1093e+05,0.89704,1,0.064665,0.064665,0,0
0.5642,8.1022e+05,0.89626,1,0.064788,0.064788,0,0
0.56619,8.0951e+05,0.89548,1,0.064911,0.064911,0,0
0.56817,8.0881e+05,0.8947,1,0.065034,0.065034,0,0
0.57015,8.081e+05,0.89392,1,0.065157,0.065157,0,0
0.57214,8.0739e+05,0.89313,1,0.06528,0.06528,0,0
0.57412,8.0669e+05,0.89235,1,0.065402,0.065402,0,0
0.57611,8.0598e+05,0.89157,1,0.065525,0.065525,0,0
0.57813,8.0524e+05,0.89075,1,0.065648,0.065648,0,0
0.58017,8.0449e+05,0.88992,1,0.065771,0.065771,0,0
0.5822,8.0374e+05,0.88909,1,0.065894,0.065894,0,0
0.58424,8.0299e+05,0.88826,1,0.066017,0.066017,0,0
0.58627,8.0224e+05,0.88743,1,0.06614,0.06614,0,0
0.5883,8.0149e+05,0.8866,1,0.066263,0.066263,0,0
0.59034,8.0074e+05,0.88577,1,0.066386,0.066386,0,0
0.59237,7.9999e+05,0.88494,1,0.066509,0.066509,0,0
0.59444,7.992e+05,0.88408,1,0.066632,0.066632,0,0
0.59653,7.9841e+05,0.8832,1,0.066755,0.066755,0,0
0.59861,7.9762e+05,0.88232,1,0.066878,0.066878,0,0
0.60069,7.9683e+05,0.88145,1,0.067001,0.067001,0,0
0.60277,7.9604e+05,0.88057,1,0.067124,0.067124,0,0
0.60485,7.9525e+05,0.8797,1,0.067247,0.067247,0,0
0.60693,7.9445e+05,0.87882,1,0.067369,0.067369,0,0
0.60901,7.9366e+05,0.87794,1,0.067492,0.067492,0,0
0.61112,7.9284e+05,0.87703,1,0.067615,0.067615,0,0
0.61325,7.92e+05,0.87611,1,0.067738,0.067738,0,0
0.61537,7.9116e+05,0.87518,1,0.067861,0.067861,0,0
0.6175,7.9033e+05,0.87425,1,0.067984,0.067984,0,0
0.61962,7.8949e+05,0.87333,1,0.068107,0.068107,0,0
0.62175,7.8865e+05,0.8724,1,0.06823,0.06823,0,0
0.62387,7.8781e+05,0.87148,1,0.068353,0.068353,0,0
0.626,7.8698e+05,0.87055,1,0.068476,0.068476,0,0
0.62815,7.8611e+05,0.86959,1,0.068599,0.068599,0,0
0.63033,7.8523e+05,0.86861,1,0.068722,0.068722,0,0
0.6325,7.8434e+05,0.86764,1,0.068845,0.068845,0,0
0.63467,7.8346e+05,0.86666,1,0.068968,0.068968,0,0
0.63684,7.8258e+05,0.86568,1,0.069091,0.069091,0,0
0.63901,7.8169e+05,0.8647,1,0.069214,0.069214,0,0
0.64118,7.8081e+05,0.86373,1,0.069336,0.069336,0,0
0.64336,7.7993e+05,0.86275,1,0.069459,0.069459,0,0
0.64555,7.7902e+05,0.86174,1,0.069582,0.069582,0,0
0.64777,7.7808e+05,0.86071,1,0.069705,0.069705,0,0
0.64998,7.7715e+05,0.85968,1,0.069828,0.069828,0,0
0.6522,7.7622e+05,0.85865,1,0.069951,0.069951,0,0
0.65441,7.7529e+05,0.85762,1,0.070074,0.070074,0,0
0.65662,7.7435e+05,0.85659,1,0.070197,0.070197,0,0
0.65884,7.7342e+05,0.85556,1,0.07032,0.07032,0,0
0.66105,7.7249e+05,0.85452,1,0.070443,0.070443,0,0
0.66329,7.7154e+05,0.85347,1,0.070566,0.070566,0,0
0.66555,7.7055e+05,0.85238,1,0.070689,0.070689,0,0
0.66781,7.6957e+05,0.8513,1,0.070812,0.070812,0,0
0.67007,7.6859e+05,0.85021,1,0.070935,0.070935,0,0
0.67233,7.6761e+05,0.84913,1,0.071058,0.071058,0,0
0.6746,7.6663e+05,0.84804,1,0.071181,0.071181,0,0
0.67686,7.6565e+05,0.84695,1,0.071303,0.071303,0,0
0.67912,7.6467e+05,0.84587,1,0.071426,0.071426,0,0
0.68139,7.6367e+05,0.84476,1,0.071549,0.071549,0,0
0.68369,7.6264e+05,0.84363,1,0.071672,0.071672,0,0
0.68599,7.6161e+05,0.84249,1,0.071795,0.071795,0,0
0.68828,7.6058e+05,0.84135,1,0.071918,0.071918,0,0
0.69058,7.5955e+05,0.84021,1,0.072041,0.072041,0,0
0.69287,7.5852e+05,0.83908,1,0.072164,0.072164,0,0
0.69517,7.575e+05,0.83794,1,0.072287,0.072287,0,0
0.69747,7.5647e+05,0.8368,1,0.07241,0.07241,0,0
0.69977,7.5542e+05,0.83565,1,0.072533,0.072533,0,0
0.70211,7.5434e+05,0.83445,1,0.072656,0.072656,0,0
0.70445,7.5326e+05,0.83325,1,0.072779,0.072779,0,0
0.70679,7.5218e+05,0.83205,1,0.072902,0.072902,0,0
0.70913,7.5109e+05,0.83086,1,0.073025,0.073025,0,0
0.71147,7.5001e+05,0.82966,1,0.073148,0.073148,0,0
0.71381,7.4893e+05,0.82846,1,0.07327,0.07327,0,0
0.71615,7.4785e+05,0.82726,1,0.073393,0.073393,0,0
0.7185,7.4675e+05,0.82605,1,0.073516,0.073516,0,0
0.72088,7.4562e+05,0.8248,1,0.073639,0.073639,0,0
0.72327,7.4448e+05,0.82354,1,0.073762,0.073762,0,0
0.72565,7.4335e+05,0.82229,1,0.073885,0.073885,0,0
0.72804,7.4221e+05,0.82103,1,0.074008,0.074008,0,0
0.73042,7.4108e+05,0.81978,1,0.074131,0.074131,0,0
0.73281,7.3994e+05,0.81852,1,0.074254,0.074254,0,0
0.73519,7.3881e+05,0.81726,1,0.074377,0.074377,0,0
0.73758,7.3766e+05,0.816,1,0.0745,0.0745,0,0
0.74,7.3648e+05,0.81469,1,0.074623,0.074623,0,0
0.74242,7.353e+05,0.81339,1,0.074746,0.074746,0,0
0.74483,7.3412e+05,0.81208,1,0.074869,0.074869,0,0
0.74725,7.3294e+05,0.81077,1,0.074992,0.074992,0,0
0.74967,7.3176e+05,0.80947,1,0.075115,0.075115,0,0
0.75208,7.3058e+05,0.80816,1,0.075237,0.075237,0,0
0.7545,7.2939e+05,0.80685,1,0.07536,0.07536,0,0
0.75692,7.2821e+05,0.80554,1,0.075483,0.075483,0,0
0.75938,7.2697e+05,0.80417,1,0.075606,0.075606,0,0
0.76183,7.2573e+05,0.8028,1,0.075729,0.075729,0,0
0.76429,7.245e+05,0.80143,1,0.075852,0.075852,0,0
0.76675,7.2326e+05,0.80006,1,0.075975,0.075975,0,0
0.76921,7.2202e+05,0.7987,1,0.076098,0.076098,0,0
0.77167,7.2078e+05,0.79733,1,0.076221,0.076221,0,0
0.77412,7.1955e+05,0.79596,1,0.076344,0.076344,0,0
0.77658,7.1831e+05,0.79459,1,0.076467,0.076467,0,0
0.77907,7.1702e+05,0.79316,1,0.07659,0.07659,0,0
0.78156,7.1573e+05,0.79174,1,0.076713,0.076713,0,0
0.78405,7.1445e+05,0.79032,1,0.076836,0.076836,0,0
0.78654,7.1316e+05,0.78889,1,0.076959,0.076959,0,0
0.78903,7.1187e+05,0.78747,1,0.077082,0.077082,0,0
0.79152,7.1058e+05,0.78604,1,0.077204,0.077204,0,0
0.79401,7.0929e+05,0.78462,1,0.077327,0.077327,0,0
0.79651,7.0801e+05,0.78319,1,0.07745,0.07745,0,0
0.79903,7.0667e+05,0.78172,1,0.077573,0.077573,0,0
0.80155,7.0533e+05,0.78024,1,0.077696,0.077696,0,0
0.80407,7.0399e+05,0.77876,1,0.077819,0.077819,0,0
0.80659,7.0266e+05,0.77727,1,0.077942,0.077942,0,0
0.80912,7.0132e+05,0.77579,1,0.078065,0.078065,0,0
0.81164,6.9998e+05,0.77431,1,0.078188,0.078188,0,0
0.81416,6.9864e+05,0.77283,1,0.078311,0.078311,0,0
0.81668,6.973e+05,0.77135,1,0.078434,0.078434,0,0
0.81923,6.9592e+05,0.76983,1,0.078557,0.078557,0,0
0.82179,6.9453e+05,0.76829,1,0.07868,0.07868,0,0
0.82435,6.9314e+05,0.76675,1,0.078803,0.078803,0,0
0.8269,6.9176e+05,0.76522,1,0.078926,0.078926,0,0
0.82946,6.9037e+05,0.76368,1,0.079048,0.079048,0,0
0.83201,6.8898e+05,0.76215,1,0.079171,0.079171,0,0
0.83457,6.8759e+05,0.76061,1,0.079294,0.079294,0,0
0.83713,6.862e+05,0.75907,1,0.079417,0.079417,0,0
0.8397,6.8478e+05,0.7575,1,0.07954,0.07954,0,0
0.84228,6.8334e+05,0.75591,1,0.079663,0.079663,0,0
0.84486,6.8191e+05,0.75432,1,0.079786,0.079786,0,0
0.84744,6.8047e+05,0.75274,1,0.079909,0.079909,0,0
0.85002,6.7904e+05,0.75115,1,0.080032,0.080032,0,0
0.8526,6.776e+05,0.74956,1,0.080155,0.080155,0,0
0.85518,6.7617e+05,0.74797,1,0.080278,0.080278,0,0
0.85776,6.7473e+05,0.74638,1,0.080401,0.080401,0,0
0.86037,6.7326e+05,0.74476,1,0.080524,0.080524,0,0
0.86298,6.7178e+05,0.74312,1,0.080647,0.080647,0,0
0.86559,6.7029e+05,0.74148,1,0.08077,0.08077,0,0
0.8682,6.6881e+05,0.73983,1,0.080893,0.080893,0,0
0.87081,6.6733e+05,0.73819,1,0.081015,0.081015,0,0
0.87343,6.6584e+05,0.73655,1,0.081138,0.081138,0,0
0.87604,6.6436e+05,0.73491,1,0.081261,0.081261,0,0
0.87865,6.6287e+05,0.73327,1,0.081384,0.081384,0,0
0.88128,6.6136e+05,0.7316,1,0.081507,0.081507,0,0
0.88391,6.5984e+05,0.72991,1,0.08163,0.08163,0,0
0.88654,6.5831e+05,0.72822,1,0.081753,0.081753,0,0
0.88917,6.5679e+05,0.72653,1,0.081876,0.081876,0,0
0.89181,6.5526e+05,0.72484,1,0.081999,0.081999,0,0
0.89444,6.5373e+05,0.72316,1,0.082122,0.082122,0,0
0.89707,6.5221e+05,0.72147,1,0.082245,0.082245,0,0
0.8997,6.5068e+05,0.71978,1,0.082368,0.082368,0,0
0.90235,6.4913e+05,0.71807,1,0.082491,0.082491,0,0
0.905,6.4757e+05,0.71633,1,0.082614,0.082614,0,0
0.90766,6.46e+05,0.7146,1,0.082737,0.082737,0,0
0.91032,6.4443e+05,0.71287,1,0.08286,0.08286,0,0
0.91297,6.4286e+05,0.71113,1,0.082982,0.082982,0,0
0.91563,6.413e+05,0.7094,1,0.083105,0.083105,0,0
0.91829,6.3973e+05,0.70766,1,0.083228,0.083228,0,0
0.92094,6.3816e+05,0.70593,1,0.083351,0.083351,0,0
0.92361,6.3658e+05,0.70418,1,0.083474,0.083474,0,0
0.92629,6.3497e+05,0.7024,1,0.083597,0.083597,0,0
0.92897,6.3336e+05,0.70062,1,0.08372,0.08372,0,0
0.93165,6.3175e+05,0.69884,1,0.083843,0.083843,0,0
0.93432,6.3015e+05,0.69706,1,0.083966,0.083966,0,0
0.937,6.2854e+05,0.69529,1,0.084089,0.084089,0,0
0.93968,6.2693e+05,0.69351,1,0.084212,0.084212,0,0
0.94236,6.2532e+05,0.69173,1,0.084335,0.084335,0,0
0.94504,6.2371e+05,0.68994,1,0.084458,0.084458,0,0
0.94774,6.2207e+05,0.68813,1,0.084581,0.084581,0,0
0.95044,6.2043e+05,0.68631,1,0.084704,0.084704,0,0
0.95313,6.1879e+05,0.6845,1,0.084827,0.084827,0,0
0.95583,6.1715e+05,0.68269,1,0.084949,0.084949,0,0
0.95852,6.1551e+05,0.68087,1,0.085072,0.085072,0,0
0.96122,6.1387e+05,0.67906,1,0.085195,0.085195,0,0
0.96391,6.1223e+05,0.67725,1,0.085318,0.085318,0,0
0.96661,6.1058e+05,0.67542,1,0.085441,0.085441,0,0
0.96933,6.0891e+05,0.67357,1,0.085564,0.085564,0,0
0.97205,6.0723e+05,0.67172,1,0.085687,0.085687,0,0
0.97477,6.0556e+05,0.66986,1,0.08581,0.08581,0,0
0.97749,6.0388e+05,0.66801,1,0.085933,0.085933,0,0
0.9802,6.022e+05,0.66615,1,0.086056,0.086056,0,0
0.98292,6.0053e+05,0.6643,1,0.086179,0.086179,0,0
0.98564,5.9885e+05,0.66245,1,0.086302,0.086302,0,0
0.98835,5.9717e+05,0.66059,1,0.086425,0.086425,0,0
0.99106,5.9549e+05,0.65873,1,0.086548,0.086548,0,0
0.99377,5.9381e+05,0.65687,1,0.086671,0.086671,0,0
0.99647,5.9212e+05,0.655,1,0.086794,0.086794,0,0
0.99918,5.9044e+05,0.65314,1,0.086916,0.086916,0,0
1.0019,5.8876e+05,0.65128,1,0.087039,0.087039,0,0
1.0046,5.8707e+05,0.64942,1,0.087162,0.087162,0,0
1.0073,5.8539e+05,0.64755,1,0.087285,0.087285,0,0
1.01,5.837e+05,0.64568,1,0.087408,0.087408,0,0
1.0128,5.8197e+05,0.64377,1,0.087531,0.087531,0,0
1.0155,5.8024e+05,0.64186,1,0.087654,0.087654,0,0
1.0182,5.7851e+05,0.63994,1,0.087777,0.087777,0,0
1.021,5.7678e+05,0.63803,1,0.0879,0.0879,0,0
1.0237,5.7505e+05,0.63612,1,0.088023,0.088023,0,0
1.0265,5.7332e+05,0.63421,1,0.088146,0.088146,0,0
1.0292,5.7159e+05,0.63229,1,0.088269,0.088269,0,0
1.032,5.6986e+05,0.63038,1,0.088392,0.088392,0,0
1.0347,5.6812e+05,0.62845,1,0.088515,0.088515,0,0
1.0375,5.6637e+05,0.62652,1,0.088638,0.088638,0,0
1.0402,5.6463e+05,0.62459,1,0.088761,0.088761,0,0
1.043,5.6288e+05,0.62266,1,0.088883,0.088883,0,0
1.0457,5.6114e+05,0.62073,1,0.089006,0.089006,0,0
1.0485,5.5939e+05,0.6188,1,0.089129,0.089129,0,0
1.0512,5.5765e+05,0.61687,1,0.089252,0.089252,0,0
1.054,5.5591e+05,0.61494,1,0.089375,0.089375,0,0
1.0567,5.5417e+05,0.61302,1,0.089498,0.089498,0,0
1.0594,5.5243e+05,0.61109,1,0.089621,0.089621,0,0
1.0622,5.5069e+05,0.60917,1,0.089744,0.089744,0,0
1.0649,5.4895e+05,0.60724,1,0.089867,0.089867,0,0
1.0676,5.4721e+05,0.60532,1,0.08999,0.08999,0,0
1.0704,5.4547e+05,0.6034,1,0.090113,0.090113,0,0
1.0731,5.4373e+05,0.60147,1,0.090236,0.090236,0,0
1.0758,5.4199e+05,0.59955,1,0.090359,0.090359,0,0
1.0786,5.4024e+05,0.59761,1,0.090482,0.090482,0,0
1.0813,5.3848e+05,0.59567,1,0.090605,0.090605,0,0
1.0841,5.3673e+05,0.59373,1,0.090728,0.090728,0,0
1.0868,5.3498e+05,0.59179,1,0.09085,0.09085,0,0
1.0896,5.3323e+05,0.58985,1,0.090973,0.090973,0,0
1.0923,5.3147e+05,0.58791,1,0.091096,0.091096,0,0
1.095,5.2972e+05,0.58597,1,0.091219,0.091219,0,0
1.0978,5.2796e+05,0.58403,1,0.091342,0.091342,0,0
1.1006,5.262e+05,0.58208,1,0.091465,0.091465,0,0
1.1033,5.2444e+05,0.58013,1,0.091588,0.091588,0,0
1.1061,5.2268e+05,0.57818,1,0.091711,0.091711,0,0
1.1088,5.2092e+05,0.57624,1,0.091834,0.091834,0,0
1.1116,5.1915e+05,0.57429,1,0.091957,0.091957,0,0
1.1143,5.1739e+05,0.57234,1,0.09208,0.09208,0,0
1.1171,5.1563e+05,0.57039,1,0.092203,0.092203,0,0
1.1199,5.1387e+05,0.56844,1,0.092326,0.092326,0,0
1.1226,5.121e+05,0.56648,1,0.092449,0.092449,0,0
1.1254,5.1032e+05,0.56452,1,0.092572,0.092572,0,0
1.1282,5.0855e+05,0.56255,1,0.092694,0.092694,0,0
1.1309,5.0678e+05,0.56059,1,0.092817,0.092817,0,0
1.1337,5.05e+05,0.55863,1,0.09294,0.09294,0,0
1.1365,5.0323e+05,0.55667,1,0.093063,0.093063,0,0
1.1392,5.0146e+05,0.55471,1,0.093186,0.093186,0,0
1.142,4.9968e+05,0.55275,1,0.093309,0.093309,0,0
1.1448,4.9792e+05,0.5508,1,0.093432,0.093432,0,0
1.1475,4.9617e+05,0.54886,1,0.093555,0.093555,0,0
1.1503,4.9441e+05,0.54691,1,0.093678,0.093678,0,0
1.153,4.9265e+05,0.54497,1,0.093801,0.093801,0,0
1.1558,4.9089e+05,0.54303,1,0.093924,0.093924,0,0
1.1585,4.8914e+05,0.54108,1,0.094047,0.094047,0,0
1.1613,4.8738e+05,0.53914,1,0.09417,0.09417,0,0
1.164,4.8562e+05,0.53719,1,0.094293,0.094293,0,0
1.1668,4.8388e+05,0.53526,1,0.094416,0.094416,0,0
1.1695,4.8213e+05,0.53333,1,0.094539,0.094539,0,0
1.1723,4.8038e+05,0.5314,1,0.094661,0.094661,0,0
1.175,4.7864e+05,0.52946,1,0.094784,0.094784,0,0
1.1778,4.7689e+05,0.52753,1,0.094907,0.094907,0,0
1.1805,4.7514e+05,0.5256,1,0.09503,0.09503,0,0
1.1833,4.734e+05,0.52367,1,0.095153,0.095153,0,0
1.186,4.7165e+05,0.52174,1,0.095276,0.095276,0,0
1.1887,4.6992e+05,0.51982,1,0.095399,0.095399,0,0
1.1915,4.6819e+05,0.51791,1,0.095522,0.095522,0,0
1.1942,4.6646e+05,0.516,1,0.095645,0.095645,0,0
1.1969,4.6474e+05,0.51409,1,0.095768,0.095768,0,0
1.1997,4.6301e+05,0.51218,1,0.095891,0.095891,0,0
1.2024,4.6128e+05,0.51027,1,0.096014,0.096014,0,0
1.2051,4.5955e+05,0.50836,1,0.096137,0.096137,0,0
1.2079,4.5783e+05,0.50644,1,0.09626,0.09626,0,0
1.2106,4.5612e+05,0.50455,1,0.096383,0.096383,0,0
1.2133,4.5441e+05,0.50267,1,0.096506,0.096506,0,0
1.216,4.527e+05,0.50078,1,0.096628,0.096628,0,0
1.2187,4.51e+05,0.49889,1,0.096751,0.096751,0,0
1.2215,4.4929e+05,0.497,1,0.096874,0.096874,0,0
1.2242,4.4758e+05,0.49511,1,0.096997,0.096997,0,0
1.2269,4.4587e+05,0.49322,1,0.09712,0.09712,0,0
1.2296,4.4417e+05,0.49134,1,0.097243,0.097243,0,0
1.2323,4.4248e+05,0.48946,1,0.097366,0.097366,0,0
1.235,4.4079e+05,0.4876,1,0.097489,0.097489,0,0
1.2378,4.391e+05,0.48573,1,0.097612,0.097612,0,0
1.2405,4.3741e+05,0.48386,1,0.097735,0.097735,0,0
1.2432,4.3572e+05,0.48199,1,0.097858,0.097858,0,0
1.2459,4.3403e+05,0.48012,1,0.097981,0.097981,0,0
1.2486,4.3234e+05,0.47825,1,0.098104,0.098104,0,0
1.2513,4.3065e+05,0.47638,1,0.098227,0.098227,0,0
1.2541,4.2897e+05,0.47452,1,0.09835,0.09835,0,0
1.2568,4.2729e+05,0.47267,1,0.098473,0.098473,0,0
1.2595,4.2562e+05,0.47082,1,0.098595,0.098595,0,0
1.2622,4.2394e+05,0.46896,1,0.098718,0.098718,0,0
1.2649,4.2227e+05,0.46711,1,0.098841,0.098841,0,0
1.2677,4.2059e+05,0.46525,1,0.098964,0.098964,0,0
1.2704,4.1891e+05,0.4634,1,0.099087,0.099087,0,0
1.2731,4.1724e+05,0.46155,1,0.09921,0.09921,0,0
1.2758,4.1558e+05,0.45971,1,0.099333,0.099333,0,0
1.2785,4.1393e+05,0.45788,1,0.099456,0.099456,0,0
1.2813,4.1227e+05,0.45605,1,0.099579,0.099579,0,0
1.284,4.1062e+05,0.45422,1,0.099702,0.099702,0,0
1.2867,4.0897e+05,0.4524,1,0.099825,0.099825,0,0
1.2894,4.0731e+05,0.45057,1,0.099948,0.099948,0,0
1.2921,4.0566e+05,0.44874,1,0.10007,0.10007,0,0
1.2948,4.0401e+05,0.44691,1,0.10019,0.10019,0,0
1.2975,4.0238e+05,0.44511,1,0.10032,0.10032,0,0
1.3002,4.0076e+05,0.44332,1,0.10044,0.10044,0,0
1.3029,3.9914e+05,0.44152,1,0.10056,0.10056,0,0
1.3056,3.9752e+05,0.43973,1,0.10069,0.10069,0,0
1.3083,3.959e+05,0.43794,1,0.10081,0.10081,0,0
1.311,3.9428e+05,0.43615,1,0.10093,0.10093,0,0
1.3137,3.9266e+05,0.43436,1,0.10105,0.10105,0,0
1.3164,3.9104e+05,0.43257,1,0.10118,0.10118,0,0
1.3191,3.8946e+05,0.43082,1,0.1013,0.1013,0,0
1.3217,3.879e+05,0.42909,1,0.10142,0.10142,0,0
1.3243,3.8633e+05,0.42736,1,0.10155,0.10155,0,0
1.327,3.8477e+05,0.42563,1,0.10167,0.10167,0,0
1.3296,3.8321e+05,0.4239,1,0.10179,0.10179,0,0
1.3323,3.8164e+05,0.42217,1,0.10191,0.10191,0,0
1.3349,3.8008e+05,0.42044,1,0.10204,0.10204,0,0
1.3375,3.7852e+05,0.41871,1,0.10216,0.10216,0,0
1.3402,3.7697e+05,0.41701,1,0.10228,0.10228,0,0
1.3428,3.7544e+05,0.41532,1,0.10241,0.10241,0,0
1.3454,3.7391e+05,0.41362,1,0.10253,0.10253,0,0
1.348,3.7238e+05,0.41193,1,0.10265,0.10265,0,0
1.3506,3.7085e+05,0.41024,1,0.10278,0.10278,0,0
1.3533,3.6932e+05,0.40854,1,0.1029,0.1029,0,0
1.3559,3.6779e+05,0.40685,1,0.10302,0.10302,0,0
1.3585,3.6626e+05,0.40516,1,0.10314,0.10314,0,0
1.3612,3.6475e+05,0.40348,1,0.10327,0.10327,0,0
1.3638,3.6324e+05,0.40181,1,0.10339,0.10339,0,0
1.3664,3.6173e+05,0.40014,1,0.10351,0.10351,0,0
1.3691,3.6022e+05,0.39847,1,0.10364,0.10364,0,0
1.3717,3.5871e+05,0.3968,1,0.10376,0.10376,0,0
1.3743,3.572e+05,0.39513,1,0.10388,0.10388,0,0
1.377,3.5569e+05,0.39346,1,0.104,0.104,0,0
1.3796,3.5418e+05,0.39179,1,0.10413,0.10413,0,0
1.3822,3.5268e+05,0.39013,1,0.10425,0.10425,0,0
1.3849,3.5118e+05,0.38848,1,0.10437,0.10437,0,0
1.3875,3.4969e+05,0.38682,1,0.1045,0.1045,0,0
1.3902,3.4819e+05,0.38517,1,0.10462,0.10462,0,0
1.3928,3.467e+05,0.38351,1,0.10474,0.10474,0,0
1.3955,3.452e+05,0.38186,1,0.10487,0.10487,0,0
1.3981,3.4371e+05,0.3802,1,0.10499,0.10499,0,0
1.4008,3.4221e+05,0.37855,1,0.10511,0.10511,0,0
1.4034,3.4071e+05,0.3769,1,0.10523,0.10523,0,0
1.4062,3.3922e+05,0.37524,1,0.10536,0.10536,0,0
1.4089,3.3772e+05,0.37359,1,0.10548,0.10548,0,0
1.4116,3.3623e+05,0.37194,1,0.1056,0.1056,0,0
1.4143,3.3473e+05,0.37028,1,0.10573,0.10573,0,0
1.417,3.3324e+05,0.36863,1,0.10585,0.10585,0,0
1.4197,3.3174e+05,0.36697,1,0.10597,0.10597,0,0
1.4224,3.3025e+05,0.36532,1,0.10609,0.10609,0,0
1.4251,3.2877e+05,0.36369,1,0.10622,0.10622,0,0
1.4279,3.2732e+05,0.36208,1,0.10634,0.10634,0,0
1.4306,3.2586e+05,0.36046,1,0.10646,0.10646,0,0
1.4333,3.244e+05,0.35885,1,0.10659,0.10659,0,0
1.436,3.2294e+05,0.35723,1,0.10671,0.10671,0,0
1.4387,3.2148e+05,0.35562,1,0.10683,0.10683,0,0
1.4414,3.2002e+05,0.35401,1,0.10696,0.10696,0,0
1.4441,3.1856e+05,0.35239,1,0.10708,0.10708,0,0
1.4467,3.1718e+05,0.35086,1,0.1072,0.1072,0,0
1.4492,3.1587e+05,0.34941,1,0.10732,0.10732,0,0
1.4517,3.1456e+05,0.34796,1,0.10745,0.10745,0,0
1.4542,3.1325e+05,0.34651,1,0.10757,0.10757,0,0
1.4566,3.1194e+05,0.34506,1,0.10769,0.10769,0,0
1.4591,3.1063e+05,0.34361,1,0.10782,0.10782,0,0
1.4616,3.0931e+05,0.34216,1,0.10794,0.10794,0,0
1.4641,3.08e+05,0.34071,1,0.10806,0.10806,0,0
1.4664,3.068e+05,0.33938,1,0.10818,0.10818,0,0
1.4685,3.0571e+05,0.33818,1,0.10831,0.10831,0,0
1.4706,3.0463e+05,0.33698,1,0.10843,0.10843,0,0
1.4728,3.0354e+05,0.33577,1,0.10855,0.10855,0,0
1.4749,3.0245e+05,0.33457,1,0.10868,0.10868,0,0
1.477,3.0137e+05,0.33337,1,0.1088,0.1088,0,0
1.4791,3.0028e+05,0.33217,1,0.10892,0.10892,0,0
1.4812,2.9919e+05,0.33096,1,0.10905,0.10905,0,0
1.4831,2.9823e+05,0.3299,1,0.10917,0.10917,0,0
1.4848,2.9741e+05,0.329,1,0.10929,0.10929,0,0
1.4864,2.966e+05,0.32809,1,0.10941,0.10941,0,0
1.488,2.9578e+05,0.32719,1,0.10954,0.10954,0,0
1.4897,2.9497e+05,0.32629,1,0.10966,0.10966,0,0
1.4913,2.9415e+05,0.32539,1,0.10978,0.10978,0,0
1.4929,2.9334e+05,0.32449,1,0.10991,0.10991,0,0
1.4945,2.9252e+05,0.32359,1,0.11003,0.11003,0,0
1.496,2.9182e+05,0.32281,1,0.11015,0.11015,0,0
1.4971,2.9127e+05,0.3222,1,0.11027,0.11027,0,0
1.4982,2.9072e+05,0.32159,1,0.1104,0.1104,0,0
1.4993,2.9017e+05,0.32098,1,0.11052,0.11052,0,0
1.5005,2.8962e+05,0.32038,1,0.11064,0.11064,0,0
1.5016,2.8907e+05,0.31977,1,0.11077,0.11077,0,0
1.5027,2.8852e+05,0.31916,1,0.11089,0.11089,0,0
1.5039,2.8797e+05,0.31855,1,0.11101,0.11101,0,0
1.5048,2.8751e+05,0.31804,1,0.11114,0.11114,0,0
1.5055,2.8717e+05,0.31767,1,0.11126,0.11126,0,0
1.5061,2.8684e+05,0.3173,1,0.11138,0.11138,0,0
1.5068,2.865e+05,0.31692,1,0.1115,0.1115,0,0
1.5074,2.8616e+05,0.31655,1,0.11163,0.11163,0,0
1.508,2.8583e+05,0.31618,1,0.11175,0.11175,0,0
1.5087,2.8549e+05,0.31581,1,0.11187,0.11187,0,0
1.5093,2.8516e+05,0.31544,1,0.112,0.112,0,0
1.5099,2.849e+05,0.31515,1,0.11212,0.11212,0,0
1.5102,2.8476e+05,0.315,1,0.11224,0.11224,0,0
1.5105,2.8463e+05,0.31486,1,0.11236,0.11236,0,0
1.5108,2.845e+05,0.31472,1,0.11249,0.11249,0,0
1.5111,2.8437e+05,0.31457,1,0.11261,0.11261,0,0
1.5114,2.8424e+05,0.31443,1,0.11273,0.11273,0,0
1.5117,2.8411e+05,0.31428,1,0.11286,0.11286,0,0
1.512,2.8398e+05,0.31414,1,0.11298,0.11298,0,0
1.5122,2.839e+05,0.31405,1,0.1131,0.1131,0,0
1.5121,2.8392e+05,0.31407,1,0.11322,0.11322,0,0
1.5121,2.8393e+05,0.31408,1,0.11335,0.11335,0,0
1.5121,2.8395e+05,0.3141,1,0.11347,0.11347,0,0
1.512,2.8397e+05,0.31412,1,0.11359,0.11359,0,0
1.512,2.8398e+05,0.31414,1,0.11372,0.11372,0,0
1.512,2.84e+05,0.31416,1,0.11384,0.11384,0,0
1.512,2.8402e+05,0.31418,1,0.11396,0.11396,0,0
1.5119,2.8405e+05,0.31422,1,0.11409,0.11409,0,0
1.5117,2.8412e+05,0.3143,1,0.11421,0.11421,0,0
1.5115,2.8419e+05,0.31437,1,0.11433,0.11433,0,0
1.5114,2.8426e+05,0.31445,1,0.11445,0.11445,0,0
1.5112,2.8433e+05,0.31453,1,0.11458,0.11458,0,0
1.511,2.8441e+05,0.31461,1,0.1147,0.1147,0,0
1.5108,2.8448e+05,0.31469,1,0.11482,0.11482,0,0
1.5106,2.8455e+05,0.31476,1,0.11495,0.11495,0,0
1.5105,2.8462e+05,0.31484,1,0.11507,0.11507,0,0
1.5103,2.8468e+05,0.31491,1,0.11519,0.11519,0,0
1.5102,2.8474e+05,0.31498,1,0.11531,0.11531,0,0
1.5101,2.848e+05,0.31504,1,0.11544,0.11544,0,0
1.5099,2.8486e+05,0.31511,1,0.11556,0.11556,0,0
1.5098,2.8492e+05,0.31518,1,0.11568,0.11568,0,0
1.5097,2.8499e+05,0.31525,1,0.11581,0.11581,0,0
1.5095,2.8505e+05,0.31532,1,0.11593,0.11593,0,0
1.5094,2.851e+05,0.31538,1,0.11605,0.11605,0,0
1.5094,2.8513e+05,0.31541,1,0.11618,0.11618,0,0
1.5093,2.8516e+05,0.31545,1,0.1163,0.1163,0,0
1.5093,2.852e+05,0.31548,1,0.11642,0.11642,0,0
1.5092,2.8523e+05,0.31552,1,0.11654,0.11654,0,0
1.5092,2.8526e+05,0.31555,1,0.11667,0.11667,0,0
1.5091,2.8529e+05,0.31559,1,0.11679,0.11679,0,0
1.5091,2.8532e+05,0.31562,1,0.11691,0.11691,0,0
1.509,2.8535e+05,0.31565,1,0.11704,0.11704,0,0
1.509,2.8536e+05,0.31566,1,0.11716,0.11716,0,0
1.5089,2.8536e+05,0.31567,1,0.11728,0.11728,0,0
1.5089,2.8537e+05,0.31568,1,0.1174,0.1174,0,0
1.5088,2.8538e+05,0.31569,1,0.11753,0.11753,0,0
1.5088,2.8539e+05,0.3157,1,0.11765,0.11765,0,0
1.5087,2.854e+05,0.3157,1,0.11777,0.11777,0,0
1.5087,2.8541e+05,0.31571,1,0.1179,0.1179,0,0
1.5087,2.8541e+05,0.31572,1,0.11802,0.11802,0,0
1.5086,2.8541e+05,0.31572,1,0.11814,0.11814,0,0
1.5086,2.8541e+05,0.31572,1,0.11827,0.11827,0,0
1.5086,2.8541e+05,0.31572,1,0.11839,0.11839,0,0
1.5086,2.854e+05,0.31571,1,0.11851,0.11851,0,0
1.5086,2.854e+05,0.31571,1,0.11863,0.11863,0,0
1.5085,2.854e+05,0.31571,1,0.11876,0.11876,0,0
1.5085,2.854e+05,0.31571,1,0.11888,0.11888,0,0
1.5085,2.854e+05,0.31571,1,0.119,0.119,0,0
1.5085,2.854e+05,0.31571,1,0.11913,0.11913,0,0
1.5085,2.8541e+05,0.31572,1,0.11925,0.11925,0,0
1.5085,2.8541e+05,0.31572,1,0.11937,0.11937,0,0
1.5084,2.8542e+05,0.31572,1,0.11949,0.11949,0,0
1.5084,2.8542e+05,0.31573,1,0.11962,0.11962,0,0
1.5084,2.8542e+05,0.31573,1,0.11974,0.11974,0,0
1.5084,2.8543e+05,0.31574,1,0.11986,0.11986,0,0
1.5084,2.8543e+05,0.31574,1,0.11999,0.11999,0,0
1.5084,2.8544e+05,0.31575,1,0.12011,0.12011,0,0
1.5084,2.8545e+05,0.31576,1,0.12023,0.12023,0,0
1.5084,2.8546e+05,0.31577,1,0.12036,0.12036,0,0
1.5083,2.8547e+05,0.31578,1,0.12048,0.12048,0,0
1.5083,2.8547e+05,0.31579,1,0.1206,0.1206,0,0
1.5083,2.8548e+05,0.3158,1,0.12072,0.12072,0,0
1.5083,2.8549e+05,0.31581,1,0.12085,0.12085,0,0
1.5083,2.855e+05,0.31582,1,0.12097,0.12097,0,0
1.5082,2.8551e+05,0.31583,1,0.12109,0.12109,0,0
1.5082,2.8552e+05,0.31584,1,0.12122,0.12122,0,0
1.5082,2.8554e+05,0.31586,1,0.12134,0.12134,0,0
1.5082,2.8555e+05,0.31587,1,0.12146,0.12146,0,0
1.5082,2.8556e+05,0.31588,1,0.12158,0.12158,0,0
1.5081,2.8557e+05,0.3159,1,0.12171,0.12171,0,0
1.5081,2.8558e+05,0.31591,1,0.12183,0.12183,0,0
1.5081,2.8559e+05,0.31592,1,0.12195,0.12195,0,0
1.5081,2.8561e+05,0.31594,1,0.12208,0.12208,0,0
1.508,2.8562e+05,0.31595,1,0.1222,0.1222,0,0
1.508,2.8563e+05,0.31596,1,0.12232,0.12232,0,0
1.508,2.8564e+05,0.31598,1,0.12245,0.12245,0,0
1.5079,2.8566e+05,0.31599,1,0.12257,0.12257,0,0
1.5079,2.8567e+05,0.31601,1,0.12269,0.12269,0,0
1.5079,2.8568e+05,0.31602,1,0.12281,0.12281,0,0
1.5078,2.857e+05,0.31603,1,0.12294,0.12294,0,0
